row_index,text,entity,role,ID
0,perpanjangan kontrak freeport memperkuat posisi korporasi phk buruh diselesaikan menjadikannya warisan konflik amplifier pelanggaran ham negara dikritik buruh diabaikanburuhfreeport phk2017 solidaritas suarapekerja rizalramli,freeport,ORG,1
0,perpanjangan kontrak freeport memperkuat posisi korporasi phk buruh diselesaikan menjadikannya warisan konflik amplifier pelanggaran ham negara dikritik buruh diabaikanburuhfreeport phk2017 solidaritas suarapekerja rizalramli,rizalramli,PER,1
3,istana salah data penerima penghargaan negara gombloh pencipta lagu bengawan solo ralat gombloh kebyar kebyar,gombloh,PER,4
5,prabowo persimpangan pemimpin perpanjangan tangan reformasidikorupsi antikorupsi,prabowo,PER,6
6,september kendari sulawesi tenggara demo reformasidikorupsi mahasiswa meninggal immawan randi amplifier yusuf kardawi akibat peluru tajamluka kepala polisi diperiksa sumber jakarta hang out,immawan randi amplifier yusuf kardawi,PER,7
7,bosque merinding reformasidikorupsi,bosque,PER,8
14,reformasidikorupsi kasusnya perselisihan hasil pemilu omnibus law,reformasi,PER,15
18,otak hati nurani dul bikin kesalahan langsung tanggung suka rela mundur reformasidikorupsi adem ayem baby orang,dul,PER,19
19,demo reformasidikorupsi izin orang tua berangkat kampus lely hilda ibuku ngancam duluan biar diam diam ikutan demo sejujurnya hati kecilku ikutan guilty simpan quiet nothing,lely hilda,PER,20
26,temenku wercok demo reformasidikorupsi ngetweet narasi giliran apaapa tolong very so lumayan cerdas hey you sayang juara kelas masuk wercok ngubah isi otaknya,very,PER,29
27,pasca reformasi gelombang demonstrasi senantiasa berujung klise reformasidikorupsi mositidakpercaya tolakomnibuslaw ruukhup semuabisakena kemarin indonesiagelap anyone but manchester united anyone but manchester united kebijakan kontroversial hasilnya disahkan,manchester united,ORG,30
27,pasca reformasi gelombang demonstrasi senantiasa berujung klise reformasidikorupsi mositidakpercaya tolakomnibuslaw ruukhup semuabisakena kemarin indonesiagelap anyone but manchester united anyone but manchester united kebijakan kontroversial hasilnya disahkan,manchester united,ORG,30
29,luthfi anak short term memory fotonya viral pegang bendera aksi reformasidikorupsi ditahan melawan polisi demo tolong kakak menjaga ibuknya pantau ibunya ditemenin kemanamana khawatir,luthfi,PER,32
31,pecat menteri dpr polisi butatuli penuhi tuntutan rakyat indonesiagelap peringatandarurat reformasidikorupsi,polisi butatuli,PER,34
35,demo gabungan polisi tni serang unisba unpas malam reformasipolri provokator,unisba unpas,ORG,38
36,ferry irwandi diteror akibat buka jaringan provokator demo gagalkan darurat militer provokator copotkapolrilistyosigit reformasipolri dprbebannegara,ferry irwandi,PER,39
37,kompol kosmas dipecat lindas ojol demo ricuh pemecatan buntut tewasnya pengemudi ojol mencerminkan ketegasan polri penegakan etik evaluasi prosedur pengamanan aksi reformasipolri,kompol kosmas,PER,40
37,kompol kosmas dipecat lindas ojol demo ricuh pemecatan buntut tewasnya pengemudi ojol mencerminkan ketegasan polri penegakan etik evaluasi prosedur pengamanan aksi reformasipolri,lindas ojol,PER,40
37,kompol kosmas dipecat lindas ojol demo ricuh pemecatan buntut tewasnya pengemudi ojol mencerminkan ketegasan polri penegakan etik evaluasi prosedur pengamanan aksi reformasipolri,ojol,PER,40
38,iko juliant dibunuh polisi acab resetindonesia reformasipolri,iko juliant,PER,41
39,yasudah biar kompak resetindonesia perampasanaset reformasipolri dukung reset ind man ogi ganti profil pinky,yasudah,PER,42
39,yasudah biar kompak resetindonesia perampasanaset reformasipolri dukung reset ind man ogi ganti profil pinky,pinky,PER,42
41,reformasi kepolisian republik indonesia reformasipolri polri kepolisian polisi kapolri listyosigitprabowo perspektif radhartribaskoro,kapolri listyosigitprabowo,PER,44
41,reformasi kepolisian republik indonesia reformasipolri polri kepolisian polisi kapolri listyosigitprabowo perspektif radhartribaskoro,radhartribaskoro,PER,44
45,wadas video kejadian amplifier artikel beritanya utasan linknya reformasipolri,wad,PER,48
49,maripahami impunitas melanggengkan penyiksaan kekerasan polisi impunitas upaya reformasi polri berbasis ham melanggengkan praktik penyiksaan kekerasan penggunaan kekuatan berlebih kepolisian reformasipolri,maripahami,PER,52
53,kaum perusuh pembakar amplifier penjarah digerakan lemparkan molotov disiapkan kabur hilang mahswa buruh pendemo reformasipolri reformasipolisi adilijokowiamannegeri,adilijokowiamannegeri,PER,56
56,nyawa berkorban kekhilafan aparatmu mbah wo affan dilindas rheza dipukul andika ditendang iko menyusul selamat jalan teman reformasipolri,mbah wo affan,PER,59
56,nyawa berkorban kekhilafan aparatmu mbah wo affan dilindas rheza dipukul andika ditendang iko menyusul selamat jalan teman reformasipolri,rheza,PER,59
56,nyawa berkorban kekhilafan aparatmu mbah wo affan dilindas rheza dipukul andika ditendang iko menyusul selamat jalan teman reformasipolri,andika,PER,59
56,nyawa berkorban kekhilafan aparatmu mbah wo affan dilindas rheza dipukul andika ditendang iko menyusul selamat jalan teman reformasipolri,iko,PER,59
57,afan kurniawan simbol rakyat tertindas sistem pemerintah abai krisis berubah kerusuhan saksikan analisis lengkap video reformasipolri suararakyat anakbangsa,afan kurniawan,PER,60
58,menduga sabotase diamdiam orang prabowo krisis beras pajak mencekik afan berpotensi melemahkan pemerintahannya politikindonesia reformasipolri,prabowo,PER,61
58,menduga sabotase diamdiam orang prabowo krisis beras pajak mencekik afan berpotensi melemahkan pemerintahannya politikindonesia reformasipolri,afan,PER,61
59,demo amplifier agustus memuncak rakyat marah krisis ekonomi pajak amplifier kelangkaan beras kematian afan kurniawan driver ojol titik application programming interface menyulut emosi kolektif reformasipolri afankurniawan,afan kurniawan,PER,62
59,demo amplifier agustus memuncak rakyat marah krisis ekonomi pajak amplifier kelangkaan beras kematian afan kurniawan driver ojol titik application programming interface menyulut emosi kolektif reformasipolri afankurniawan,afankurniawan,PER,62
60,afan kurniawan korban simbol kemarahan rakyat polisi arogan diusut polri wajib direformasi prabowo berani bersihbersih sabotase melemahkan pemerintahannya reformasipolri krisisindonesia suararakyat,afan kurniawan,PER,63
60,afan kurniawan korban simbol kemarahan rakyat polisi arogan diusut polri wajib direformasi prabowo berani bersihbersih sabotase melemahkan pemerintahannya reformasipolri krisisindonesia suararakyat,prabowo,PER,63
61,krisis beras pajak rakyat marah kematian afan kurniawan titik application programming interface dpr amplifier pejabat arogan polri wajib dirombak intelijen provokator indonesia butuh ketegasan amplifier empati keadilanuntukrakyat reformasipolri anakbangsa,afan kurniawan,PER,64
62,demo rakyat memuncak pasca kematian afan kurniawan publik menuntut reformasi polri total janji prabowo berani rotasi besarbesaran potensi kerusuhan reformasipolri demoindonesia afankurniawan,afan kurniawan,PER,65
62,demo rakyat memuncak pasca kematian afan kurniawan publik menuntut reformasi polri total janji prabowo berani rotasi besarbesaran potensi kerusuhan reformasipolri demoindonesia afankurniawan,prabowo,PER,65
62,demo rakyat memuncak pasca kematian afan kurniawan publik menuntut reformasi polri total janji prabowo berani rotasi besarbesaran potensi kerusuhan reformasipolri demoindonesia afankurniawan,afankurniawan,PER,65
74,primawan dwiki catat nama mukamu acab reformasipolri,primawan dwiki,PER,78
77,forum advokasi ugm berdiri keluarga korban paralytic burug ditindas rakyat suaranya dibungkam bersuara diam bersekutu penindasan justiceforaffan hentikanrepresifitasnegara reformasipolri,forum advokasi ugm,ORG,81
85,perang rakyat hasrat reformasipolri indonesiareset wargajagawarga acab,acab,PER,89
87,gila segininya melawan rakyat reformasi polisi perubahan pemahaman publik layan security force reformasipolri defundthepolice defundpolri,security force reformasipolri defundthepolice defundpolri,ORG,91
90,waspada temanteman stop it prabowo sigit berani mengeluarkan perintah tembak massa aksi tinggal something or someone good cah reformasipolri polisipembunuhrakyat dprri,prabowo sigit,PER,94
105,rakyat berjuang direpresi anggota dpr bikin ulah kabur negeri bangsat bajingan bubarkandprri bubarkandpr reformasipolri turunkanprabowogibran,##abowogibran,PER,109
107,prabowo dpr wujudkan kedamaian amplifier kesejahteraan rakyat tuntaskan tuntutan mahasiswa organisasi perintahkan kapolri tangkap ahmad sahroni indonesiagelap reformasipolri tindaktegas,prabowo dpr,PER,111
107,prabowo dpr wujudkan kedamaian amplifier kesejahteraan rakyat tuntaskan tuntutan mahasiswa organisasi perintahkan kapolri tangkap ahmad sahroni indonesiagelap reformasipolri tindaktegas,ahmad sahroni,PER,111
129,demo bubarkandpr reformasipolri adilijokowi gulingkanoligarki turunkanprabowogibran indonesiagalap panggilandarurat,adilijokowi,PER,134
134,antipolisi polisi profesional dihormati melindungi rakyat ditakuti kebal hukum keadilan affan ujian negara hukum aparat tunduk hukum hukum tunduk aparat keadilanuntukaffan reformasipolri,affan,PER,139
140,mobil hasil uang rakyat membunuh rakyat justiceforaffan reformasipolri,justiceforaffan,PER,145
150,pembunuh pamtas diteriaki pembunuh reformasipolri resetindonesia,pamtas,PER,158
154,anggota brimob ditahan rantis melindas driver ojol affan kurniawan publik menuntut sidang etik cepat amplifier ptdh kepercayaan polri dipertaruhkan institusi buktikan keberpihakan keadilan affankurniawan brimob reformasipolri keadilanuntukaffan,affan kurniawan,PER,162
154,anggota brimob ditahan rantis melindas driver ojol affan kurniawan publik menuntut sidang etik cepat amplifier ptdh kepercayaan polri dipertaruhkan institusi buktikan keberpihakan keadilan affankurniawan brimob reformasipolri keadilanuntukaffan,affankurniawan,PER,162
154,anggota brimob ditahan rantis melindas driver ojol affan kurniawan publik menuntut sidang etik cepat amplifier ptdh kepercayaan polri dipertaruhkan institusi buktikan keberpihakan keadilan affankurniawan brimob reformasipolri keadilanuntukaffan,##affan,PER,162
155,brutalitas polisi menghadapi aksi demonstran menewaskan affan kurniawan diusut tuntas kekerasan aparat warga polisipembunuhrakyat hentikanbrutalitasaparat reformasipolri cwi,affan kurniawan,PER,163
163,hangeul beda konteks reformasipolri indonesiagelap reformasidpr ripdemocracy,hangeul,PER,172
186,kesal lihat kondisi negara aksi tanggal bantu dead on arrival woro woro rakyat berjuang menuntut hugs and kisses negara korban pelakunya perpanjangan tangan negara acab reformasipolri,woro woro,PER,196
190,ojol gugur dilindas ban aparat nyawa angka tragedi insiden reformasipolri,ojol,PER,200
195,baca laporan pengendalian terkendali selengkapnya website kontras reformasipolri,kontras reformasipolri,ORG,205
204,rocky gerung bilang reshuffle bahaya bowo kestabilan negara polisipembunuh resetindonesia,rocky gerung,PER,214
211,hasil pengeluaran brunei rabu result selamat pemenang siapwd resetindonesia bbcprovokator pondphuwinfancon,resetindonesia,ORG,221
221,ibuprofen teddy boti membesarkan mulyono lupa gunanya mengidolakan polisipembunuh resetindonesia,teddy boti,PER,232
221,ibuprofen teddy boti membesarkan mulyono lupa gunanya mengidolakan polisipembunuh resetindonesia,mulyono,PER,232
222,laugh move siapsiap kalah ferry irwandi polisipembunuh resetindonesia dprbebannegara,ferry irwandi,PER,233
224,hasil pengeluaran singapore rabu result selamat pemenang siapwd resetindonesia bbcprovokator pondphuwinfancon,resetindonesia,ORG,235
232,siber dipimpin boomer onno purbo percaya polisipembunuh resetindonesia,boomer onno purbo,PER,243
238,ancaman judol diurus nirnorma niretika nirkompeten ditambah takut youtuber mending urus public key infrastructure mulyono susupan cina koruptor sedunia polisipembunuh resetindonesia dprbebannegara,judol,PER,249
238,ancaman judol diurus nirnorma niretika nirkompeten ditambah takut youtuber mending urus public key infrastructure mulyono susupan cina koruptor sedunia polisipembunuh resetindonesia dprbebannegara,nirnorma niretika nirkompeten,PER,249
239,kasih inspirasi desain nailart menggaruk muka pemerintah kuku slay pakee terinspirasi muah anjing pemerintah kelakuannya huft resetindonesia,nailart,PER,250
240,hasil pengeluaran toto macau sore rabu result selamat pemenang siapwd resetindonesia bbcprovokator pondphuwinfancon,toto macau,ORG,251
246,beli a lot of jokowis white money polisipembunuh resetindonesia,jokowi,PER,257
249,netanyahu united komisaris tambang raja ampat polisipembunuh resetindonesia,netanyahu united,PER,260
253,asbabunnuzul wastafel tendangan meja bundar aceh resetindonesia,asbabunnuzul,PER,264
255,dunia bersuara jakarta dunia muncul resetindonesia ytta paham sesuai agenda2030 with effect from greatreset influencer disebar acting dimainkan pro rakyat dimunculkan hero issue asing memecah scripted,ytta,PER,266
267,hasil pengeluaran toto cambodia rabu result selamat pemenang siapwd resetindonesia bbcprovokator pondphuwinfancon,toto cambodia,ORG,278
267,hasil pengeluaran toto cambodia rabu result selamat pemenang siapwd resetindonesia bbcprovokator pondphuwinfancon,resetindonesia,ORG,278
278,mute tekarok teman musuh terbesar kiss partai socmed mute lihat ramai polisipembunuh dprbebannegara resetindonesia,mute,PER,290
278,mute tekarok teman musuh terbesar kiss partai socmed mute lihat ramai polisipembunuh dprbebannegara resetindonesia,mute,PER,290
279,phantasy tour about to throw up nikel beroperasi news resetindonesia,news resetindonesia,ORG,291
281,menyangka sedalam tni parcok cabang idf indonesia resetindonesia polisipembunuh,parcok cabang idf indonesia resetindonesia polisi,ORG,293
288,keponakan luhut menyerang sisi berani nyinggu geng solo berkalikali percaya polisipembunuh resetindonesia,luhut,PER,301
294,bantu personal signature akun kelock anjing mencari bahan esai resetindonesia kampret telegrahic transfer,kelock,PER,308
307,pra pesan resetindonesia ekspedisi karya yusuf priambodo tanggal sept harga khusus pemesanan via pesan langsung commanding officer shopee mumpung voucher,yusuf priambodo,PER,322
308,pra pesan resetindonesia karya yusuf priambodo tanggal sept harga khusus pemesanan via pesan langsung commanding officer shopee mumpung voucher,yusuf priambodo,PER,323
315,usut negara krisis kemanusiaan ekonomi anggap remeh resetindonesia noviralnojustice,noviralnojustice,PER,330
319,resetindonesia maksudnya uud amandemen prabowo,prabowo,PER,334
324,duet maut mulyono ngutangkhamun polisipembunuh resetindonesia,mulyono,PER,340
329,prabowo membuktikan prinsip dasar law attraction attract resetindonesia,prabowo,PER,345
335,ternaknya timothy ronald polisipembunuh resetindonesia belajar crypto orang,timothy ronald polisi,PER,351
347,hasil pengeluaran toto cambodia selasa result selamat pemenang siapwd resetindonesia bbcprovokator pondphuwinfancon,toto cambodia,ORG,366
351,buka rekening bisnis singapura ribet proses daring selesai diskon aman cepat resmi bisnisindonesia resetindonesia startupid umkm ekspor investasi singaporebusiness,bisnisindonesia resetindonesia,ORG,370
352,andre gaktaudiri buzzer pemerintah never forget polisimembunuh resetindonesia,andre gaktau,PER,371
353,lisa ikutan tuntutan hijau pink resetindonesia,lisa,PER,372
356,menkeu buruk sri mulyani srimulyono10th resetindonesia,sri mulyani srimulyono10,PER,375
357,menkeu pecat sri mulyani sayang mrpresident kanan cek komennya affan kurniawan kiri buruk cek komennya negara mendengar rakyatnya resetindonesia indonesia sinner,sri mulyani,PER,377
357,menkeu pecat sri mulyani sayang mrpresident kanan cek komennya affan kurniawan kiri buruk cek komennya negara mendengar rakyatnya resetindonesia indonesia sinner,affan kurniawan,PER,377
361,netanyahu united liberal oportunis penjilat kekuasaan polisipembunuh resetindonesia dprbebannegara,netanyahu,PER,381
366,threads feed anak menteri keuangan menggantikan smi absurd dibanding stories instagram kehapus anak menkeu pro resetindonesia amplifier percaya black swan theory marah agustus brimob melindas gojek affan kurniawan,smi,PER,388
366,threads feed anak menteri keuangan menggantikan smi absurd dibanding stories instagram kehapus anak menkeu pro resetindonesia amplifier percaya black swan theory marah agustus brimob melindas gojek affan kurniawan,gojek,PER,388
366,threads feed anak menteri keuangan menggantikan smi absurd dibanding stories instagram kehapus anak menkeu pro resetindonesia amplifier percaya black swan theory marah agustus brimob melindas gojek affan kurniawan,affan kurniawan,PER,388
370,bijimana polapola otoritarian soeharto dihidupkan dibawa negara resetindonesia,soeharto,PER,392
372,respon hug paralytic pengelola administrator on forum network etc akun andaanda resetindonesia,hug paralytic,PER,394
379,reshuffle pergantian pemain resetindonesia,resetindonesia,ORG,403
380,negara karam orang pintar terpakai negeri penjilat kongkalikong penguasalah berjaya dinegeri resetindonesia dprmanafungsikontrolmu indonesiagelap indonesiagelap resuflekabinet,resuflekabinet,ORG,404
386,kakak lipa mendukung gerakan resetindonesia,lipa,PER,412
387,hasil pengeluaran singapore senin result selamat pemenang siapwd resetindonesia bbcprovokator pondphuwinfanco,resetindonesia bbcprovokator,ORG,413
387,hasil pengeluaran singapore senin result selamat pemenang siapwd resetindonesia bbcprovokator pondphuwinfanco,pondphuwinfanco,PER,413
389,prapesan patjarboekoe memesan resetindonesia toko a lot of indi kesayangan patjarmin mutakhirkan daftar toko bukunya,patjarboekoe,PER,416
389,prapesan patjarboekoe memesan resetindonesia toko a lot of indi kesayangan patjarmin mutakhirkan daftar toko bukunya,patjarmin,PER,416
390,hey you demo teman biar diganti bukti demo kemarin tersangkanya nadiem polisipembunuhrakyat resetindonesia dprbebannegara,nadiem polisi,PER,417
396,reshuffle kabinet jatuh senin neptu sifat neptu titisan darah biru hatihati suka kemewahan makna reshuffle pesan tersirat prabowo mboh resident advisor negarane tep bajingan resetindonesia,prabowo,PER,423
396,reshuffle kabinet jatuh senin neptu sifat neptu titisan darah biru hatihati suka kemewahan makna reshuffle pesan tersirat prabowo mboh resident advisor negarane tep bajingan resetindonesia,##etindonesia,ORG,423
403,sekolah blanked bersih selamatkan anak bangsa rakyat bersuara wakil rakyat mendengar grup kajian imgitb titikikat resetindonesia,grup kajian imgitb titikikat resetindonesia,ORG,430
404,yasudah turunin syarat pelamar kerja administrator on forum network etc s1 m3mbat4s1 hugs and kisses warg4 negar4 resetindonesia,yasudah,PER,431
407,hasil pengeluaran sydney lotto senin result selamat pemenang siapwd resetindonesia bbcprovokator pondphuwinfanco,pondphuwinfanco,PER,434
409,hasil pengeluaran bullseye senin result selamat pemenang siapwd resetindonesia bbcprovokator pondphuwinfancon,resetindonesia,ORG,436
412,cantiknya arah demo dibelokkan degradasi prabroro usaha menempelkan citra pelanggar ham jualan wakilnya foto bareng ojol sembako gabung siskamling dsb framing resetindonesia,prabroro,PER,440
425,setuju pendapat kakak bivitri tuntutan ribut fokus inti save energy tujuan resetindonesia,bivitri,PER,453
428,information pre order a lot of a lot of reset indonesia karya farid gaban dandhy laksono yusuf priambodo benaya harobu kesaksian generasi jurnalis perjalanan berkeliling indonesia resetindonesia,farid gaban,PER,457
428,information pre order a lot of a lot of reset indonesia karya farid gaban dandhy laksono yusuf priambodo benaya harobu kesaksian generasi jurnalis perjalanan berkeliling indonesia resetindonesia,dandhy laksono yusuf priambodo,PER,457
428,information pre order a lot of a lot of reset indonesia karya farid gaban dandhy laksono yusuf priambodo benaya harobu kesaksian generasi jurnalis perjalanan berkeliling indonesia resetindonesia,benaya harobu,PER,457
434,ngapainsi honor kali peningkatan fungsi resetindonesia,resetindonesia,ORG,463
442,laporan tempo dalang kerusuhan demo resetindonesia,tempo,ORG,471
446,obat ketakutan mujarab melawan munir said thalib resetindonesia septemberhitam,munir said thalib,PER,476
450,bilang working at home protesnya diemdiem klean perang istilahnya perang dingin pertempuran menimbulkan luka teman isi ulang sorry if already posted resetindonesia resetindonesia,resetindonesia resetindonesia,ORG,480
457,salma salsabil kemarin panggung pestapora bersuara perlawanan umur perlawanan resetindonesia,salma salsabil,PER,488
458,batas waktu perjuangan selesai keadilan orang meninggal hilang lukaluka warga ditangkap data ylbhi kontras kawal resetindonesia indonesiaberbenah,ylbhi,ORG,489
464,ibuprofen kerudung pink kemarin merepresentasikan keberanian warna pink stres mewakili ibuprofen capekjadiwni resetindonesia,capekjadiwni,PER,495
467,garis pasca kerusuhan degradasi prabroro usaha menyematkan citra pelanggar ham naiknya citra fufufafa foto foto ojol sembako roadshow siskamling dsb no offence debate resetindonesia,prabroro,PER,498
467,garis pasca kerusuhan degradasi prabroro usaha menyematkan citra pelanggar ham naiknya citra fufufafa foto foto ojol sembako roadshow siskamling dsb no offence debate resetindonesia,fufufafa,PER,498
470,alasan negara hutang ibuprofen sri presiden wapres institusi institusi pemerintah disalahin diperas rakyatnya resetindonesia,sri,PER,502
478,kelanjutan resetindonesia wait,wait,PER,510
480,resetindonesia teknologi maju mikir hidup desa pikirannya kritis pemerataan pendidikan pejabat kasihan amplifier malu kualitas sdm masyarakat,resetindonesia,ORG,512
481,izin rragh anaxagoras rragh resetindonesia,rragh anaxagoras,PER,513
485,peringatan dibunuhnya munir operasi intelijen badan intelijen negara buy it now indonesiagelap resetindonesia ylbhi,munir,PER,517
488,nadiem makarim pusaran korupsi laptop chromebook tukang kupas perkara resetindonesia indonesiacemas,nadiem makarim,PER,520
488,nadiem makarim pusaran korupsi laptop chromebook tukang kupas perkara resetindonesia indonesiacemas,resetindonesia indonesiacemas,ORG,520
490,dokumentasi korea bergerak longmarch aksi damai panggung suara rakyat bertemu mentor terhormat kakak khai tawa berlebihan resetindonesia,kakak khai,PER,522
491,bongkar reformasi total keuangan lembaga resetindonesia,resetindonesia,ORG,523
494,naran dibungkam victor tiva antekanteknya dihilangkan krailert enggan melawan trin berusaha dibutakan tanwa memilih diam shineep6 resetindonesia acab,naran,PER,526
494,naran dibungkam victor tiva antekanteknya dihilangkan krailert enggan melawan trin berusaha dibutakan tanwa memilih diam shineep6 resetindonesia acab,victor tiva,PER,526
494,naran dibungkam victor tiva antekanteknya dihilangkan krailert enggan melawan trin berusaha dibutakan tanwa memilih diam shineep6 resetindonesia acab,krailert,PER,526
494,naran dibungkam victor tiva antekanteknya dihilangkan krailert enggan melawan trin berusaha dibutakan tanwa memilih diam shineep6 resetindonesia acab,trin,PER,526
494,naran dibungkam victor tiva antekanteknya dihilangkan krailert enggan melawan trin berusaha dibutakan tanwa memilih diam shineep6 resetindonesia acab,tanwa,PER,526
497,kenyataan memiliki trin krailert massa ironi dasarnya hugs and kisses hidup aman nyaman hugs and kisses bangsa shineep6 resetindonesia acab,trin krailert,PER,529
498,dilindungi dalih pelanggaran ham berat deretan nama korban jiwa tersebar manamana anteng duduk menteri kabinet presiden shineep6 resetindonesia acab,resetindonesia,PER,530
502,hihihi punyaku diterimaa cantik thankyou much tementemen mengadakan alright donation berkarya bersuaraa artist indonesia artistbersuara resetindonesia,indonesia artistbersuara resetindonesia,ORG,535
505,hitam resetindonesia septemberhitam munir arekgerak illustrator pengarang serabutan,munir arekgerak,PER,538
512,hasil pengeluaran toto cambodia minggu result selamat pemenang siapwd resetindonesia bbcprovokator pondphuwinfancon,toto cambodia,ORG,546
513,oiyaa postcard alright exhibition rumpun kokokita tokyo diselenggarakan teman teman just playing tolong visit resetindonesia artistbersuara,resetindonesia artistbersuara,ORG,547
514,gotta run pemerintah resetindonesia,gotta,PER,548
521,negeri speak tunjukkan suara indonesia punyaku fellow indonesian teman overseas hey you continue speak resetindonesia indonesiaberbenah bethevoice diasporari diaspora indonesia tanahair berdoauntukindonesia,bethevoice,PER,555
535,hastag resetindonesia permulaan mengajak warga indonesia amerika serikat berkumpul membangun jembatan warga indonesia sistemik struktural diselesaikan keseriusan keterbukaan,hastag resetindonesia,ORG,569
538,bahasa jawanya kegeden ampyak gongnya gede resetindonesia implementasinya pengecut akar dasar kerusakan jokowi anaknya kkn representasi reset dibahas potongan gaji potong kepalanya,jokowi,PER,572
544,majikan mulyono occrp polisipembunuh resetindonesia dprbebanrakyat,mulyono,PER,578
553,kejadian pestapora pemerintah tidur nyenyak hey you rapatkan suara fokus utama tuntutan tagih resetindonesia acab1312 bubarkandpr,resetindonesia,ORG,587
554,resetindonesia kawal tuntutan rakyat,resetindonesia,ORG,588
555,luhut tito pratikno boyfriend over shoulder rakyat indonesia waras polisipembunuh resetindonesia dprbebanrakyat,luhut tito pratikno,PER,589
561,gift sederhana semoga kenang kenangan orang hadir ketemu resetindonesia sudutrajutspecialchallenge artistbersuara,resetindonesia,ORG,595
562,tahi jokowi diadili langsung pancung resetindonesia polisipembunuh dprbebannegara ignasius jonan dirut penyelamat kai nolak kereta cepat langsung dipecat,jokowi,PER,596
562,tahi jokowi diadili langsung pancung resetindonesia polisipembunuh dprbebannegara ignasius jonan dirut penyelamat kai nolak kereta cepat langsung dipecat,ignasius jonan,PER,596
562,tahi jokowi diadili langsung pancung resetindonesia polisipembunuh dprbebannegara ignasius jonan dirut penyelamat kai nolak kereta cepat langsung dipecat,penyelamat kai,ORG,596
565,jauhjauh timur lihat idf indonesia diwakilkan parcok polisipembunuh resetindonesia dprbebannegara,dpr,PER,599
565,jauhjauh timur lihat idf indonesia diwakilkan parcok polisipembunuh resetindonesia dprbebannegara,##bebannegara,PER,599
567,dosa jariyah mulyono pemuka pemerintah termul membela dead on arrival mengikuti dead on arrival nabi musa firaun polisipembunuh resetindonesia dprbebannegara,mulyono,PER,601
571,bengong bengong tetiba kepikiran administrasi kebentuk zaman rasulullah khalifah umar buy it now abdul azis dibikin keren harun arrasyid rangkul paralytic ulama mensejahterakan ulama hey you hey you pemerintahan mengikuti rasululah resetindonesia,abdul azis,PER,606
571,bengong bengong tetiba kepikiran administrasi kebentuk zaman rasulullah khalifah umar buy it now abdul azis dibikin keren harun arrasyid rangkul paralytic ulama mensejahterakan ulama hey you hey you pemerintahan mengikuti rasululah resetindonesia,harun arrasyid,PER,606
577,berduka indonesia alias resetindonesia anjay,anjay,PER,612
589,terima kasih kakak mengadakan leot pinkeu cantik terimakasih kakak jaden bikin leot secantik semoga lancar rezeki indonesiagelap resetindonesia prayforindonesia,##gelap resetindonesia prayforindonesia,ORG,624
593,tercyduk menteri kehutanan raja juli main domino tersangka pembalakan liar resetindonesia,tercyd,PER,628
593,tercyduk menteri kehutanan raja juli main domino tersangka pembalakan liar resetindonesia,raja juli,PER,628
593,tercyduk menteri kehutanan raja juli main domino tersangka pembalakan liar resetindonesia,domino,PER,628
598,timaacii kakak unknown person kakak zen semoga negera lekas membaik aspirasi rakyat didengar digantikan orangorang kompeten resetindonesia indonesiagelap,timaaci,PER,634
599,think resetindonesia nuance kena menyasar prinsip fundamental terapkan bangunan roboh ngecat tembok benerin ubin lemah struktur utamanya,think resetindonesia,ORG,635
599,think resetindonesia nuance kena menyasar prinsip fundamental terapkan bangunan roboh ngecat tembok benerin ubin lemah struktur utamanya,nuance,PER,635
602,situasi respon presiden prabowo demonstrasi gerakan demokratis menuntut perbaikan kondisi rakyat dilahirkan resetindonesia,prabowo,PER,638
608,buzzer parcok parjo pemerentah media bayaran orang demo bakar fasum disisi orang pagi demo baca tarot fitnah kejam pembunuhan nebar fitnah ganjarannya resetindonesia,parcok parjo,PER,644
608,buzzer parcok parjo pemerentah media bayaran orang demo bakar fasum disisi orang pagi demo baca tarot fitnah kejam pembunuhan nebar fitnah ganjarannya resetindonesia,resetindonesia,ORG,644
611,lucky charm memanggil sunu resetindonesia,lucky charm,PER,648
612,corona makan mpekpek huruhara pempek waras meng lt3 suka pempek much resetindonesia,corona,PER,649
613,terima kasih giveawaynya kakakkakak terima kasih kakak layout cantiknya berduka caught in the act matinya demokrasi semoga bebas indonesiagelap resetindonesia prayforindonesia,kakakkakak,PER,650
615,hasil pengeluaran bullseye sabtu result selamat pemenang siapwd resetindonesia bbcprovokator pondphuwinfancon,resetindonesia,ORG,652
616,mulyono kontol dipenjara resetindonesia,mulyono kont,PER,653
617,man dididik pakai hati menyadar mengomong polisipembunuh resetindonesia dprbebannegara,man,PER,654
618,shout kakak jajanin layout kokomie cantikku iniieh terimakaci kakak jaden semoga rezeki lancar sehat lt3 indonesiagelap resetindonesia prayforindonesia,jajanin,PER,655
618,shout kakak jajanin layout kokomie cantikku iniieh terimakaci kakak jaden semoga rezeki lancar sehat lt3 indonesiagelap resetindonesia prayforindonesia,lt3 indonesiagelap resetindonesia prayforindonesia,ORG,655
619,resetindonesia fokus bayangkan abai memperjuangkan hidup abai ibuprofen memilih neraka hidup negeri jeritan dipaksa bertahan ketidakadilan sistematis,abai,PER,656
619,resetindonesia fokus bayangkan abai memperjuangkan hidup abai ibuprofen memilih neraka hidup negeri jeritan dipaksa bertahan ketidakadilan sistematis,abai,PER,656
620,resetindonesia peace jersey juara,resetindonesia peace jersey,ORG,657
623,resetindonesia brave pink hero green artis pespor mundur disponsori freeport diangkat topik skripsi,resetindonesia,ORG,660
623,resetindonesia brave pink hero green artis pespor mundur disponsori freeport diangkat topik skripsi,freeport,ORG,660
624,shotout kakak jajanin layout galbrena cantik kakak jaden semoga rezeki lancar urusannya dimudahkan lt3 indonesiagelap resetindonesia prayforindonesia,jajanin,PER,661
624,shotout kakak jajanin layout galbrena cantik kakak jaden semoga rezeki lancar urusannya dimudahkan lt3 indonesiagelap resetindonesia prayforindonesia,jaden,PER,661
624,shotout kakak jajanin layout galbrena cantik kakak jaden semoga rezeki lancar urusannya dimudahkan lt3 indonesiagelap resetindonesia prayforindonesia,lt3 indonesiagelap resetindonesia prayforindonesia,ORG,661
625,thank giveawaynya kakak gaya kakak kakak nan kakak jaden hoping indonesia turn better for real lt3 indonesiagelap resetindonesia prayforindonesia ripdemokrasi wargajagawarga,jaden hop,PER,662
627,a lot of panduan makar dipesan toko a lot of kesayangan hubungi resetindonesia,resetindonesia,ORG,665
630,hasil pengeluaran toto cambodia sabtu result selamat pemenang siapwd resetindonesia bbcprovokator pondphuwinfancon,toto cambodia,ORG,668
630,hasil pengeluaran toto cambodia sabtu result selamat pemenang siapwd resetindonesia bbcprovokator pondphuwinfancon,resetindonesia,ORG,668
638,terimakasih giveawaynya kakak unknown person semoga negeri bangkit demokrasi benaran ditegakkan semena mena rakyat tuntutan dipenuhi resetindonesia,resetindonesia,ORG,677
640,momentum bersih tersaji pilihannya ambil konsekuensi mayoritas rakyat membersamai choose rakyat marah ragu membersihkan warisan mulyono rakyat muah resetindonesia,choose,PER,679
642,pejabat core negeri orientasinya proyek proyek proyek disitu black hole beyond economical repair asyik mahsyuk melepaskan syhawat merampok uang rakyat resetindonesia agaf terhindar bayang indonesiagelap,mahsyuk,PER,681
649,fokus resetindonesia fokus tuntutan terpecah belah inklusif mengekslusifkan orang bergandeng tanganlah indonesia,resetindonesia,ORG,688
658,rebutan ngelindungin biar dipuji majikan mulyono occrp polisipembunuh resetindonesia dprbebannegara,mulyono,PER,698
662,fufufafa bersabda polisipembunuh resetindonesia dprbebannegara,fufufafa,PER,702
663,model paket urus anak anak terlantar anak buang orang tuanya miskin anak jalanan panti sosial anak resetindonesia,panti sosial anak resetindonesia,ORG,703
665,kasih lihat guruguru foto bilang ibuprofen aksi anak mengikuti berhenti pikir anak provokator resetindonesia,resetindonesia,ORG,705
666,indonesia emas bubar emas resetindonesia prabowo,prabowo,PER,706
667,berpulangnya affan membuatku terbangun koma berbulanbulan catatan demonstrasi acab resetindonesia rora,affan,PER,707
667,berpulangnya affan membuatku terbangun koma berbulanbulan catatan demonstrasi acab resetindonesia rora,rora,PER,707
670,berpulangnya affan membuatku terbangun koma berbulanbulan catatan demonstrasi acab resetindonesia,affan,PER,711
673,poin tunjangan jabatan amplifier fungsi dewan okelah titik amplifier sub sub poinnya biaya visit daerah biayatunjangan diluar komponen iseng iseng cek sknya resetindonesia,resetindonesia,ORG,714
676,tuntutan rakyat sahroni eko uya nafa adies dpr coba pleasing tuntaskan resetindonesia resetdpr indonesiaberbenah indonesiagelap,sahroni eko uya nafa adies,PER,717
677,gaji dpr rakyat lihat juta mahfud doctor of medicine ceritanya biaya komunikasi juta polisipembunuh resetindonesia dprbebannegara,mahfud,PER,718
681,langsung idf memperlakukan palestina dunia tinggal lihat parcok perwakilan idf indonesia polisipembunuh resetindonesia dprbebannegara,##bebannegara,PER,722
689,terinspirasi lukisan karya eugene delacroix resetindonesia artistbersuara,eugene delacroix,PER,731
691,elit freeport pengeruk seventh-day adventist perusak alam salingjaga wargajagawarga resetindonesia,freeport,ORG,733
695,miris kondisi masyarakat separah pemerintah pejabat negara buta tuli menganggap rakyat dibodohi janji janji manis berkuasa kepentingan pribadi partai kroni kroninya resetindonesia,resetindonesia,ORG,737
701,pakaian ngemall kemanapun ditemenin ayang hobi resetindonesia,ayang,PER,743
705,parcok parjo menanggapi tuntutan resetindonesia,parcok parjo,PER,747
706,terima kasih kakak unknown person kakak zen mengadakan hadiah semoga kakak kesehatan kebahagiaan harapanku indonesia semoga cepat pulih dijauhkan pemimpin egoisdzalim amin resetindonesia indonesiagelap,egoisdzalim,PER,749
706,terima kasih kakak unknown person kakak zen mengadakan hadiah semoga kakak kesehatan kebahagiaan harapanku indonesia semoga cepat pulih dijauhkan pemimpin egoisdzalim amin resetindonesia indonesiagelap,amin,PER,749
712,terima kasih kakak nan kakak kakak gaya kirara kakak indonesiagelap resetindonesia prayforindonesia,gaya kirara,PER,755
712,terima kasih kakak nan kakak kakak gaya kirara kakak indonesiagelap resetindonesia prayforindonesia,##lap resetindonesia prayforindonesia,ORG,755
733,terimakasih ibuprofen niat baiknya melaksanakan tuntutan sesuai batas waktu teruntuk amplifier ibuprofen tanda menganggap rakyat resetindonesia,ibuprofen,PER,777
733,terimakasih ibuprofen niat baiknya melaksanakan tuntutan sesuai batas waktu teruntuk amplifier ibuprofen tanda menganggap rakyat resetindonesia,ibuprofen,PER,777
734,hati hati someone who uses other people to gain an advantage pecandu disewa oknum pemerintah fitnah influncer berjuang salahsatu orang mendukung kerusuhan darurat militer arahan oknum bayar resetindonesia,resetindonesia,ORG,778
744,veteran tiongkok versus konoha resetindonesia pestapora2025,konoha resetindonesia,ORG,788
763,diarepin rapat kagak pokoknya isu dibahas tuntas kawal tuntutan pantau putusanputusan dicabut diterbitin resetindonesia,resetindonesia,ORG,807
767,simak aneka perjuangan kemanusiaan keadilan sosial kaleidoskopnirkekerasan agustus simak kaleidoskop bulanbulan instagram tautan berita diakses resetindonesia,resetindonesia,ORG,811
771,fiksi pembahasan sensitif resetindonesia edukasi mengenalkan isi a lot of animal farm karya george orwell edisi 75th anniversary foto a lot of pinterest baca perpus,george orwell,PER,816
783,diskusi benaran komen bodoh langsung cek akun benaran termul langsung mute ngebait interaksi hasil top komentar polisipembunuhrakyat resetindonesia,benar,PER,831
788,terimakasih mengadakan ganya kakak unknown person amplifier kakak sire semoga negara membaik keadaannya rakyat indonesia hidup aman tentram damai sentosa pemerintah mendengarkan aspirasi rakyat resetindonesia,sire,PER,836
793,hasil putusan mm ok agustus paralytic pembela hugs and kisses rakyat mendorong perlindungan hukum pembela hugs and kisses sosiallingkungan indonesiaberbenah resetindonesia hamdanlingkungan putusangugatanmk,hugs,PER,843
793,hasil putusan mm ok agustus paralytic pembela hugs and kisses rakyat mendorong perlindungan hukum pembela hugs and kisses sosiallingkungan indonesiaberbenah resetindonesia hamdanlingkungan putusangugatanmk,hugs,PER,843
804,berduka caught in the act matinya demokrasi indonesiagelap resetindonesia prayforindonesia timakaci ganya kakak semoga indonesia cepat pulih hyacine,ganya,PER,854
815,nemu instal threads mencari sumber videonya tiktok anjir paraahh menyesal kemarin anita jacoba coba cek bela nadiem makarim resetindonesia resetdpr dprdewanpenindasrakyat,tiktok anjir paraahh,PER,865
815,nemu instal threads mencari sumber videonya tiktok anjir paraahh menyesal kemarin anita jacoba coba cek bela nadiem makarim resetindonesia resetdpr dprdewanpenindasrakyat,anita jacoba,PER,865
815,nemu instal threads mencari sumber videonya tiktok anjir paraahh menyesal kemarin anita jacoba coba cek bela nadiem makarim resetindonesia resetdpr dprdewanpenindasrakyat,nadiem makarim,PER,865
819,satpol pepe crypto alright resetindonesia,crypto alright,PER,869
822,mengeluarkan statment ikan busuk busuk resetindonesia kapolriharusmundur,##harusmundur,PER,872
824,september d6 comeback resetindonesia,resetindonesia,ORG,874
834,okaayy butuh updatee buka label on twitter to aid searching resetindonesia information information sanaa,aid,ORG,884
834,okaayy butuh updatee buka label on twitter to aid searching resetindonesia information information sanaa,resetindonesia information information,ORG,884
839,janee movement resetindonesia ketinggalan kabar,janee,PER,889
850,skandal manipulasi suara caleg dpr ri banda aceh kehendak yusri razali bikin musibah orang aceh resetindonesia,yusri razali,PER,901
853,rocky gerung kesalahan bem user interface adilijokowi resetindonesia,rocky gerung,PER,904
853,rocky gerung kesalahan bem user interface adilijokowi resetindonesia,adilijokowi,PER,904
854,ratu pajak komplain sri mulyono uang pajak rumah amerika polisipembunuh resetindonesia,sri mulyono,PER,905
857,gantian weird aksinya minggu kemarin udahkan kamisan minggu aliansi perempuan minggu besok bolelah sanggup seminggu 2x aksi berisik socmed putus menyerah semangat resetindonesia,weird,PER,908
857,gantian weird aksinya minggu kemarin udahkan kamisan minggu aliansi perempuan minggu besok bolelah sanggup seminggu 2x aksi berisik socmed putus menyerah semangat resetindonesia,socmed,PER,908
857,gantian weird aksinya minggu kemarin udahkan kamisan minggu aliansi perempuan minggu besok bolelah sanggup seminggu 2x aksi berisik socmed putus menyerah semangat resetindonesia,resetindonesia,ORG,908
861,thank kakak ize moga tidak ada korban jiwa semoga indonesia resetindonesia indonesiagelap prayforindonesia,ize,PER,912
861,thank kakak ize moga tidak ada korban jiwa semoga indonesia resetindonesia indonesiagelap prayforindonesia,prayforindonesia,ORG,912
862,roslan rosani chief executive officer danantara teman diduga korupsi asabri perusahaannya mengelola reksadana danantara hutang pakai jaminan asset negara negara antek asingnya resetindonesia,roslan rosani,PER,913
862,roslan rosani chief executive officer danantara teman diduga korupsi asabri perusahaannya mengelola reksadana danantara hutang pakai jaminan asset negara negara antek asingnya resetindonesia,chief executive officer,ORG,913
862,roslan rosani chief executive officer danantara teman diduga korupsi asabri perusahaannya mengelola reksadana danantara hutang pakai jaminan asset negara negara antek asingnya resetindonesia,danantara,PER,913
862,roslan rosani chief executive officer danantara teman diduga korupsi asabri perusahaannya mengelola reksadana danantara hutang pakai jaminan asset negara negara antek asingnya resetindonesia,resetindonesia,ORG,913
871,hasil pengeluaran toto cambodia jumat result selamat pemenang siapwd resetindonesia bbcprovokator pondphuwinfancon,toto cambodia,ORG,922
872,thank kakak ize ganya semoga tuntutannya dipenuhi suara rakyat didengar diwujudkanlekas pulih indonesia resetindonesia indonesiagelap prayforindonesia,ize ganya,PER,923
880,berduka caught in the act matinya demokrasi indonesiagelap resetindonesia prayforindonesia izin ikutan kakakkakak terima kasih giveawaynya hyacine,hyacine,PER,932
889,demo special edition cutesy awas menuduh makar acab1312 17plus8 septembercerah demo dprian,cutesy awas,PER,943
894,curah hujan menyebabkan banjir wilayah bali get credit card mengajak bersamasama membantu warga terdampak bank bpd bali yayasan get credit card indonesia mari wargajagawarga,get credit card,ORG,948
894,curah hujan menyebabkan banjir wilayah bali get credit card mengajak bersamasama membantu warga terdampak bank bpd bali yayasan get credit card indonesia mari wargajagawarga,bank bpd bali yayasan get credit card indonesia,ORG,948
894,curah hujan menyebabkan banjir wilayah bali get credit card mengajak bersamasama membantu warga terdampak bank bpd bali yayasan get credit card indonesia mari wargajagawarga,mari wargajagawarga,PER,948
946,networking sephia duanya wargajagawarga,sephia,PER,1006
959,pemerintah ajak siskamling bapakbapak langsung gercep wargajagawarga,bapakbapak,PER,1019
965,malingnya bingung bapakbapak asyik ngopi makan gorengan wargajagawarga,bapakbapak,PER,1025
966,bapakbapak ngeronda menonton bareng vibesnya seru wargajagawarga,bapakbapak,PER,1027
969,emakemak dukung siskamling pulangnya bawa martabak wargajagawarga,emakemak,PER,1030
975,pemerintah mengajak duta langsung gercep ngeronda wargajagawarga,gercep,PER,1037
1050,siskamling aktif bapakbapak sorry if already posted superhero komplek wargajagawarga,bapakbapak,PER,1116
1056,ngeronda bapakbapak pulang bawa bekel istri wargajagawarga,bapakbapak,PER,1128
1078,duta ngeronda auto iri komplek sebelah wargajagawarga,duta ngeronda auto,ORG,1174
1105,siskamling peristiwa bapakbapak curhat cicilan wargajagawarga,bapakbapak,PER,1238
1142,ngeronda melatih jiwa kepemimpinan wargajagawarga,ngeronda,PER,1299
1151,chief executive officer wargajagawarga,wargajagawarga,PER,1329
1175,ngeronda peristiwa bapakbapak curhat cicilan wargajagawarga,bapakbapak,PER,1369
1183,emakemak auto bangga suaminya rajin ngeronda wargajagawarga,emakemak auto,PER,1402
1247,prabowo mengajak masyarakat aktif saran bersinergi melawan korupsi menyelamatkan uang rakyat jaga stabilitas persatuan bangsa wargajagawarga presidenprabowo masyarakataktif persatuanbangsa indonesiagoid,prabowo,PER,1508
1247,prabowo mengajak masyarakat aktif saran bersinergi melawan korupsi menyelamatkan uang rakyat jaga stabilitas persatuan bangsa wargajagawarga presidenprabowo masyarakataktif persatuanbangsa indonesiagoid,presidenprabowo,PER,1508
1248,wargajagawarga keterlibatan warga gerakan tunjukkan kesadaran politik kekuasaan digerakkan beragam perjuangan butuh keberanian membangun ruang alternatif mandiri sistem dominan merlyna lim,merlyna lim,PER,1509
1249,selamat berjuang adik mahasswa jaga keselamatan amplifier rekanmu sodaramu masyarakat hope god bless you wargajagawarga prayforindonesia mahasiswaindonesia,sodaramu,PER,1510
1250,cari supir hear part wargajagawarga bantuin tukiran membantu domisili beliau pancoran jakarta selatan butuh supir jalan information pesan rting regarding appreciated,tukiran,PER,1511
1254,komen komen mengerdilkan aksi terafiliasi kerjaannya parcok parjo hey you teman hati hati komen komen kampret mengecilkan aksi warga baca akunnya langsung mute block wargajagawarga,parcok,PER,1515
1257,mari tagih batas waktu tuntutan terprovokasi paralytic bajingan provokator disekitar aksi jaga teman orangorang provokator jaga teman aksi salammahasiswaindonesia wargajagawarga,paralytic bajingan,PER,1518
1268,kemarin konsultasi bareng kakak nadiva hasna berkeluh kesah mengobrol didengarkan dukung belajar teknik grounding breathing terimakasih lot kakak kondisi means lot wargajagawarga wargabantuwarga,nadiva hasna,PER,1529
1270,wali mengajak masyarakat menghidupkan siskamling semangat warga jaga warga warga jaga kota mewujudkan visi bandung utama unggul terbuka amanah maju agamis wargajagawarga wargajagakota farhanerwin bandungutama,farhanerwin bandung,PER,1531
1274,dikoordinir ajakan salingjaga wargajagawarga pelan pelan masyarakat tangga kesadaran pencerahan meluas perlawanan perlawanan,salingjaga,PER,1536
1275,awas bahaya pembunuh pembunuhx khilaf gerombolan pembunuh mengaku khilaf pocong hiu melawan perbuatan bajinganbajingan membuntuti menculik membungkam membunuh warga berani bersuara wargajagawarga,bajingan,PER,1537
1276,grup hormat manggung duitnya disedekahin memikirkan fan jauhhari war tiket lihat idola batalin gamanggung samsek kecewa gabikin kecewa orang 2x menyuarakan wargajagawarga,samsek,PER,1539
1276,grup hormat manggung duitnya disedekahin memikirkan fan jauhhari war tiket lihat idola batalin gamanggung samsek kecewa gabikin kecewa orang 2x menyuarakan wargajagawarga,gabikin,PER,1539
1286,dimanapun doctor of philosphy sorry if already posted hadir antarkan pizza hangat rumah penuh cinta pehade phdindonesia wargajagawarga,pehade phdindonesia,PER,1549
1289,tawa berlebihan kontradiktif hastag wargajagawarga,hastag wargajagawarga,PER,1552
1290,pespor bawa isu wargajagawarga keterlibatan freeport papua kontradiktif alias label on twitter to aid searching begituan,freeport papua,ORG,1554
1292,timnas timnasannya hey you fokus tujuan timnasday timnasindonesia wargajagawarga,timnasindonesia,ORG,1557
1294,beginning delpedro wrongly caught memutuskan suspect dilaporkan lembaga etik kepolisian expert pidana cari an internet search engine samasama pandu pidana pemidanaan salingjaga wargajagawarga,delpedro wrongly caught,PER,1559
1294,beginning delpedro wrongly caught memutuskan suspect dilaporkan lembaga etik kepolisian expert pidana cari an internet search engine samasama pandu pidana pemidanaan salingjaga wargajagawarga,salingjaga wargajagawarga,PER,1559
1295,selamat perjuangan selesai timnasday timnasindonesia wargajagawarga,timnas,ORG,1560
1295,selamat perjuangan selesai timnasday timnasindonesia wargajagawarga,timnasindonesia,ORG,1560
1300,fraksi fraksi kemis legi kemis legi membersamai hidup salah salah hidup kemis legi tahan sabar wargajagawarga wargabantuwarga,tahan sabar,PER,1565
1304,obama presiden surabaya presiden jokowi walikota menlu united states of america indonesia anyone but manchester united bakar baasyir dimasukkan nusakambangan jokowi presiden,obama,PER,1570
1304,obama presiden surabaya presiden jokowi walikota menlu united states of america indonesia anyone but manchester united bakar baasyir dimasukkan nusakambangan jokowi presiden,jokowi,PER,1570
1304,obama presiden surabaya presiden jokowi walikota menlu united states of america indonesia anyone but manchester united bakar baasyir dimasukkan nusakambangan jokowi presiden,bakar baasyir,PER,1570
1304,obama presiden surabaya presiden jokowi walikota menlu united states of america indonesia anyone but manchester united bakar baasyir dimasukkan nusakambangan jokowi presiden,jokowi,PER,1570
1305,rumah impian berkat program sosialisasi kur perumahan presiden prabowo keren habis rumahuntuksemua,prabowo,PER,1571
1308,militer turun patroli skala kota presiden paralytic pimpinan partai politik menanggapi aksi tuntutan rakyat dalih makar terorisme,paralytic,PER,1574
1309,menteri habisi reshuffle presiden yth presiden prabowo bekerjalah hati nurani hugs and kisses preogratif rakyat nasib bangsa indonesia setuju suka amplifier retweet,prabowo,PER,1575
1310,terserah selera presiden broo,broo,PER,1576
1311,kebijakan presiden prabowo aman belanja dapur ngebul tenang gerakanpanganmurah,prabowo,PER,1577
1314,presiden prabowo subianto berbincang langsung emir qatar sheikh tamim buy it now hamad althani sambungan telepon rabu kepala negara kondisi terkini qatar pascaserangan israel doha sehari,prabowo subianto,PER,1580
1314,presiden prabowo subianto berbincang langsung emir qatar sheikh tamim buy it now hamad althani sambungan telepon rabu kepala negara kondisi terkini qatar pascaserangan israel doha sehari,sheikh tamim,PER,1580
1314,presiden prabowo subianto berbincang langsung emir qatar sheikh tamim buy it now hamad althani sambungan telepon rabu kepala negara kondisi terkini qatar pascaserangan israel doha sehari,hamad althani,PER,1580
1316,pejabat melayatada puan maharaniada presidenjustru curigai pejabat melayat asian gangster,puan maharaniada,PER,1582
1317,monitor yth presiden sorry if already posted bela presiden prabowo sorry if already posted memberantas mafia koruptor,prabowo,PER,1583
1320,eyang ibuprofen lampir segerombolannya memakzulkan gus eyang ibuprofen lampir kagak presiden buktinya menjabat presiden pilpres kalah mencalonkan capres kali kalah mengaca asbun,eyang ibuprofen lampir,PER,1586
1320,eyang ibuprofen lampir segerombolannya memakzulkan gus eyang ibuprofen lampir kagak presiden buktinya menjabat presiden pilpres kalah mencalonkan capres kali kalah mengaca asbun,gus eyang ibuprofen lampir,PER,1586
1320,eyang ibuprofen lampir segerombolannya memakzulkan gus eyang ibuprofen lampir kagak presiden buktinya menjabat presiden pilpres kalah mencalonkan capres kali kalah mengaca asbun,asbun,PER,1586
1322,semangat dukung presiden prabowo program cek kesehatan gratis bikin indonesia maju kesehatan indonesiasehat,prabowo,PER,1588
1323,timur menempatkan aset teramai usatakkan semudah israel serang capital city qatar sorry if already posted refuel leave quickly israel airspace qatar kotnegara arab takleh percaya langsungjangan presiden amerika syarikat donald trump malaysia gratis palestin,donald trump,PER,1589
1324,dimasyarakat luas pandangan banyakorang banyakorang gengsoloyang dikendalikan mulyonomemiliki jabatan jabatan strategis posisi wapres dipegang putranya cepat cepat presiden periode lancar jaya credit card,mulyono,PER,1590
1326,presiden berani presiden omon omon,omon omon,PER,1592
1327,presiden prabowo kebutuhan siswa generasi laptop gratis september ditunggu sekolahrakyat,prabowo,PER,1593
1328,sembako pakai apbn rakyat rakyat asyik claim bantuan wakil presiden fakk pakai uang wassalam,fakk,PER,1594
1330,nick presiden takut sikat,nick,PER,1596
1331,presiden prabowo cool peluk aspirasi rakyat kur perumahan bareng kadin amplifier danantara rumahuntuksemua,prabowo,PER,1597
1333,bangga presiden prabowo fokus bantu koperasi desa biar kebutuhan dasar masyarakat gampang terpenuhi kopdesuntukmasyarakat,prabowo,PER,1600
1336,pasca qatar diserang israel presiden prabowo subianto berbincang langsung emir qatar mulia sheikh tamim buy it now hamad althani sambungan telepon rabu malam,prabowo subianto,PER,1603
1336,pasca qatar diserang israel presiden prabowo subianto berbincang langsung emir qatar mulia sheikh tamim buy it now hamad althani sambungan telepon rabu malam,sheikh tamim,PER,1603
1336,pasca qatar diserang israel presiden prabowo subianto berbincang langsung emir qatar mulia sheikh tamim buy it now hamad althani sambungan telepon rabu malam,hamad althani,PER,1603
1338,uppresiden ri tangkap isolasi paralytic termulbuzzer jokowi cocok solo indonesia jokowi presiden hentikan kampanye konyol paralytic relawan relawannya pecat pejabat negarakomisaris negarakomisaris bumn terafiliasi jokowi,termulbuzz,PER,1605
1338,uppresiden ri tangkap isolasi paralytic termulbuzzer jokowi cocok solo indonesia jokowi presiden hentikan kampanye konyol paralytic relawan relawannya pecat pejabat negarakomisaris negarakomisaris bumn terafiliasi jokowi,jokowi,PER,1605
1338,uppresiden ri tangkap isolasi paralytic termulbuzzer jokowi cocok solo indonesia jokowi presiden hentikan kampanye konyol paralytic relawan relawannya pecat pejabat negarakomisaris negarakomisaris bumn terafiliasi jokowi,jokowi,PER,1605
1338,uppresiden ri tangkap isolasi paralytic termulbuzzer jokowi cocok solo indonesia jokowi presiden hentikan kampanye konyol paralytic relawan relawannya pecat pejabat negarakomisaris negarakomisaris bumn terafiliasi jokowi,jokowi,PER,1605
1341,presiden prabowo hadir bawa solusi rakyat cek kesehatan gratis utamakan kesehatan warga indonesiasehat,prabowo,PER,1608
1342,pernyataan resmi istana hasan nasbi anggaran bagibagi sembako wapres gibran berasal biaya operasional wakil presiden apbn anies baswedan mengkritik personalisasi bansos mensos bilang bermanfaat,hasan nasbi,PER,1610
1342,pernyataan resmi istana hasan nasbi anggaran bagibagi sembako wapres gibran berasal biaya operasional wakil presiden apbn anies baswedan mengkritik personalisasi bansos mensos bilang bermanfaat,wapres,PER,1610
1342,pernyataan resmi istana hasan nasbi anggaran bagibagi sembako wapres gibran berasal biaya operasional wakil presiden apbn anies baswedan mengkritik personalisasi bansos mensos bilang bermanfaat,gibran,PER,1610
1342,pernyataan resmi istana hasan nasbi anggaran bagibagi sembako wapres gibran berasal biaya operasional wakil presiden apbn anies baswedan mengkritik personalisasi bansos mensos bilang bermanfaat,anies baswedan,PER,1610
1342,pernyataan resmi istana hasan nasbi anggaran bagibagi sembako wapres gibran berasal biaya operasional wakil presiden apbn anies baswedan mengkritik personalisasi bansos mensos bilang bermanfaat,mensos,PER,1610
1344,rakyat bersyukur istimewanya presiden menjabat periode rakyat buktikan kemenangan pragib bani otak maunya hidup,pragib bani otak,PER,1612
1345,presiden butuh menkopolkam cocok gatot nurmantyo,gatot nurmantyo,PER,1613
1349,deputi central intelligence agency berterimakasih presiden menteri central intelligence agency berterimakasih pemerintah amerika menteri langsung presiden kenaoa menteri bercerita pengamat teroris omong kosong,central intelligence agency,ORG,1617
1351,persatuan masyarakat komitmen presiden prabowo terbukti cek kesehatan gratis juta peserta good game indonesiasehat,prabowo,PER,1619
1353,laporan terkini sumber not your type reuters motif pembunuhan charlie kirk penyelidikan federal bureau of investigation ditembak leher berbicara utah valley universitas tersangka ditangkap presiden trump,reuters,ORG,1621
1353,laporan terkini sumber not your type reuters motif pembunuhan charlie kirk penyelidikan federal bureau of investigation ditembak leher berbicara utah valley universitas tersangka ditangkap presiden trump,charlie kirk,PER,1621
1353,laporan terkini sumber not your type reuters motif pembunuhan charlie kirk penyelidikan federal bureau of investigation ditembak leher berbicara utah valley universitas tersangka ditangkap presiden trump,federal bureau of investigation,ORG,1621
1355,presiden prabowo paham kondisi lapangan harga stabil bikin hidup relax gerakanpanganmurah,prabowo,PER,1623
1357,perdana menteri sahkan bahawa presiden amerika syarikat donald trump hadir sidang kemuncak asean ke47 kuala lumpur hadir premier china laughing inside qiang sidang kemuncak asean dijadualkan diadakan november,donald trump,PER,1625
1358,sosialisasi kur perumahan presiden prabowo bikin warga paham rumah rumahuntuksemua,prabowo,PER,1626
1359,indonesia butuh presiden pintar anies hilang bansos buzzer hidup menderita,anies,PER,1627
1361,kolaborasi bareng presiden prabowo danantara kadin indonesia benaran buka peluang rumah rumahuntuksemua,prabowo danantara,PER,1629
1362,megawati presiden indonesia buang kerok,megawati,PER,1630
1363,presiden prabowo bawa atmosphere positif masyarakat langsung semangat cek kesehatan gratis barengbareng indonesiasehat,prabowo,PER,1631
1364,senang makanan gratis halal tayib presiden prabowo keren habis mbghalal,prabowo,PER,1632
1366,tenang konsumsi makan gratis presiden prabowo halal tayib tiputipu mbghalal,prabowo,PER,1634
1368,mengomong bacot buktinya mendukung claim statement video buktinya teddy akselerasi kebijakan memahami visi presiden amplifier menerjemahian tindakan cepat terukur memantau ketat menjadikan birokrasi,teddy,PER,1636
1373,orang presiden memelihara ternak fan boy kayaknya aman aman coba prabowo diganti jokowi diposting berkuasa kunyuk disidang malam,prabowo,PER,1641
1373,orang presiden memelihara ternak fan boy kayaknya aman aman coba prabowo diganti jokowi diposting berkuasa kunyuk disidang malam,jokowi,PER,1641
1375,anjing land gratis rumah brave negara demokrasi demokrasi presiden ditembak calon presiden ditembak aktivis charlie kirkdi woman daylight,charlie kirkdi,PER,1643
1376,masyarakat papua patut bangga presiden prabowo sukses bawa perubahan panen padi foodestatepapua,prabowo,PER,1644
1380,bersih bersih kabinet amplifier pemerintahannya kemarin ditunggu rakyat makzulkangibran makzulkangibran merampingkan kabinet wamen wamen rakyat prihatin hey you desak mister presiden efisiensi,makzulkangibran,PER,1649
1380,bersih bersih kabinet amplifier pemerintahannya kemarin ditunggu rakyat makzulkangibran makzulkangibran merampingkan kabinet wamen wamen rakyat prihatin hey you desak mister presiden efisiensi,makzulkangibran,PER,1649
1381,idih presiden dipilih jokowi mabuk semangka orang,jokowi,PER,1650
1382,wapres jor joran kampanye presiden diam,jor joran,PER,1651
1388,wakil ketua komisi vii dpr ri rahayu saraswati djojohadikusumo mengundurkan anggota dpr ri fraksi partai gerindra keponakan presiden prabowo subianto mundur memahami ungkapannya dinilai menyakiti rahayu,rahayu saraswati djojohadikusumo,PER,1658
1388,wakil ketua komisi vii dpr ri rahayu saraswati djojohadikusumo mengundurkan anggota dpr ri fraksi partai gerindra keponakan presiden prabowo subianto mundur memahami ungkapannya dinilai menyakiti rahayu,prabowo subianto,PER,1658
1388,wakil ketua komisi vii dpr ri rahayu saraswati djojohadikusumo mengundurkan anggota dpr ri fraksi partai gerindra keponakan presiden prabowo subianto mundur memahami ungkapannya dinilai menyakiti rahayu,rahayu,PER,1658
1389,presiden indonesia purbowo gubernur jawa timur megawati bukti pendidikan politik minim,purbowo,PER,1659
1389,presiden indonesia purbowo gubernur jawa timur megawati bukti pendidikan politik minim,megawati,PER,1659
1390,menkeu purbaya presiden prabowo setuju rencana tarik dana mengendap rp200 triliun bi,purbaya,PER,1660
1390,menkeu purbaya presiden prabowo setuju rencana tarik dana mengendap rp200 triliun bi,prabowo,PER,1660
1392,menkeu purbaya yudhi sadewa presiden prabowo subianto menyetujui rencananya menarik danapemerintah bank indonesia bi rp200 triliun dana disalurkan perbankan mempercepat pertumbuhan ekonomi nasional,purbaya yudhi sadewa,PER,1662
1392,menkeu purbaya yudhi sadewa presiden prabowo subianto menyetujui rencananya menarik danapemerintah bank indonesia bi rp200 triliun dana disalurkan perbankan mempercepat pertumbuhan ekonomi nasional,prabowo subianto,PER,1662
1394,jokowi presiden orang orang china leluasa indonesia,jokowi,PER,1664
1395,anak menteri keuangan terbaru bagus melebihi kakak gibran presiden samma anak puann,gibran,PER,1665
1395,anak menteri keuangan terbaru bagus melebihi kakak gibran presiden samma anak puann,samma,PER,1665
1395,anak menteri keuangan terbaru bagus melebihi kakak gibran presiden samma anak puann,puann,PER,1665
1396,orang orang jokowi dipecat kabinet termul ngamuk jokowi berjasa jadikan prabowo presiden cynical laugh termul suratan takdir kehendak tuhan yme jokowi diadili kehendaknya,jokowi,PER,1666
1396,orang orang jokowi dipecat kabinet termul ngamuk jokowi berjasa jadikan prabowo presiden cynical laugh termul suratan takdir kehendak tuhan yme jokowi diadili kehendaknya,jokowi,PER,1666
1396,orang orang jokowi dipecat kabinet termul ngamuk jokowi berjasa jadikan prabowo presiden cynical laugh termul suratan takdir kehendak tuhan yme jokowi diadili kehendaknya,prabowo,PER,1666
1396,orang orang jokowi dipecat kabinet termul ngamuk jokowi berjasa jadikan prabowo presiden cynical laugh termul suratan takdir kehendak tuhan yme jokowi diadili kehendaknya,jokowi,PER,1666
1399,presiden gibranxcuih sudi,gibranxcuih sudi,PER,1669
1400,takut pendukung mulyono menjadikan tuan presiden,mulyono,PER,1670
1401,terima kasih koreksinya salah video april prabowo presiden purbaya yudhi sadewa bicara forum sarasehan ekonomi jakarta indeks kepercayaan potensi demo sumber verifikasi,purbaya yudhi sadewa,PER,1671
1401,terima kasih koreksinya salah video april prabowo presiden purbaya yudhi sadewa bicara forum sarasehan ekonomi jakarta indeks kepercayaan potensi demo sumber verifikasi,forum sarasehan ekonomi jakarta,ORG,1671
1404,kesal teman dekatnya presiden prabowo khianati,prabowo khianati,PER,1674
1406,wowo presiden stop it wiwi memenangkan curang,wowo,PER,1676
1407,jokowi presiden terbaik termul mengomong sepuluh negara hancur sehancurnya jokowi,jokowi,PER,1678
1407,jokowi presiden terbaik termul mengomong sepuluh negara hancur sehancurnya jokowi,jokowi,PER,1678
1409,perisai hidup harto kisah menhan sjafrie sjamsoeddin perisai hidup presiden soehato berkunjung bosnia,harto,PER,1680
1409,perisai hidup harto kisah menhan sjafrie sjamsoeddin perisai hidup presiden soehato berkunjung bosnia,sjafrie sjamsoeddin,PER,1680
1409,perisai hidup harto kisah menhan sjafrie sjamsoeddin perisai hidup presiden soehato berkunjung bosnia,soehato,PER,1680
1411,wakil presiden gibran perwakilan rakyat uya kuya eko komeng maksud liberal indonesia amerika,kuya,PER,1682
1411,wakil presiden gibran perwakilan rakyat uya kuya eko komeng maksud liberal indonesia amerika,eko komeng,PER,1682
1413,presiden asli jokowi njenengan old man wowo,jokowi njenengan,PER,1684
1413,presiden asli jokowi njenengan old man wowo,man wowo,PER,1684
1415,menteri keuangan purbaya yudhi sadewa menyoroti kebijakan ekonomi pemerintah berjalan lambat menghambat pertumbuhan ekonomi purbaya mengaku presiden prabowo subianto mempercepat kebijakan kebijakan dinilai lancar,purbaya yudhi sadewa,PER,1687
1415,menteri keuangan purbaya yudhi sadewa menyoroti kebijakan ekonomi pemerintah berjalan lambat menghambat pertumbuhan ekonomi purbaya mengaku presiden prabowo subianto mempercepat kebijakan kebijakan dinilai lancar,purbaya,PER,1687
1415,menteri keuangan purbaya yudhi sadewa menyoroti kebijakan ekonomi pemerintah berjalan lambat menghambat pertumbuhan ekonomi purbaya mengaku presiden prabowo subianto mempercepat kebijakan kebijakan dinilai lancar,prabowo subianto,PER,1687
1416,prabowo licik strategi memilih gibran biar presiden politik balas budi menteri menteri kebanyakan hibahan mulyono presiden termul sorry if already posted sorry if already posted minjem uang china proyek great sea wall sorry if already posted sorry if already posted pajak rakyat sengsara bayar pemerintahnya foya foya,prabowo,PER,1688
1416,prabowo licik strategi memilih gibran biar presiden politik balas budi menteri menteri kebanyakan hibahan mulyono presiden termul sorry if already posted sorry if already posted minjem uang china proyek great sea wall sorry if already posted sorry if already posted pajak rakyat sengsara bayar pemerintahnya foya foya,gibran,PER,1688
1417,gerbang tani special edition kalsel mendukung presiden prabowo,prabowo,PER,1689
1419,assalammualaikumtolong mindra presiden bantu dosen p3k kejelasan status pasca viral ucapan prof tiktok p3k pemain pelapis instansi menerima cpns tolong,prof tiktok p3k,PER,1692
1420,gerbang tani kalsel deklarasi dukung pemerintahan presiden prabowo jurnal kalimantan,prabowo,PER,1693
1422,mesti ibuprofen turun tangan stop it pemilik pagar laut bestienya mulyono perintah presiden berani lawan mengejek pagar bambu beton negara kalah cukong,mulyono,PER,1695
1423,benetan presiden menyusahkan rakyat melanggar dihilangkan tumpasoligarki,tumpasoligarki,PER,1696
1428,yes jabatan presiden pro player orang lihat hutang pencapaian ngamanin identity krisis global navigate pandemic economic small featuring negara hancur jago ngelola moneter fiskal negeri,yes,PER,1703
1431,menpora rafi presiden orang,rafi,PER,1706
1436,kkp panen perdana lobster batam sahabatbahari wakil presiden ri ketua komisi four dpr ri menteri trenggono panen perdana lobster bpbl batam total panen mencapai one hundred,sahabatbahari,PER,1712
1436,kkp panen perdana lobster batam sahabatbahari wakil presiden ri ketua komisi four dpr ri menteri trenggono panen perdana lobster bpbl batam total panen mencapai one hundred,menteri trenggono,PER,1712
1438,paham ceritakan menteri pulang amerika menteri bingung deputi central intelligence agency pertimbangan presiden jokowi masuk bric,jokowi,PER,1714
1438,paham ceritakan menteri pulang amerika menteri bingung deputi central intelligence agency pertimbangan presiden jokowi masuk bric,bric,ORG,1714
1443,gapapa dipecat dipecat mempertahankan sikap hahaha sri mulyani penikmat kekuasaan presiden diokein menkeu,gapapa,PER,1720
1443,gapapa dipecat dipecat mempertahankan sikap hahaha sri mulyani penikmat kekuasaan presiden diokein menkeu,sri mulyani,PER,1720
1445,kabinet prabowo dibersihkan paralytic penjilat pengkhianat antek antek jokowibersihkan presiden indonesia maju rakyat dukung,prabowo,PER,1722
1445,kabinet prabowo dibersihkan paralytic penjilat pengkhianat antek antek jokowibersihkan presiden indonesia maju rakyat dukung,jokowi,PER,1722
1446,joko ayam sayur takut setya novanto reza khalid presiden ketakutan mafia relawan pahlawan pemberani layar berdaya presiden berani melawan koruptor tersadis nkri,joko ayam sayur,PER,1723
1446,joko ayam sayur takut setya novanto reza khalid presiden ketakutan mafia relawan pahlawan pemberani layar berdaya presiden berani melawan koruptor tersadis nkri,setya novanto,PER,1723
1447,keren presiden ku terbukti beliau diperhitungkan hadir sesi foto tuan rumah,ku,PER,1724
1448,joss follow presiden united states of america anjing orang hating nyala punyaku awesome baby joss fakk numpahin keluh kesah anjing kuat koar koar akun biarkan abaikan kesal,joss,PER,1725
1449,jokowi menerapkan praktik kebebasan menghina memfitnah presidenpribadi plarform mediam dibanding nepal kebijakan pemblokiran platform media jumat agustus memicu kemarahan publik nepal,jokowi,PER,1726
1452,jatwal sibuk presiden minaj just a minute kerja seninjumat sabtu minggu libur,minaj,PER,1729
1453,budi arie qodari pratikno tangkap adilijika prabowo presiden omon,budi arie qodari pratikno,PER,1730
1453,budi arie qodari pratikno tangkap adilijika prabowo presiden omon,adilijika,PER,1730
1454,anies presiden nasib orang orang,anies,PER,1731
1455,jago dipilih presiden biarlah membuktikan sejago ataukan presiden salah memilih orang orang luhut did i say orang titipan,luhut,PER,1732
1456,presiden prabowo berani perintah aparat penegak hukum polisi jaksa hakim mengadili jokowi dinastinya kroninya merusak indonesia sadis bengis,prabowo,PER,1733
1456,presiden prabowo berani perintah aparat penegak hukum polisi jaksa hakim mengadili jokowi dinastinya kroninya merusak indonesia sadis bengis,jokowi,PER,1733
1457,sahabatbahari presiden prabowo subianto pendapat hugs and kisses rakyat dijamin konstitusi presiden penyampaian pendapat berjalan damai sesuai peraturan berlaku,prabowo subianto,PER,1734
1457,sahabatbahari presiden prabowo subianto pendapat hugs and kisses rakyat dijamin konstitusi presiden penyampaian pendapat berjalan damai sesuai peraturan berlaku,hugs,PER,1734
1459,pernyataan resmi presiden prabowo subianto berdiskusi paralytic pemimpin partai politik ketua dpr ri ketua mpr ri istana negara presiden negara menghormati terbuka kebebasan penyampaian pendapat aspirasi,prabowo subianto,PER,1736
1463,presiden prabowo salah pilih menteri keuangan,prabowo,PER,1740
1465,presiden prabowo berani perintahkan aparat penegak hukum polisi jaksa hakimsegera mengadili jokowi dinasti kroninya menipu rakyatkalu prabowo presiden,prabowo,PER,1743
1465,presiden prabowo berani perintahkan aparat penegak hukum polisi jaksa hakimsegera mengadili jokowi dinasti kroninya menipu rakyatkalu prabowo presiden,jokowi,PER,1743
1465,presiden prabowo berani perintahkan aparat penegak hukum polisi jaksa hakimsegera mengadili jokowi dinasti kroninya menipu rakyatkalu prabowo presiden,prabowo,PER,1743
1466,citra penny presiden program oresiden,penny,PER,1744
1467,presiden lumayan filosofis gus stop it presiden filsuf keren,gus,PER,1745
1468,aifeed presiden trump umumkan kematian charlie kirk,trump,PER,1746
1468,aifeed presiden trump umumkan kematian charlie kirk,charlie kirk,PER,1746
1472,presiden prabowo perintahkan penegak hukum unt periksa mantan menkeu unt pertanggung jawabannya menjabat menkeu hutang segede gaban unt,prabowo,PER,1750
1473,mantan presiden indonesia mksudmu megawati,mk,PER,1751
1473,mantan presiden indonesia mksudmu megawati,megawati,PER,1751
1474,infonya valid muka presiden ri diinjekinjek hancur wibawa amplifier harga presiden jongos oligarki,jongos,PER,1752
1478,hujan pusat hujan amnesti buron penjarahan over the top radikal break rocky gerung semoga indonesia pimpin presiden jalan,rocky gerung,PER,1756
1479,laporan forensik skandal kuota haji anatomi bisnis knights of the old republic  komando presiden musim haji jokowi perintahkan menag yaqut menjaring rupiah calon haji mengalihkan kuota reguler kuota khusus berangusgengsolo berangusgengsolo,jokowi,PER,1757
1479,laporan forensik skandal kuota haji anatomi bisnis knights of the old republic  komando presiden musim haji jokowi perintahkan menag yaqut menjaring rupiah calon haji mengalihkan kuota reguler kuota khusus berangusgengsolo berangusgengsolo,yaqut,PER,1757
1482,presiden prabowo membuktikan serius berantas kejahatan ekonomi ruu perampasan aset dpr ri ruuperampasanaset,prabowo,PER,1760
1486,rakyat susah gerombolan public key infrastructure jogetsdh jokowi anak public key infrastructure lolos presiden bermodalkan ijazah palsu ugmdan ugm mengakui jokowi alumninya dasardahulu anak public key infrastructure sulit bersekolahsaat public key infrastructure bangkit merusak dunia pendidikan indonesia,jokowi,PER,1764
1486,rakyat susah gerombolan public key infrastructure jogetsdh jokowi anak public key infrastructure lolos presiden bermodalkan ijazah palsu ugmdan ugm mengakui jokowi alumninya dasardahulu anak public key infrastructure sulit bersekolahsaat public key infrastructure bangkit merusak dunia pendidikan indonesia,jokowi,PER,1764
1488,presiden yayasan alias outsourcing kehed,outsourcing kehed,PER,1766
1490,pokoke menteri pejabat titipan dilengserkan duri daging pemerintahan presiden prabowo,prabowo,PER,1768
1492,presiden jurusan teknik kayu sayang peduli hutan ekosistem dalamnya,jurusan teknik kayu sayang,ORG,1771
1493,bersih bersih link mega kepala peang pdip partai penjilat penguasamereka menerima kekalahan posisikan diluar pemerintahankalau mega pdip masuk kabinet urusan presiden,mega,PER,1773
1496,besok komite eksekutif union of european football associations membahas izin laga milan como perth kubu mendukung menolak situasinya terbuka risiko keputusan negatif presiden figc gabriele,eksekutif union of european football associations,ORG,1776
1496,besok komite eksekutif union of european football associations membahas izin laga milan como perth kubu mendukung menolak situasinya terbuka risiko keputusan negatif presiden figc gabriele,milan como perth,PER,1776
1496,besok komite eksekutif union of european football associations membahas izin laga milan como perth kubu mendukung menolak situasinya terbuka risiko keputusan negatif presiden figc gabriele,gabriele,PER,1776
1497,yusril menyebut penanganan sejalan arahan presiden bidang hukum ham kementerianhukum kanwilkemenkumsulsel layananhukummakinmudah kanwilsulselewako setahunberdampak kanwil kemenkum sulsel setahun bergerak berdampak,yusril,PER,1777
1498,trump hitler pengunjuk propalestina mencemooh presiden donald trump trump restoran washington don't care meneriakkan trump hitler,donald trump,PER,1778
1499,yusril menekankan penanganan sejalan arahan presiden bidang hukum hugs and kisses asasi manusia imigrasi pemasyarakatan kerangka pemulihan kementerianhukum kanwilkemenkumsulsel layananhukummakinmudah kanwilsulselewako,yusril,PER,1779
1501,laporan polisi tentara memilih bergabung gerakan demonstrasi berhasil menumbangkan presiden random access memory chandra poudel perdana menteri sharma oli pucuk kekuasaan senin september,chandra poudel,PER,1781
1501,laporan polisi tentara memilih bergabung gerakan demonstrasi berhasil menumbangkan presiden random access memory chandra poudel perdana menteri sharma oli pucuk kekuasaan senin september,sharma oli,PER,1781
1504,prabowo presiden hey you,prabowo,PER,1784
1506,petugas polisi read-write polsek sugio polres lamongan bripka eko basuki melaksanakan monitoring pengecekkan rutin pekarangan pangan bergizi penny personal best mendukung program presiden republik indonesia bidang ketahanan pangan mewujudkan swasembada pangan indonesia,bripka eko basuki,PER,1786
1506,petugas polisi read-write polsek sugio polres lamongan bripka eko basuki melaksanakan monitoring pengecekkan rutin pekarangan pangan bergizi penny personal best mendukung program presiden republik indonesia bidang ketahanan pangan mewujudkan swasembada pangan indonesia,penny personal best,PER,1786
1507,goblok mega pdip pemerintahan inikomposisi menteri menteri eks anak buah jkw dipilih presidenkenapa bawa bawa nama mega pdip otak menyambung,mega,PER,1787
1507,goblok mega pdip pemerintahan inikomposisi menteri menteri eks anak buah jkw dipilih presidenkenapa bawa bawa nama mega pdip otak menyambung,jkw,PER,1787
1507,goblok mega pdip pemerintahan inikomposisi menteri menteri eks anak buah jkw dipilih presidenkenapa bawa bawa nama mega pdip otak menyambung,mega,PER,1787
1508,berani ambil risiko presiden prabowo ngotot dorong ruu perampasan aset ruuperampasanaset,prabowo,PER,1788
1509,presiden myday sibuk prepare konser kakak menikmati konser goyang,myday,PER,1789
1510,reshuffle kabinet presiden prabowo bikin pasar saham indonesia goyah menteri strategis diganti menteri keuangan sorry if already posted bawa optimisme ekonomi hey you lihat langkah bawa perubahan kabinetbaru ekonomiindonesia,prabowo,PER,1790
1513,ekspektasi kakak stafsus presiden prabowo memainkan yamaha cp kahitna terwujud sadar kesempatan kahitna main formasi lengkap ber9 berharga kahitna yovie jarangjarang,prabowo,PER,1793
1513,ekspektasi kakak stafsus presiden prabowo memainkan yamaha cp kahitna terwujud sadar kesempatan kahitna main formasi lengkap ber9 berharga kahitna yovie jarangjarang,kahitna,PER,1793
1513,ekspektasi kakak stafsus presiden prabowo memainkan yamaha cp kahitna terwujud sadar kesempatan kahitna main formasi lengkap ber9 berharga kahitna yovie jarangjarang,kahitna,PER,1793
1517,dar duh! dor seru menarik semoga konsisten drama penuh intrik politik lead femalenya mantan dubes pirate bulletin board korsel isteri politikus calon kandidat presiden,femalenya,PER,1797
1517,dar duh! dor seru menarik semoga konsisten drama penuh intrik politik lead femalenya mantan dubes pirate bulletin board korsel isteri politikus calon kandidat presiden,dubes pirate bulletin board korsel,ORG,1797
1518,beli konsep relasi kuasa in the style of nusantara romo diyat berperan pamomong raja khasanah jawa pujangga kurleb suryo mentaram sosrokartono dsb mujanggani karno presiden pujangga beli,romo diyat,PER,1798
1518,beli konsep relasi kuasa in the style of nusantara romo diyat berperan pamomong raja khasanah jawa pujangga kurleb suryo mentaram sosrokartono dsb mujanggani karno presiden pujangga beli,kurleb suryo mentaram sosrokartono,PER,1798
1518,beli konsep relasi kuasa in the style of nusantara romo diyat berperan pamomong raja khasanah jawa pujangga kurleb suryo mentaram sosrokartono dsb mujanggani karno presiden pujangga beli,mujanggani karno,PER,1798
1519,pakk suka menonton berita presiden turun jalan lihat susahnya rakyat kerja makan,pak,PER,1799
1520,perombakankabinetyang presiden prabowo subianto selasa dinilai langkah politik upaya mengurangi dominasi presiden ke7 ri joko widodo jokowi pemerintahan,perombakankabinety,PER,1800
1520,perombakankabinetyang presiden prabowo subianto selasa dinilai langkah politik upaya mengurangi dominasi presiden ke7 ri joko widodo jokowi pemerintahan,prabowo subianto,PER,1800
1520,perombakankabinetyang presiden prabowo subianto selasa dinilai langkah politik upaya mengurangi dominasi presiden ke7 ri joko widodo jokowi pemerintahan,joko widodo jokowi,PER,1800
1521,ke326 prabowo presiden ri ke8,prabowo,PER,1801
1522,ucapan kontroversial podcast keponakan presiden prabowo pilih mundur kursi dpr ri,prabowo,PER,1802
1525,jurnalpatrolinews jakarta wakil ketua dppknpi raden umar menyuarakan harapan presiden prabowo subianto menteri pemuda olahraga menpora lahir lingkungan organisasi kepemudaan,jurnalpatrolinews jakarta,ORG,1805
1525,jurnalpatrolinews jakarta wakil ketua dppknpi raden umar menyuarakan harapan presiden prabowo subianto menteri pemuda olahraga menpora lahir lingkungan organisasi kepemudaan,raden umar,PER,1805
1525,jurnalpatrolinews jakarta wakil ketua dppknpi raden umar menyuarakan harapan presiden prabowo subianto menteri pemuda olahraga menpora lahir lingkungan organisasi kepemudaan,prabowo subianto,PER,1805
1527,bingung mantan presiden bajingan bodoh sontoloyo grup ormas relawan aneka ragam pertanyaannya anggota simpatisan tuyulkuntilanak siluman,bodoh sontoloyo,PER,1807
1528,usul presiden deddy raffi ahmad kompeten,deddy raffi ahmad,PER,1808
1529,termul bela junjungan stop it kumis cukur pendukung stop it solomaka copot presiden,termul,PER,1809
1530,iyalah orang tawa electric light orchestra  wakil presiden kemenya bahaskocak,bahaskocak,PER,1810
1531,presiden giliran keharusan presiden jawa wapres jawa anjink republik suku jawa ngah,anjink,PER,1811
1532,anaknya pemikiran ajaran orang tuanya dpr menteri presiden nirempati wallahi country fucked,nirempati,PER,1812
1532,anaknya pemikiran ajaran orang tuanya dpr menteri presiden nirempati wallahi country fucked,wallahi,PER,1812
1533,jurnalpatrolinews jakarta perombakan kabinet presiden prabowo subianto selasa dinilai langkah politik upaya,jurnalpatrolinews jakarta,ORG,1813
1533,jurnalpatrolinews jakarta perombakan kabinet presiden prabowo subianto selasa dinilai langkah politik upaya,prabowo subianto,PER,1813
1534,hahahaha pejabat publik kelakuan parah presiden pecat society of jesus,society of jesus,ORG,1814
1536,jurnalpatrolinews jakarta wakil ketua dpp knpi raden umar menyuarakan harapan presiden prabowo,jurnalpatrolinews jakarta,ORG,1816
1536,jurnalpatrolinews jakarta wakil ketua dpp knpi raden umar menyuarakan harapan presiden prabowo,raden umar,PER,1816
1536,jurnalpatrolinews jakarta wakil ketua dpp knpi raden umar menyuarakan harapan presiden prabowo,prabowo,PER,1816
1542,presiden prabowo menentukan struktur kabinet pemerintahannya madu pasca menang pilpres tinggalkan merealisasikan program kerjanya presiden prabowo membangun kabinet pemerintahan bersih,prabowo,PER,1822
1542,presiden prabowo menentukan struktur kabinet pemerintahannya madu pasca menang pilpres tinggalkan merealisasikan program kerjanya presiden prabowo membangun kabinet pemerintahan bersih,prabowo,PER,1822
1543,namanya nyata peoplepower demonstrasi nepal berhasil menumbangkan presiden random access memory chandra poudel perdana menteri sharma oli senin september,chandra poudel,PER,1823
1543,namanya nyata peoplepower demonstrasi nepal berhasil menumbangkan presiden random access memory chandra poudel perdana menteri sharma oli senin september,sharma oli,PER,1823
1544,banding bandingkan sadar suku jawa merdeka pimpin republik bubar gantian anjink serakah keadilan sara presiden jawa wapres jawa maksud mad anggap sukunyg,mad,PER,1824
1547,demonstrasi london memprotes kunjungan presiden isr4el isaac herzog inggris seruan penangkapannya kejahatan perang gen0sida gaza rabu malam menpora raffi ahmad denpasar tari harum manis,isaac herzog,PER,1827
1547,demonstrasi london memprotes kunjungan presiden isr4el isaac herzog inggris seruan penangkapannya kejahatan perang gen0sida gaza rabu malam menpora raffi ahmad denpasar tari harum manis,raffi ahmad denpasar,PER,1827
1548,terimakasih mengganti sri mulyani presiden budi arie,sri mulyani,PER,1830
1548,terimakasih mengganti sri mulyani presiden budi arie,budi arie,PER,1830
1552,diadain danantara suspect ngumumin timnya suspect tidak tahu dipikirannya presiden beserta jajarannya,danantara,PER,1834
1552,diadain danantara suspect ngumumin timnya suspect tidak tahu dipikirannya presiden beserta jajarannya,ngumumin,PER,1834
1553,berdasarkan pencarian terkini isu beredar pencopotan budi gunawan menko polhukam sept evaluasi kinerja presiden prabowo demokerusuhan sumber resmi istana via liputan6 amplifier tribunnews spekulasi imbas,budi gunawan,PER,1835
1553,berdasarkan pencarian terkini isu beredar pencopotan budi gunawan menko polhukam sept evaluasi kinerja presiden prabowo demokerusuhan sumber resmi istana via liputan6 amplifier tribunnews spekulasi imbas,prabowo demo,PER,1835
1554,orang menjelekkan presiden prabowo psikopat ngawur,prabowo,PER,1836
1557,cek ulang wikipedia inggris amplifier indonesia berita jakarta globe reuters sumber konfirmasi resmi purbaya yudhi sadewa ponakan prabowo subianto sang presiden saudaranya bianti maryani hashim hashanti rumor,purbaya yudhi sadewa,PER,1840
1557,cek ulang wikipedia inggris amplifier indonesia berita jakarta globe reuters sumber konfirmasi resmi purbaya yudhi sadewa ponakan prabowo subianto sang presiden saudaranya bianti maryani hashim hashanti rumor,prabowo subianto,PER,1840
1557,cek ulang wikipedia inggris amplifier indonesia berita jakarta globe reuters sumber konfirmasi resmi purbaya yudhi sadewa ponakan prabowo subianto sang presiden saudaranya bianti maryani hashim hashanti rumor,bianti maryani hashim hashanti,PER,1840
1559,ponakannya prabowo prabowo presiden indonesia kali coba oprek,prabowo prabowo,PER,1842
1560,siang presiden prabowo subianto berbincang langsung emir qatar mulia sheikh tamim buy it now hamad althani sambungan telepon perbincangan presiden prabowo kondisi terkini qatar pascaserangan israel doha qatar,prabowo subianto,PER,1843
1560,siang presiden prabowo subianto berbincang langsung emir qatar mulia sheikh tamim buy it now hamad althani sambungan telepon perbincangan presiden prabowo kondisi terkini qatar pascaserangan israel doha qatar,sheikh tamim,PER,1843
1560,siang presiden prabowo subianto berbincang langsung emir qatar mulia sheikh tamim buy it now hamad althani sambungan telepon perbincangan presiden prabowo kondisi terkini qatar pascaserangan israel doha qatar,hamad althani,PER,1843
1560,siang presiden prabowo subianto berbincang langsung emir qatar mulia sheikh tamim buy it now hamad althani sambungan telepon perbincangan presiden prabowo kondisi terkini qatar pascaserangan israel doha qatar,prabowo,PER,1843
1561,bapakku kena struk ringan bibirnya miring lihat prabowo bilang stroke dipilih papa susah jalan mikir keras presiden,prabowo,PER,1844
1562,presiden prabowo berani audit hutang segede gaban audit i know not kereta cepat bandara kertajati pembangunan pembangunan jalan thinking out loud,prabowo,PER,1845
1564,lonjakan dipicu faktor utama serangan israel pimpinan hamas qatar desakan presiden donald trump eropa memberlakukan tarif pembeli minyak rusia,donald trump,PER,1847
1565,uta rumah diusung presiden prabowo subianto simak selengkapnya video teman setahunberdampak indonesialengkap atrbpnkinilebihbaik atrbpnmajudanmodern melayaniprofesionalterpercaya,prabowo subianto,PER,1848
1568,presiden menteri apaapa nangisin smi aktor menko dasco teddy pantyhose,smi,PER,1851
1568,presiden menteri apaapa nangisin smi aktor menko dasco teddy pantyhose,dasco,PER,1851
1568,presiden menteri apaapa nangisin smi aktor menko dasco teddy pantyhose,teddy pantyhose,PER,1851
1569,sejarah sektor perumahan era presiden ara maruararsirait pramonoanung,ara maruararsirait pramonoanung,PER,1852
1571,habis man tomorrow lex lahirin anaknya presiden great villain anaknya lex gabung sisi superman bantu kandungnya melawan bapaknya jahat,lex lahirin,PER,1854
1571,habis man tomorrow lex lahirin anaknya presiden great villain anaknya lex gabung sisi superman bantu kandungnya melawan bapaknya jahat,lex,PER,1854
1571,habis man tomorrow lex lahirin anaknya presiden great villain anaknya lex gabung sisi superman bantu kandungnya melawan bapaknya jahat,superman,PER,1854
1572,maaf rakyat berhak bersuara pemerhati tiada keperluan ketua pemuda umno datuk akmal saleh mendesak presiden mca datuk seri small kakak siong memohon maaf berhubung isu kemasukan pelajar cemerlang univeristi awam berita757 rakyatkeutamaankami,datuk akmal saleh,PER,1855
1572,maaf rakyat berhak bersuara pemerhati tiada keperluan ketua pemuda umno datuk akmal saleh mendesak presiden mca datuk seri small kakak siong memohon maaf berhubung isu kemasukan pelajar cemerlang univeristi awam berita757 rakyatkeutamaankami,datuk seri small kakak siong,PER,1855
1573,perancis membara demo ugal ugalan parlemen peranci menggulingkan pm mosi percaya tinggal selangkah presiden macron tumbang tjd renaissance versi zaman pergerakan massa nular array technology inc. array technology inc.,macron,PER,1856
1573,perancis membara demo ugal ugalan parlemen peranci menggulingkan pm mosi percaya tinggal selangkah presiden macron tumbang tjd renaissance versi zaman pergerakan massa nular array technology inc. array technology inc.,tjd renaissance,PER,1856
1573,perancis membara demo ugal ugalan parlemen peranci menggulingkan pm mosi percaya tinggal selangkah presiden macron tumbang tjd renaissance versi zaman pergerakan massa nular array technology inc. array technology inc.,nular array technology inc,ORG,1856
1573,perancis membara demo ugal ugalan parlemen peranci menggulingkan pm mosi percaya tinggal selangkah presiden macron tumbang tjd renaissance versi zaman pergerakan massa nular array technology inc. array technology inc.,array technology inc,ORG,1856
1576,sumpah menakutkan polos minat jabatan kekuasaan saudara mantan presiden astagfirullah semoga bertobat ajal menjemput,astagfirullah,PER,1859
1577,tangkap anies paksa presiden awkwkwkw,anies,PER,1860
1583,presiden ngelantur prestasi olahraga raffi ahmad,raffi ahmad,PER,1867
1584,presiden prabowo tni ditarik pengamanan masyarakat bayangkan tentara situasi genting paralytic kriminal residivis penjahat sadis mengancam kabur lapas mencegahnya,prabowo tni,PER,1868
1589,anis calon presiden seumur hidupnya,anis,PER,1873
1590,lagilagi orang presiden prabowo percaya prestasi,prabowo,PER,1875
1591,frans dipakai stafsus presiden,frans,PER,1876
1592,apresiasi langkah menteri keuangan cerdas lihat kebijakan pajak presiden prabowo subianto menyetujui pemindahan dana pemerintah role play triliun bank indonesia bank nasional bentuk rekening pemerintah,prabowo subianto,PER,1877
1594,jasa budi ari mukidi urusan presiden termul begonya cakep,budi ari,PER,1879
1595,nctzen kaum anjing presiden bias grown man adult option choose memilih,nctzen,PER,1880
1599,beliau juru tulis menteri up close and personal suhartono situasi berbeda sri mulyani menjabat mentei keuangan era presiden ke7 republik indonesia joko widodo jokowi,suhartono,PER,1884
1599,beliau juru tulis menteri up close and personal suhartono situasi berbeda sri mulyani menjabat mentei keuangan era presiden ke7 republik indonesia joko widodo jokowi,sri mulyani,PER,1884
1599,beliau juru tulis menteri up close and personal suhartono situasi berbeda sri mulyani menjabat mentei keuangan era presiden ke7 republik indonesia joko widodo jokowi,joko widodo,PER,1884
1599,beliau juru tulis menteri up close and personal suhartono situasi berbeda sri mulyani menjabat mentei keuangan era presiden ke7 republik indonesia joko widodo jokowi,jokowi,PER,1884
1601,presiden dukung presiden prabowo mengejar koruptor antartika koruptor antarakita monitor yth presiden,prabowo,PER,1886
1602,bambang tri mulyono penulis a lot of jokowi undercover kontroversial menuduh presiden jokowi ijazah palsu dsb divonis penjara ujaran kebencian pelanggaran uu alright amplifier penistaan agama bebas bersyarat america's got talent  lapas sragen hilang,bambang tri mulyono,PER,1887
1602,bambang tri mulyono penulis a lot of jokowi undercover kontroversial menuduh presiden jokowi ijazah palsu dsb divonis penjara ujaran kebencian pelanggaran uu alright amplifier penistaan agama bebas bersyarat america's got talent  lapas sragen hilang,jokowi,PER,1887
1602,bambang tri mulyono penulis a lot of jokowi undercover kontroversial menuduh presiden jokowi ijazah palsu dsb divonis penjara ujaran kebencian pelanggaran uu alright amplifier penistaan agama bebas bersyarat america's got talent  lapas sragen hilang,jokowi,PER,1887
1603,wartawan istana harian kompas suhartono mantan menteri keuangan sri mulyani juru tulis era kepemimpinan presiden prabowo subianto diungkap suhartono business bicara spesial hut ke14 kompastv selasa malam bersambung,suhartono,PER,1888
1603,wartawan istana harian kompas suhartono mantan menteri keuangan sri mulyani juru tulis era kepemimpinan presiden prabowo subianto diungkap suhartono business bicara spesial hut ke14 kompastv selasa malam bersambung,sri mulyani,PER,1888
1603,wartawan istana harian kompas suhartono mantan menteri keuangan sri mulyani juru tulis era kepemimpinan presiden prabowo subianto diungkap suhartono business bicara spesial hut ke14 kompastv selasa malam bersambung,prabowo subianto,PER,1888
1603,wartawan istana harian kompas suhartono mantan menteri keuangan sri mulyani juru tulis era kepemimpinan presiden prabowo subianto diungkap suhartono business bicara spesial hut ke14 kompastv selasa malam bersambung,suhartono,PER,1888
1606,senang sri mulyani diganti tunggutunggu bayangkan presiden menkeu ttapi,sri mulyani,PER,1891
1607,singkat sihtapi unt presiden revisi rapbn revisi uu no offence rpjp nasional menko menteri diganti patuh,sihtapi,PER,1892
1608,erdogan presiden turkiye invasi irak mendukung masuknya pasukan irak trkiye menerima mengancam hugs and kisses israel hidup,erdogan,PER,1893
1608,erdogan presiden turkiye invasi irak mendukung masuknya pasukan irak trkiye menerima mengancam hugs and kisses israel hidup,trkiye,PER,1893
1610,presiden brics mngganggu dominasi united states of america israhell tangan tangan cawe cawe demo,brics,ORG,1895
1610,presiden brics mngganggu dominasi united states of america israhell tangan tangan cawe cawe demo,israhell,PER,1895
1610,presiden brics mngganggu dominasi united states of america israhell tangan tangan cawe cawe demo,cawe cawe,PER,1895
1612,keponakan presiden prabowo subianto rahayu saraswati mundur jabatannya anggota dpr ri rahayu permohonan maaf potongan pernyataannya podcast ramai dihujat publik rahayusaraswati presidenprabowo prabowo dprri,prabowo subianto,PER,1897
1612,keponakan presiden prabowo subianto rahayu saraswati mundur jabatannya anggota dpr ri rahayu permohonan maaf potongan pernyataannya podcast ramai dihujat publik rahayusaraswati presidenprabowo prabowo dprri,rahayu saraswati,PER,1897
1612,keponakan presiden prabowo subianto rahayu saraswati mundur jabatannya anggota dpr ri rahayu permohonan maaf potongan pernyataannya podcast ramai dihujat publik rahayusaraswati presidenprabowo prabowo dprri,rahayu,PER,1897
1612,keponakan presiden prabowo subianto rahayu saraswati mundur jabatannya anggota dpr ri rahayu permohonan maaf potongan pernyataannya podcast ramai dihujat publik rahayusaraswati presidenprabowo prabowo dprri,rahayusaraswati,PER,1897
1615,presiden berat bebannya kagak sanggup lihat besok dd kesal orang nyala tawa (laugh) main ca dd,dd,PER,1900
1619,kayaknya bikin presiden memilih menkeu peristiwa purbaya ramal demo besarbesaran prabowo srimul,prabowo srimul,PER,1904
1620,mulyono cocoknya presiden dunia kakak mutualan kakak,mulyono,PER,1905
1624,ayolah serius presiden membantu negara krisis agen dinadiemkan komentar permasalhannya linknya menarik opini tinggal tunggu,dinadiem,PER,1909
1628,mulutnya ember junjungannya hoby ngutang berbohong korupsi ngebet gibran presiden wajah oon ampngg ijazah hasil melanggar konstitusi dibanggakan membuka peluang kerja 19juta asam sulfat hasil dicrikan kerja owi,gibran,PER,1913
1628,mulutnya ember junjungannya hoby ngutang berbohong korupsi ngebet gibran presiden wajah oon ampngg ijazah hasil melanggar konstitusi dibanggakan membuka peluang kerja 19juta asam sulfat hasil dicrikan kerja owi,oon ampngg,PER,1913
1629,maaf salah cek ulang video asli acara sarasehan ekonomi april burhanuddin muhtadi bicara indeks kepercayaan presiden prabowo label tanggal video gangguan terimakasih pointing,burhanuddin muhtadi,PER,1914
1629,maaf salah cek ulang video asli acara sarasehan ekonomi april burhanuddin muhtadi bicara indeks kepercayaan presiden prabowo label tanggal video gangguan terimakasih pointing,prabowo,PER,1914
1630,myharian memetik sumber berita sinar harian kota bharu naib presiden datuk mohd amar abdullah mendedahkan bekas menteri jabatan perdana menteri waytha moorthy memilih mendekati parti pembangkang kerana berkongsi matlamat politik,myharian,PER,1915
1630,myharian memetik sumber berita sinar harian kota bharu naib presiden datuk mohd amar abdullah mendedahkan bekas menteri jabatan perdana menteri waytha moorthy memilih mendekati parti pembangkang kerana berkongsi matlamat politik,sinar harian,ORG,1915
1630,myharian memetik sumber berita sinar harian kota bharu naib presiden datuk mohd amar abdullah mendedahkan bekas menteri jabatan perdana menteri waytha moorthy memilih mendekati parti pembangkang kerana berkongsi matlamat politik,datuk mohd amar abdullah,PER,1915
1630,myharian memetik sumber berita sinar harian kota bharu naib presiden datuk mohd amar abdullah mendedahkan bekas menteri jabatan perdana menteri waytha moorthy memilih mendekati parti pembangkang kerana berkongsi matlamat politik,waytha moorthy,PER,1915
1631,kepleset dikit gibran presiden,gibran,PER,1916
1632,biang kerusuhan kemarin geng solo prabowo jatuh fufufafa presiden,prabowo,PER,1917
1639,beliau kakak cepett politik presidenwapres politik luass,cepett,PER,1924
1642,bikin namanya nation league usahlah pakai embel presiden,nation league,ORG,1927
1643,maksudnya sumber reuters universitas eropa memberlakukan tarif bea masuk barang india china presiden trump upaya trump menekan rusia mitra dagangnya china india beli minyak,reuters universitas eropa,ORG,1928
1643,maksudnya sumber reuters universitas eropa memberlakukan tarif bea masuk barang india china presiden trump upaya trump menekan rusia mitra dagangnya china india beli minyak,trump,PER,1928
1643,maksudnya sumber reuters universitas eropa memberlakukan tarif bea masuk barang india china presiden trump upaya trump menekan rusia mitra dagangnya china india beli minyak,trump,PER,1928
1644,rahayu saraswati djojohadikusumo keponakan presiden prabowo subianto mengundurkan jabatannya anggota dpr ri dewan perwakilan rakyat republik indonesia periode alasannya kontroversi pernyataannya podcast februari,rahayu saraswati djojohadikusumo,PER,1929
1644,rahayu saraswati djojohadikusumo keponakan presiden prabowo subianto mengundurkan jabatannya anggota dpr ri dewan perwakilan rakyat republik indonesia periode alasannya kontroversi pernyataannya podcast februari,prabowo subianto,PER,1929
1645,perintah presiden prabowo mosok digubris backingi penambang liar sikat jenderal aktif pensiun,prabowo,PER,1930
1646,gugatan pribadi subhan palal role play triliun sidang perdana wakil presiden gibran pakai pengacara negara diprotes baca selengkapnya gibran subhan indonesia indonesiadamaibersatu rabu pelantikan menpora rahayu saraswati mundur,subhan palal,PER,1931
1646,gugatan pribadi subhan palal role play triliun sidang perdana wakil presiden gibran pakai pengacara negara diprotes baca selengkapnya gibran subhan indonesia indonesiadamaibersatu rabu pelantikan menpora rahayu saraswati mundur,gibran,PER,1931
1646,gugatan pribadi subhan palal role play triliun sidang perdana wakil presiden gibran pakai pengacara negara diprotes baca selengkapnya gibran subhan indonesia indonesiadamaibersatu rabu pelantikan menpora rahayu saraswati mundur,gibran subhan,PER,1931
1646,gugatan pribadi subhan palal role play triliun sidang perdana wakil presiden gibran pakai pengacara negara diprotes baca selengkapnya gibran subhan indonesia indonesiadamaibersatu rabu pelantikan menpora rahayu saraswati mundur,rahayu saraswati,PER,1931
1651,mbaknya joget joget presiden prabowo marah stop it kakak kader gerindra apresiasi sportif kikmana dedy sitorus stop it ibuprofen kerudung merah suaminya korupsi dipecat suruh mundur kader brengsek dibelain nglunjak,prabowo,PER,1937
1651,mbaknya joget joget presiden prabowo marah stop it kakak kader gerindra apresiasi sportif kikmana dedy sitorus stop it ibuprofen kerudung merah suaminya korupsi dipecat suruh mundur kader brengsek dibelain nglunjak,kikmana,PER,1937
1651,mbaknya joget joget presiden prabowo marah stop it kakak kader gerindra apresiasi sportif kikmana dedy sitorus stop it ibuprofen kerudung merah suaminya korupsi dipecat suruh mundur kader brengsek dibelain nglunjak,dedy sitorus,PER,1937
1652,presiden prabowo tekankan strategi percepatan pertumbuhan ekonomi simak selengkapnya baca artikel news most1058 prabowo strategi ekonomi,prabowo,PER,1938
1652,presiden prabowo tekankan strategi percepatan pertumbuhan ekonomi simak selengkapnya baca artikel news most1058 prabowo strategi ekonomi,prabowo,PER,1938
1653,presiden kasuh perintah selebay improvisasi parcok karen majukan raja jawa palsu kuliti kejahatan medsos corong independen input lamgsung presiden,medsos,ORG,1939
1655,orang indonesia goblok femisida dicari cari kesalahan dosa cewenya ujung ujung membela stop it laki ngebunuhnya goblok idiot presiden prabowo,prabowo,PER,1941
1659,heran user interface kemarin kemarin presiden ganti sri sri user interface purbaya itb,sri sri,PER,1946
1663,kajian politik merah putih ancaman prabowo serangan langsung trhdp presiden skenario pemakzulan ketiga ancaman ekonomi kendali oligarki keempat orang powerrevolusi,prabowo,PER,1951
1667,menteri keuangan purbaya yudhi sadewa menemui presiden prabowo subianto istana merdeka jakarta rabu september pertemuan membahas perkembangan proses pembahasan anggaran pendapatan belanja negara apbn dewan,purbaya yudhi sadewa,PER,1955
1667,menteri keuangan purbaya yudhi sadewa menemui presiden prabowo subianto istana merdeka jakarta rabu september pertemuan membahas perkembangan proses pembahasan anggaran pendapatan belanja negara apbn dewan,prabowo subianto,PER,1955
1669,rahayu saraswati pensiun dunia politik dugaan rahayu mengisi pos posisi menteri pemuda olahraga kosong lembaga presiden prabowo percaya,rahayu saraswati,PER,1957
1669,rahayu saraswati pensiun dunia politik dugaan rahayu mengisi pos posisi menteri pemuda olahraga kosong lembaga presiden prabowo percaya,rahayu,PER,1957
1669,rahayu saraswati pensiun dunia politik dugaan rahayu mengisi pos posisi menteri pemuda olahraga kosong lembaga presiden prabowo percaya,prabowo,PER,1957
1671,citacita milenial dokter pilot presiden guru lewatin usia kerja sesuai jurusanpassion cicilan apapun tabungan pensiun keluarga mengaku,citacita milenial,PER,1959
1672,ujian mengabdi negara presiden prabowo mantan presiden jokowi ujian mudah tangkap orang,prabowo,PER,1960
1672,ujian mengabdi negara presiden prabowo mantan presiden jokowi ujian mudah tangkap orang,jokowi,PER,1960
1673,piala presiden sepakat mindos pengganti piala liga kompetisi kelompok umur grup satelit grup utama liga isl u21 outputnya timnas u23 affirmative sea games amplifier piala asia,timnas u23 affirmative sea games amplifi,ORG,1962
1674,prabowo presiden blunder pilih menteri thank you menggantikan presiden,prabowo,PER,1963
1677,mendadak bersimpati smi smi langgeng presiden merusak amplifier meninggalkan beban terdahsyat bangsa langgeng presiden mengurai bukti ketidakbecusannya pakai logika fakta menilai mikir,smi smi,PER,1966
1683,kocak pejabat era rezim omonomon presiden pejabat kemenhan mentalnya,omonomon,PER,1973
1684,ntu presiden joyride,joyride,PER,1974
1685,anggota parlemen eropa irene montero mengonfrontasi ursula telepon duh! leyen dapatkah bayangkan nyonya presiden israel membakar anakanak hiduphidup membakar anakanak palestina membunuh application programming interface kelaparan,irene montero,PER,1975
1685,anggota parlemen eropa irene montero mengonfrontasi ursula telepon duh! leyen dapatkah bayangkan nyonya presiden israel membakar anakanak hiduphidup membakar anakanak palestina membunuh application programming interface kelaparan,ursula,PER,1975
1688,pemberitaan positif kutipan tokoh mahfud doctor of medicine amplifier heikal safar mengapresiasi amplifier mendukung ketegasan presiden sisi contoh pemberitaan bernada negatif kritis,heikal safar,PER,1978
1689,hidup finesyht bakekok presiden,finesyht bakeko,PER,1979
1690,podcast bareng letkol trituler pernyataan menarik kejadian aksi kemarin salah satunya keterlibatan presiden pekan agenda cina eksekusi lihai sesuai a social networking site kakak bon,letkol trituler,PER,1980
1690,podcast bareng letkol trituler pernyataan menarik kejadian aksi kemarin salah satunya keterlibatan presiden pekan agenda cina eksekusi lihai sesuai a social networking site kakak bon,bon,PER,1980
1692,ideologi merujuk doktrin nasakom manipolusdek soekarno demokrasi terpimpin pendidikan orde dipengaruhi ideologi nasakom manipolusdek dianut presiden soekarno,soekarno,PER,1982
1693,menyasarkan qatar memainkan peranan perantara israel isyarat bahawa tiada negara selamat keangkuhannya ahmad fahmi mohd samsudin presiden abim baca,ahmad fahmi mohd samsudin,PER,1983
1695,wakil presiden gibran rakabuming raka ketua komisi four dpr ri titiek soeharto kompak menghadiri panen lobster balai prasarana budidaya laut bpbl batam rabu imnusantara gibranrakabuming titieksoeharto batam ekonomi news fypage,gibran rakabuming raka,PER,1985
1695,wakil presiden gibran rakabuming raka ketua komisi four dpr ri titiek soeharto kompak menghadiri panen lobster balai prasarana budidaya laut bpbl batam rabu imnusantara gibranrakabuming titieksoeharto batam ekonomi news fypage,titiek soeharto,PER,1985
1695,wakil presiden gibran rakabuming raka ketua komisi four dpr ri titiek soeharto kompak menghadiri panen lobster balai prasarana budidaya laut bpbl batam rabu imnusantara gibranrakabuming titieksoeharto batam ekonomi news fypage,balai prasarana budidaya laut bpbl batam,ORG,1985
1695,wakil presiden gibran rakabuming raka ketua komisi four dpr ri titiek soeharto kompak menghadiri panen lobster balai prasarana budidaya laut bpbl batam rabu imnusantara gibranrakabuming titieksoeharto batam ekonomi news fypage,imnusantara gibranrakabuming titieksoeharto,PER,1985
1695,wakil presiden gibran rakabuming raka ketua komisi four dpr ri titiek soeharto kompak menghadiri panen lobster balai prasarana budidaya laut bpbl batam rabu imnusantara gibranrakabuming titieksoeharto batam ekonomi news fypage,batam ekonomi news fypage,ORG,1985
1697,integrated development environment bagus bantar gebang dipindahin dpr istana presiden,integrated development environment,ORG,1987
1699,presiden prabowo duka caught in the act banjir bali name that tune malam denpasar kamil murah murah,prabowo duka,PER,1990
1700,pengunjuk propalestina mencemooh presiden donald trump trump restoran washington don't care meneriakkan trump hitler,donald trump,PER,1991
1701,loker gibran bbuat presiden pm nepal,loker gibran bb,PER,1992
1704,menteri keuangan purbaya yudhi sadewa laporan presiden prabowo subianto perubahan rancangan apbn baca selengkapnya laugh loudly perubahananggaran rapbn2026,purbaya yudhi sadewa,PER,1995
1704,menteri keuangan purbaya yudhi sadewa laporan presiden prabowo subianto perubahan rancangan apbn baca selengkapnya laugh loudly perubahananggaran rapbn2026,prabowo subianto,PER,1995
1705,breaking rabu keponakan prabowo rahayu saraswati umumkan pengunduran dpr keponakan presiden prabowo subianto politikus partai gerindra rahayu saraswati resmi mengundurkan anggota dpr baca selengkapnya,prabowo,PER,1996
1705,breaking rabu keponakan prabowo rahayu saraswati umumkan pengunduran dpr keponakan presiden prabowo subianto politikus partai gerindra rahayu saraswati resmi mengundurkan anggota dpr baca selengkapnya,rahayu saraswati,PER,1996
1705,breaking rabu keponakan prabowo rahayu saraswati umumkan pengunduran dpr keponakan presiden prabowo subianto politikus partai gerindra rahayu saraswati resmi mengundurkan anggota dpr baca selengkapnya,prabowo subianto,PER,1996
1705,breaking rabu keponakan prabowo rahayu saraswati umumkan pengunduran dpr keponakan presiden prabowo subianto politikus partai gerindra rahayu saraswati resmi mengundurkan anggota dpr baca selengkapnya,rahayu saraswati,PER,1996
1706,presiden wapres indonesia bahasa isyaratnya diajari guru akuand shifty nyala isyarat gibran megawati,megawati,PER,1997
1707,izin berpendapat fakta khusus hutang negara membangun presiden presiden hutang menukik zaman menkeu asumsi,izin,PER,1998
1710,satusatu lihat tingkah paralytic menteri menteri konyol sungguh pnas hati amplifier energi tekuras habis fokus orang hugs and kisses prerogatif membuangnya society of jesus berani mecatnya realnya presiden disandera,society of jesus,ORG,2001
1711,beol anjenk mending sinidah presiden qualified,beol anjenk,PER,2002
1713,sri mulyani notis sejam dipecat menteri kewangan indonesia sumber bhbisnes beliau mesyuarat selepas petang menerima panggilan salah pembantu terdekat presiden prabowo,sri mulyani notis,PER,2005
1713,sri mulyani notis sejam dipecat menteri kewangan indonesia sumber bhbisnes beliau mesyuarat selepas petang menerima panggilan salah pembantu terdekat presiden prabowo,sumber bhbisnes,PER,2005
1713,sri mulyani notis sejam dipecat menteri kewangan indonesia sumber bhbisnes beliau mesyuarat selepas petang menerima panggilan salah pembantu terdekat presiden prabowo,prabowo,PER,2005
1716,wajib belajar biar orang malas membaca brother cek statik presiden utang menambah namanya pembangunan ekonomi bodoh indonesia masuk negara menengah keatas presiden program menarik anis,anis,PER,2008
1720,memasuki dinamika politik nasional mengalami pergolakan salah satunya pengunduran mohammad hatta jabatan wakil presiden ri desember,mohammad hatta,PER,2014
1722,mahkamah agung setuju mempercepat peninjauan tarif trump mahkamah agung menyetujui peninjauan cepat banding presiden donald trump putusan pengadilan rendah tarif globalnya luas melanggar hukum,trump,PER,2016
1722,mahkamah agung setuju mempercepat peninjauan tarif trump mahkamah agung menyetujui peninjauan cepat banding presiden donald trump putusan pengadilan rendah tarif globalnya luas melanggar hukum,donald trump,PER,2016
1725,gibran langsung lantik presiden ri nepal,gibran,PER,2020
1730,hebat lihat kedepan mengatasi ekonomi dirasakan rakyat presiden hrp dicopot,hrp,PER,2025
1732,brother maunya pajak rendah anggaran sesuai kebutuhan rakyat program ambisius presiden berjalan dpr diandelin suara orang menteri objektif,brother,PER,2027
1733,preett pakai pencitraan lihat mantan presiden hidupnya butuh namanya terkenal,preett,PER,2028
1734,for your information undangundang indonesia dibentuk dpr legislatif presiden eksekutif sesuai ketentuan pasal uud dpr berisi anak buah ketum partai eksekutif berisi ketum partai trias politicanya becanda,trias politicanya,PER,2029
1734,for your information undangundang indonesia dibentuk dpr legislatif presiden eksekutif sesuai ketentuan pasal uud dpr berisi anak buah ketum partai eksekutif berisi ketum partai trias politicanya becanda,becanda,PER,2029
1735,kursi menteri pemuda olahraga menpora sorotan reshuffle kabinet presiden prabowo subianto menyisakan posisi kosong,prabowo subianto,PER,2030
1740,enak gibran ributribut sasaran geng solo seolaholah bowo presiden lemah kuasanya dikangkangi jokowi dikitdikit geng solo exvoter bowo amplifier anies,enak,PER,2035
1740,enak gibran ributribut sasaran geng solo seolaholah bowo presiden lemah kuasanya dikangkangi jokowi dikitdikit geng solo exvoter bowo amplifier anies,gibran,PER,2035
1740,enak gibran ributribut sasaran geng solo seolaholah bowo presiden lemah kuasanya dikangkangi jokowi dikitdikit geng solo exvoter bowo amplifier anies,bowo,PER,2035
1740,enak gibran ributribut sasaran geng solo seolaholah bowo presiden lemah kuasanya dikangkangi jokowi dikitdikit geng solo exvoter bowo amplifier anies,jokowi,PER,2035
1740,enak gibran ributribut sasaran geng solo seolaholah bowo presiden lemah kuasanya dikangkangi jokowi dikitdikit geng solo exvoter bowo amplifier anies,bowo,PER,2035
1740,enak gibran ributribut sasaran geng solo seolaholah bowo presiden lemah kuasanya dikangkangi jokowi dikitdikit geng solo exvoter bowo amplifier anies,anies,PER,2035
1747,terbuka amplifier transparan sosialisasi makan bergizi gratis tujuan presiden prabowo lahirkan generasi berkualitas,prabowo,PER,2042
1748,piala presiden digelar april format pramusim kompetisi resmi piala liga diikuti grup indonesia ajang bertujuan wadah kompetisi paralytic pemain u23 pialapresiden2026,grup indonesia,ORG,2043
1750,kebangkitan negara nepal terjebak dinasti jkw etes presiden,jkw etes,PER,2045
1751,semoga diikuti prabowo presiden hasil curang bawaannya tenang,prabowo,PER,2046
1753,purbaya menkeu laporkan progres pembahasan apbn prabowo presiden,purbaya,PER,2048
1753,purbaya menkeu laporkan progres pembahasan apbn prabowo presiden,prabowo,PER,2048
1754,rencana piala presiden liga tingkat nasional piala bupatiwalikota piala gubernur pangdam era djadoel era rayonzonewilayah,djadoel,PER,2049
1754,rencana piala presiden liga tingkat nasional piala bupatiwalikota piala gubernur pangdam era djadoel era rayonzonewilayah,rayonzonewilayah,PER,2049
1757,hey hi teman imipas menteri imigrasi pemasyarakatan agus andrianto meresmikan program ketahanan pangan nusakambangan langkah warga binaan memperoleh keahlian bidang pertanian mendukung langsung program asta caught in the act presiden prabowo,hey hi teman imipas,PER,2052
1757,hey hi teman imipas menteri imigrasi pemasyarakatan agus andrianto meresmikan program ketahanan pangan nusakambangan langkah warga binaan memperoleh keahlian bidang pertanian mendukung langsung program asta caught in the act presiden prabowo,agus andrianto,PER,2052
1757,hey hi teman imipas menteri imigrasi pemasyarakatan agus andrianto meresmikan program ketahanan pangan nusakambangan langkah warga binaan memperoleh keahlian bidang pertanian mendukung langsung program asta caught in the act presiden prabowo,prabowo,PER,2052
1759,politikus partai gerindra keponakan presiden prabowo subianto rahayu saraswati djojohadikusumo resmi mengundurkan jabatannya anggota dpr ri kepastian langsung video diunggah akun instagram pribadinya rabu,prabowo subianto,PER,2054
1759,politikus partai gerindra keponakan presiden prabowo subianto rahayu saraswati djojohadikusumo resmi mengundurkan jabatannya anggota dpr ri kepastian langsung video diunggah akun instagram pribadinya rabu,rahayu saraswati djojohadikusumo,PER,2054
1762,terlepas ponakan presiden kakak rahayu saraswati andil bangsa beliau salah artis politikus concern isu isu perdagangan manusia perlindungan anak mendirikan yayasan isu,rahayu saraswati,PER,2057
1767,pm anwar thailand stabil perdana menteri baharu beliau berhubung presiden prabowo normal malaysiamadani myasean2025 ekonomimadani,anwar thailand,PER,2062
1767,pm anwar thailand stabil perdana menteri baharu beliau berhubung presiden prabowo normal malaysiamadani myasean2025 ekonomimadani,prabowo,PER,2062
1767,pm anwar thailand stabil perdana menteri baharu beliau berhubung presiden prabowo normal malaysiamadani myasean2025 ekonomimadani,##madani,PER,2062
1768,presiden prabowo sengaja mengosongkan mekopolkam menpora gelombang rehuffle staytune,prabowo,PER,2063
1770,sumber berita dugaan rencana memindahkan utang us35 triliun stablecoin usdt usdc klaim penasihat presiden rusia anton kobyakov,anton kobyakov,PER,2065
1771,acara diawali sambutan ketua satgas bp taskin despen ompusunggu beliau profil bp taskin lembaga negara setara kementerian program prioritas presiden,despen ompusunggu,PER,2066
1772,jonan menteri menhub utang kcic lunas presiden presiden relative kereta mangkrak kereta,jonan,PER,2067
1773,penasihat presiden rusia anton kobyakov menuding amerika serikat berencana memindahkan utang nasional us35 triliun bentuk stablecoin usdt usdc menurutnya langkah bertujuan mendevaluasi utang mereset sistem keuangan global,anton kobyakov,PER,2068
1775,malu ege kemarin misuhin pemerintah presiden normalisasiin artificial intelligence goblok,ege,PER,2070
1777,presiden prabowo subianto duka caught in the act mendalam bencana banjir melanda wilayah bali nusa tenggara timur name that tune rabu siang presiden menginstruksikan kepala bnpb instansi terkait lokasi bencana,prabowo subianto,PER,2073
1780,politikus partai gerindra rahayu saraswati djojohadikusumo sara keponakan presiden prabowo subianto mengundurkan jabatannya anggota dpr ri periode diutarakannya unggahan akun instagram pribadinya,rahayu saraswati djojohadikusumo sara,PER,2076
1780,politikus partai gerindra rahayu saraswati djojohadikusumo sara keponakan presiden prabowo subianto mengundurkan jabatannya anggota dpr ri periode diutarakannya unggahan akun instagram pribadinya,prabowo subianto,PER,2076
1783,turnamen liga kakak mulainya september april putaran nasional piala presiden kemukinan ikuti grup liga,grup liga,ORG,2079
1785,presiden prabowo subianto tindak cepat banjir bali name that tune,prabowo subianto,PER,2081
1787,erick berasa gamang direshuffle presiden akibat perusahaan anak perusahaan bumn pimpin,erick,PER,2083
1787,erick berasa gamang direshuffle presiden akibat perusahaan anak perusahaan bumn pimpin,gamang,PER,2083
1789,ibuprofen megawati presiden,megawati,PER,2085
1790,carriernya musti nama presiden contohnya united states ship chester nimitz presiden united states ship george bush,united states ship,ORG,2086
1790,carriernya musti nama presiden contohnya united states ship chester nimitz presiden united states ship george bush,chester nimitz,PER,2086
1790,carriernya musti nama presiden contohnya united states ship chester nimitz presiden united states ship george bush,george bush,PER,2086
1791,rahayu saraswati keponakan presiden prabowo mundur dprri,rahayu saraswati,PER,2087
1791,rahayu saraswati keponakan presiden prabowo mundur dprri,prabowo,PER,2087
1792,berdasarkan information terkini september jabatan kapolri listyo sigit pengumuman resmi batas usia pensiun mei presiden perpanjang jaringan prabowo perpanjangan isu pergantian muncul,listyo sigit,PER,2088
1792,berdasarkan information terkini september jabatan kapolri listyo sigit pengumuman resmi batas usia pensiun mei presiden perpanjang jaringan prabowo perpanjangan isu pergantian muncul,prabowo,PER,2088
1794,sabrina bentar presiden,sabrina bentar,PER,2090
1796,demonstrasi presiden pm mundur menteri dikejar ditelanjangi terinspirasi indonesia diharapkan mundur wapreskapolri kpk jakgung mundur menunggu dipecat,jakgung,PER,2092
1799,jabatan kapolri listyo sigit prabowo januari tanggal resmi diumumkan seumur hidup batas usia pensiun polisi lahir mei mei diperpanjang presiden,listyo sigit prabowo,PER,2095
1800,cerita kesasar mamakku pokoknya kesasar bandara bunderan bandara berhenti polisi mobil polisi amplifier antek stop it wakil presiden also known as gibran laugh out loud literally,gibran,PER,2096
1801,rahayu saraswati cocok menpora semoga dipertimbangkan presiden prabowo,rahayu saraswati,PER,2097
1801,rahayu saraswati cocok menpora semoga dipertimbangkan presiden prabowo,prabowo,PER,2097
1802,sosok rahayu saraswati anggota dpr ri memilih mundur keponakan presiden prabowo,rahayu saraswati,PER,2098
1802,sosok rahayu saraswati anggota dpr ri memilih mundur keponakan presiden prabowo,prabowo,PER,2098
1804,piala presiden kontemporer kejuaraan pengisi kekosongan kompetisi turnamen jangka pendek kelak terpaksa diadakan turnamen jangka isc kompetisi berjalan pra musim,isc,ORG,2100
1805,rakyat bersu ara inews sengaja mengundang orang benci jokowi ubedilah badrun menebar penghasutan ujaran kebencian ubedilah menuduh presiden prabowo adil,jokowi,PER,2102
1805,rakyat bersu ara inews sengaja mengundang orang benci jokowi ubedilah badrun menebar penghasutan ujaran kebencian ubedilah menuduh presiden prabowo adil,ubedilah,PER,2102
1805,rakyat bersu ara inews sengaja mengundang orang benci jokowi ubedilah badrun menebar penghasutan ujaran kebencian ubedilah menuduh presiden prabowo adil,prabowo,PER,2102
1806,good move keponakan presiden information intelanalisis sospol mungkn memprediksi gelombang phk menggulung indonesia berujung demo besaran menggerebek pejabat asbun menyepelekan rakyat miskin pengangguran nepal asbunnya,good mov,PER,2103
1806,good move keponakan presiden information intelanalisis sospol mungkn memprediksi gelombang phk menggulung indonesia berujung demo besaran menggerebek pejabat asbun menyepelekan rakyat miskin pengangguran nepal asbunnya,mungkn,PER,2103
1808,menggambarkan paralytic presiden hasil pilpres surabaya jaim jaga image pengambilan keputusan pertimbangan amplifier penuh kehatihatian jokowi nekat pengambilan keputusan jalan mempertimbangkan resiko besarnya,jokowi,PER,2105
1809,presiden mandat ibuprofen universitas lubis cepat supersemar pandji channel youtube mengakak terspill ijek anak anak seng durong menyadar kie,seng durong,PER,2106
1812,akumah mending menkeu urus keuangan negara belanja negara pajak pertumbuhan ekonomi kebijakan anggaran i know not amplifier lapangan pekerjaan tagih new overhauled presiden amplifier wakilnya wakil rakyat nasib nepal huft,akumah,PER,2109
1812,akumah mending menkeu urus keuangan negara belanja negara pajak pertumbuhan ekonomi kebijakan anggaran i know not amplifier lapangan pekerjaan tagih new overhauled presiden amplifier wakilnya wakil rakyat nasib nepal huft,huft,PER,2109
1813,anjing nontonin inews setres berjamaah mendengarkan penjilat mulyono gendut mulyono presiden terbaik indonesia anjing bahagia dibawah beye anjing,mulyono,PER,2110
1813,anjing nontonin inews setres berjamaah mendengarkan penjilat mulyono gendut mulyono presiden terbaik indonesia anjing bahagia dibawah beye anjing,mulyono,PER,2110
1817,makasyi presiden jihan,jihan,PER,2114
1818,presiden aljazair abdelmajid tebboune menyerukan persatuan negaranegara afrika mewujudkan potensi kekuatan ekonomi kolektif terjamah meningkatkan martabat ekonomi afrika muka dunia,abdelmajid tebboune,PER,2115
1819,silaturahmi jajaran pengurus dniks dirut phantasy tour agrinas palma nusantara,phantasy tour agrinas palma nusantara,ORG,2116
1820,aria bima reshuffle hugs and kisses prerogatif presiden pokoknya reshuffle pdi perjuangan pemerintahan pdiperjuangan pdip genbanteng genb reshufflekabinet,aria bima,PER,2117
1823,presiden mydy enggak mau kalah cewek park body odour young,mydy,PER,2120
1824,trio tenshi no offence shipo reuni dukung tulus kakak presiden hidup jokowi,jokowi,PER,2121
1825,ramalan rocky gerung ampuh rekaman video acara podcast rocky gerung menantu mantan presiden joko widodo tersangka dipanggil kpk,rocky gerung,PER,2122
1825,ramalan rocky gerung ampuh rekaman video acara podcast rocky gerung menantu mantan presiden joko widodo tersangka dipanggil kpk,rocky gerung,PER,2122
1825,ramalan rocky gerung ampuh rekaman video acara podcast rocky gerung menantu mantan presiden joko widodo tersangka dipanggil kpk,joko widodo,PER,2122
1826,terima kasih tanggapanmu presiden trump barubaru somebody else's problem memperingatkan risiko terkait konflik ukraina amplifier eropa sumber wion reuters logisnya rasional perang dihindari diplomasi kuat cegah,wion reuters,ORG,2123
1827,wajib presiden menteri wajib dimintakan pertanggung keputusan amplifier kebijakan menjabat enak selesai society of jesus beban,society of jesus,ORG,2124
1828,pembangunan sekolah presiden prabowo bikin anak bangsa cerah,prabowo,PER,2125
1829,ratas istana presiden prabowo tekankan percepatan program prioritas nasional,prabowo,PER,2126
1830,kementerian rehabilitasi bangunan terdampak aksi penyampaian aspirasi kementerian pekerjaan bergerak cepat menindaklanjuti arahan presiden prabowo subianto menangani kerusakan bangunan akibat aksi penyampaian aspirasi masyarakat agustus,prabowo subianto,PER,2127
1831,logically rasional perang tokoh tokoh presiden trump minggu peringatan bahaya informasi informasi valid dibandingkan ketahui cegah,trump,PER,2128
1834,ucapan mental kolonial berujung ponakan presiden prabowo rahayu saraswati maaf mundur dpr simak kisah lengkapnya rahayusaraswati dpr prabowo,prabowo rahayu saraswati,PER,2131
1834,ucapan mental kolonial berujung ponakan presiden prabowo rahayu saraswati maaf mundur dpr simak kisah lengkapnya rahayusaraswati dpr prabowo,rahayusaraswati,PER,2131
1834,ucapan mental kolonial berujung ponakan presiden prabowo rahayu saraswati maaf mundur dpr simak kisah lengkapnya rahayusaraswati dpr prabowo,prabowo,PER,2131
1835,tolonglah dijaga mulut keponakan presiden konglo masuk parlemen,konglo,PER,2132
1838,panggil menkeu purbaya presiden prabowo terima laporan progres pembahasan apbn,purbaya,PER,2135
1838,panggil menkeu purbaya presiden prabowo terima laporan progres pembahasan apbn,prabowo,PER,2135
1839,pemerintah indonesia kerjasama starlink telkomsat anak perusahaan telkom layanan backhaul bisnis elon musk presiden jokowi resmikan bali daerah terpencil kolaborasi fiberstar jeda juli,starlink telkomsat,ORG,2136
1839,pemerintah indonesia kerjasama starlink telkomsat anak perusahaan telkom layanan backhaul bisnis elon musk presiden jokowi resmikan bali daerah terpencil kolaborasi fiberstar jeda juli,telkom,ORG,2136
1839,pemerintah indonesia kerjasama starlink telkomsat anak perusahaan telkom layanan backhaul bisnis elon musk presiden jokowi resmikan bali daerah terpencil kolaborasi fiberstar jeda juli,elon musk,PER,2136
1839,pemerintah indonesia kerjasama starlink telkomsat anak perusahaan telkom layanan backhaul bisnis elon musk presiden jokowi resmikan bali daerah terpencil kolaborasi fiberstar jeda juli,jokowi,PER,2136
1841,presiden prabowo duka caught in the act banjir bali amplifier name that tune,prabowo duka,PER,2138
1842,hugs and kisses prerogatif presiden bahlil kompleks parlemen senayan jakarta selasa,hugs,PER,2139
1842,hugs and kisses prerogatif presiden bahlil kompleks parlemen senayan jakarta selasa,bahlil,PER,2139
1844,kepleset dikit gibran langsung presiden,gibran,PER,2141
1845,jurus menyandar tunggu bentar presiden federation international de football association mohon mohon biar indonesia main away from computer,federation international de football association,ORG,2142
1846,budi budi stop it budi bawa perasaan,budi budi,PER,2143
1846,budi budi stop it budi bawa perasaan,budi,PER,2143
1847,besok diangkat menpora old man kecenderungan old man wowok getol menempatkan keluarga terlepas ilmu junjungannya presiden ke7,old man,PER,2144
1848,keponakan presiden prabowo mundur dpr maaf berkait ucapan viral nilai orang merendahkan upaya paralytic pemuda mencari pekerjaan,prabowo,PER,2145
1849,evil laugh jokes setuju langsung presiden papa brando,evil laugh jokes,PER,2146
1849,evil laugh jokes setuju langsung presiden papa brando,papa brando,PER,2146
1851,penghina presiden biarkan society of jesus,society of jesus,ORG,2148
1853,panggil menkeu purbaya presiden prabowo terima laporan progres pembahasan apbn presiden prabowo subianto menerima laporan menteri keuangan menkeu purbaya yudhi sadewa beserta jajaran istana merdeka jakarta rabu pertemuan membahas perkembangan,purbaya,PER,2150
1853,panggil menkeu purbaya presiden prabowo terima laporan progres pembahasan apbn presiden prabowo subianto menerima laporan menteri keuangan menkeu purbaya yudhi sadewa beserta jajaran istana merdeka jakarta rabu pertemuan membahas perkembangan,prabowo,PER,2150
1853,panggil menkeu purbaya presiden prabowo terima laporan progres pembahasan apbn presiden prabowo subianto menerima laporan menteri keuangan menkeu purbaya yudhi sadewa beserta jajaran istana merdeka jakarta rabu pertemuan membahas perkembangan,prabowo subianto,PER,2150
1853,panggil menkeu purbaya presiden prabowo terima laporan progres pembahasan apbn presiden prabowo subianto menerima laporan menteri keuangan menkeu purbaya yudhi sadewa beserta jajaran istana merdeka jakarta rabu pertemuan membahas perkembangan,purbaya yudhi sadewa,PER,2150
1854,setuju text back nasdem kalah pamor anak kemarin bapaknya mantan walikota politisi sekaliber ketum partai prof kalah anak plang plongo bapaknya presiden,prof,PER,2151
1855,presiden prabowo serius kawal generasi penerus sppi inspiratif sumpah,prabowo,PER,2152
1857,cuci skincarebagi sembako cium tangan kyai sopan wapres indonesia layak presiden termul semoga wowo paham trik keluarga solo,wowo,PER,2154
1858,presiden prabowo duka caught in the act banjir bali name that tune instruksikan penanganan cepat presiden prabowo subianto duka caught in the act mendalam bencana banjir melanda wilayah provinsi bali nusa tenggara timur name that tune rabu,prabowo duka,PER,2155
1858,presiden prabowo duka caught in the act banjir bali name that tune instruksikan penanganan cepat presiden prabowo subianto duka caught in the act mendalam bencana banjir melanda wilayah provinsi bali nusa tenggara timur name that tune rabu,prabowo subianto,PER,2155
1859,bodoh bangang presiden qatar percaya trump,trump,PER,2157
1860,purbaya laporkan progres pembahasan apbn presiden,purbaya,PER,2158
1861,aifeed gedung putih pantau laporan polandia trump berbicara presiden nawrocki,trump,PER,2159
1861,aifeed gedung putih pantau laporan polandia trump berbicara presiden nawrocki,nawrocki,PER,2159
1862,presiden singkirkan luhut beban pengganggu pemerintahan rakyat beyond economical repair kali kali,luhut,PER,2160
1863,raja juli antoni maaf presiden prabowo foto bermain domino viral,prabowo,PER,2161
1864,almarhum presiden bj habibie koar menkeu masyarakat butuh bukti omong doang,bj habibie,PER,2162
1865,bilang prabs presiden muji muji langsung tertarik mengikuti beliau gara gara blunder kesal,muji muji,PER,2163
1870,bantu jokowi jakarta melobi mega direstui calon gubernur dki prabowo anggap impas kemarin jokowi balas jasa prabowo presiden,jokowi,PER,2168
1870,bantu jokowi jakarta melobi mega direstui calon gubernur dki prabowo anggap impas kemarin jokowi balas jasa prabowo presiden,mega,PER,2168
1870,bantu jokowi jakarta melobi mega direstui calon gubernur dki prabowo anggap impas kemarin jokowi balas jasa prabowo presiden,prabowo,PER,2168
1870,bantu jokowi jakarta melobi mega direstui calon gubernur dki prabowo anggap impas kemarin jokowi balas jasa prabowo presiden,jokowi,PER,2168
1870,bantu jokowi jakarta melobi mega direstui calon gubernur dki prabowo anggap impas kemarin jokowi balas jasa prabowo presiden,prabowo,PER,2168
1871,presiden prabowo hadirkan inovasi aceh layanan cek kesehatan gratis,prabowo,PER,2169
1872,penasaran publik terkait penyebab utama keponakan presiden prabawo mundur dpr ri terjawab langsung dibeberkan rahayu saraswati simak berita selengkapnya,prabawo,PER,2170
1872,penasaran publik terkait penyebab utama keponakan presiden prabawo mundur dpr ri terjawab langsung dibeberkan rahayu saraswati simak berita selengkapnya,rahayu saraswati,PER,2170
1876,statemen salah prabowo siapin gibran presiden goreng goreng rakyat rakyat baterai lowbat,prabowo,PER,2174
1876,statemen salah prabowo siapin gibran presiden goreng goreng rakyat rakyat baterai lowbat,gibran,PER,2174
1879,menkeu purbaya laporkan progres apbn presiden,purbaya,PER,2177
1881,presiden perpu keluarga inti pejabat hedon,hedon,PER,2180
1882,keponakan presiden prabowo rahayu saraswati djojohadikusumo resmi mengundurkan jabatannya anggota dpr ri periode pasalnya inilai merendahkan umkm ubianto politikus partai gerindra,prabowo rahayu saraswati djojohadikusumo,PER,2181
1882,keponakan presiden prabowo rahayu saraswati djojohadikusumo resmi mengundurkan jabatannya anggota dpr ri periode pasalnya inilai merendahkan umkm ubianto politikus partai gerindra,umkm,PER,2181
1882,keponakan presiden prabowo rahayu saraswati djojohadikusumo resmi mengundurkan jabatannya anggota dpr ri periode pasalnya inilai merendahkan umkm ubianto politikus partai gerindra,ubianto,PER,2181
1884,langkah presiden prabowo inspiratif kesehatan terjangkau,prabowo,PER,2183
1887,mundur tidak apa apa jabatan menpora menunggu setuju setuju prabowo termul kabinetnya loyalitasnya presiden solo analisis,prabowo,PER,2187
1888,fraksi partai gerindra langsung menonaktifkan rahayu saraswati djojohadikusumo anggota dpr ri keponakan presiden prabowo subianto mengumumkan pengunduran,rahayu saraswati djojohadikusumo,PER,2188
1888,fraksi partai gerindra langsung menonaktifkan rahayu saraswati djojohadikusumo anggota dpr ri keponakan presiden prabowo subianto mengumumkan pengunduran,prabowo subianto,PER,2188
1890,konteks agama islam nabi utusan menerima wahyu nabi muhammad saw jokowi presiden figur religius memenuhi syarat maksudnya nabi peramal prediktor subyektif bilang,jokowi,PER,2190
1891,berdasarkan data somebody else's problem ibuprofen anne patricia sutanto menjabat wakil direktur utama phantasy tour personal area network brothers tbk pbrx komisaris utama phantasy tour bumi teknokultura unggul tbk btek presiden komisaris phantasy tour meta epsi tbk pantau laporan resmi idxojk,anne patricia sutanto,PER,2191
1891,berdasarkan data somebody else's problem ibuprofen anne patricia sutanto menjabat wakil direktur utama phantasy tour personal area network brothers tbk pbrx komisaris utama phantasy tour bumi teknokultura unggul tbk btek presiden komisaris phantasy tour meta epsi tbk pantau laporan resmi idxojk,direktur utama phantasy tour personal area network brothers tbk,ORG,2191
1891,berdasarkan data somebody else's problem ibuprofen anne patricia sutanto menjabat wakil direktur utama phantasy tour personal area network brothers tbk pbrx komisaris utama phantasy tour bumi teknokultura unggul tbk btek presiden komisaris phantasy tour meta epsi tbk pantau laporan resmi idxojk,pbrx komisaris utama phantasy tour bumi teknokultura unggul tbk,ORG,2191
1891,berdasarkan data somebody else's problem ibuprofen anne patricia sutanto menjabat wakil direktur utama phantasy tour personal area network brothers tbk pbrx komisaris utama phantasy tour bumi teknokultura unggul tbk btek presiden komisaris phantasy tour meta epsi tbk pantau laporan resmi idxojk,btek,PER,2191
1891,berdasarkan data somebody else's problem ibuprofen anne patricia sutanto menjabat wakil direktur utama phantasy tour personal area network brothers tbk pbrx komisaris utama phantasy tour bumi teknokultura unggul tbk btek presiden komisaris phantasy tour meta epsi tbk pantau laporan resmi idxojk,komisaris phantasy tour meta epsi tbk,ORG,2191
1892,presiden prabowo duka caught in the act instruksikan penanganan cepat banjir bali name that tune banjirntt banjirbali,prabowo duka,PER,2192
1894,hormat presiden cortisedit,cortisedit,PER,2194
1895,pencopotan budi arie setiadi jabatan menteri koperasi presiden prabowo subianto memicu gejolak politik menyedot perhatian publik pengamat politik keputusan relawan jokowi meluapkan amarahnya ketua relawan suka jokowi,budi arie setiadi,PER,2195
1895,pencopotan budi arie setiadi jabatan menteri koperasi presiden prabowo subianto memicu gejolak politik menyedot perhatian publik pengamat politik keputusan relawan jokowi meluapkan amarahnya ketua relawan suka jokowi,prabowo subianto,PER,2195
1895,pencopotan budi arie setiadi jabatan menteri koperasi presiden prabowo subianto memicu gejolak politik menyedot perhatian publik pengamat politik keputusan relawan jokowi meluapkan amarahnya ketua relawan suka jokowi,jokowi,PER,2195
1895,pencopotan budi arie setiadi jabatan menteri koperasi presiden prabowo subianto memicu gejolak politik menyedot perhatian publik pengamat politik keputusan relawan jokowi meluapkan amarahnya ketua relawan suka jokowi,jokowi,PER,2195
1896,kesal belio bubble presiden halusinasi,belio bubble,PER,2196
1897,dilanjut spill dikit sisi orang mengidolakan mantan presiden soeharto terlepas mendera you'll be sorry periodenya luis suarez perangai buruknya lapangan dsb,soeharto,PER,2197
1897,dilanjut spill dikit sisi orang mengidolakan mantan presiden soeharto terlepas mendera you'll be sorry periodenya luis suarez perangai buruknya lapangan dsb,luis suarez,PER,2197
1899,hugs and kisses prerogatif presiden main ancam zaman mulyono mengangkat menteri santai,mulyono,PER,2199
1900,analisis parameter berita topik presiden trump ketua fed jerome powell total disaster doesnt clue dampak keuangan global memengaruhi ekspektasi pasar global kebijakan fed memicu fluktuasi united states dollar saham dampak ekonomi,jerome powell,PER,2200
1901,kwak waauuw tunggu presiden,kwak waauuw,PER,2201
1902,prabowo subianto bicara forum brics kepala negara dukungan penuh indonesia inisiatif dihasilkan forum brics brics prabowo geopolitik update news,prabowo subianto,PER,2202
1902,prabowo subianto bicara forum brics kepala negara dukungan penuh indonesia inisiatif dihasilkan forum brics brics prabowo geopolitik update news,prabowo,PER,2202
1904,viral unggahan putra menkeu purbaya yudo achilles sadewa akun instagram pribadinya unggahan remaja menuliskan sri mulyani agen central intelligence agency pernyataan muncul presiden prabowo subianto reshuffle kabinet,purbaya yudo achilles sadewa,PER,2204
1904,viral unggahan putra menkeu purbaya yudo achilles sadewa akun instagram pribadinya unggahan remaja menuliskan sri mulyani agen central intelligence agency pernyataan muncul presiden prabowo subianto reshuffle kabinet,sri mulyani,PER,2204
1904,viral unggahan putra menkeu purbaya yudo achilles sadewa akun instagram pribadinya unggahan remaja menuliskan sri mulyani agen central intelligence agency pernyataan muncul presiden prabowo subianto reshuffle kabinet,central intelligence agency,ORG,2204
1904,viral unggahan putra menkeu purbaya yudo achilles sadewa akun instagram pribadinya unggahan remaja menuliskan sri mulyani agen central intelligence agency pernyataan muncul presiden prabowo subianto reshuffle kabinet,prabowo subianto,PER,2204
1907,anak buah jinping berkuasa tubuh pemerintahan prabowotito luhut lustyo dllingat jinping angkat gibran presiden melanggengkan perampokam tambang indonesia menghancurkan negarapik bentuk sukses china kuasai indonesia,jinping,PER,2208
1907,anak buah jinping berkuasa tubuh pemerintahan prabowotito luhut lustyo dllingat jinping angkat gibran presiden melanggengkan perampokam tambang indonesia menghancurkan negarapik bentuk sukses china kuasai indonesia,prabowotito,PER,2208
1907,anak buah jinping berkuasa tubuh pemerintahan prabowotito luhut lustyo dllingat jinping angkat gibran presiden melanggengkan perampokam tambang indonesia menghancurkan negarapik bentuk sukses china kuasai indonesia,luhut lustyo,PER,2208
1907,anak buah jinping berkuasa tubuh pemerintahan prabowotito luhut lustyo dllingat jinping angkat gibran presiden melanggengkan perampokam tambang indonesia menghancurkan negarapik bentuk sukses china kuasai indonesia,jinping,PER,2208
1907,anak buah jinping berkuasa tubuh pemerintahan prabowotito luhut lustyo dllingat jinping angkat gibran presiden melanggengkan perampokam tambang indonesia menghancurkan negarapik bentuk sukses china kuasai indonesia,gibran,PER,2208
1909,dukung jingydi nyalon presiden gtlt,jingydi,PER,2210
1909,dukung jingydi nyalon presiden gtlt,gtlt,ORG,2210
1911,presiden prabowo telepon emir qatar israel serang doha,prabowo,PER,2212
1912,presiden prabowo subianto bertemu wakil ketua dpr sufmi dasco ahmad istana merdeka jakarta prabowo dasco,prabowo subianto,PER,2213
1912,presiden prabowo subianto bertemu wakil ketua dpr sufmi dasco ahmad istana merdeka jakarta prabowo dasco,sufmi dasco ahmad,PER,2213
1912,presiden prabowo subianto bertemu wakil ketua dpr sufmi dasco ahmad istana merdeka jakarta prabowo dasco,prabowo dasco,PER,2213
1913,harapan lihat langkah progresif presiden prabowo perumahan,prabowo,PER,2214
1914,angkat ustadz dani mulyawan lower case simpan a lot of paradoks indonesia memuji argumentasi risih pujian puja puji pejabat publik presiden,ustadz dani mulyawan,PER,2215
1915,keponakan presiden prabowo subianto mundur terkait pernyataannya podcast youtube tv nyala record menuai sorotan publik saraswati tuntutan masyarakat pemerintah menyediakan lapangan kerja cerminan mental kolonial,prabowo subianto,PER,2216
1915,keponakan presiden prabowo subianto mundur terkait pernyataannya podcast youtube tv nyala record menuai sorotan publik saraswati tuntutan masyarakat pemerintah menyediakan lapangan kerja cerminan mental kolonial,saraswati,PER,2216
1916,hahahaha stop it beler pakai gibran prabowo presiden kasihan gibran,gibran prabowo,PER,2217
1916,hahahaha stop it beler pakai gibran prabowo presiden kasihan gibran,gibran,PER,2217
1919,pendidikan indonesia keren sentuhan presiden prabowo,prabowo,PER,2220
1920,rahayu saraswati mundur dpr keponakan presiden prabowo subianto resmi mengundurkan ucapan kontroversialnya podcast viral sara maaf dinilai merendahkan perjuangan masyarakat lapangan kerja videonya sara menyebut,rahayu saraswati,PER,2221
1920,rahayu saraswati mundur dpr keponakan presiden prabowo subianto resmi mengundurkan ucapan kontroversialnya podcast viral sara maaf dinilai merendahkan perjuangan masyarakat lapangan kerja videonya sara menyebut,prabowo subianto,PER,2221
1922,gerbang tani special edition kalsel mendukung presiden prabowo mata banua daring,prabowo mata banua,PER,2223
1923,presiden prabowo wujudkan harapan generasi muda rumah kolaborasi crazy ,prabowo,PER,2224
1926,orang jokowi direshuffel relawannya ngamuk ngamuk bijimana kedepan orangn orangn jokowi seabrek seabrek kabinet direshuffel miris presiden direndahkan,jokowi,PER,2227
1926,orang jokowi direshuffel relawannya ngamuk ngamuk bijimana kedepan orangn orangn jokowi seabrek seabrek kabinet direshuffel miris presiden direndahkan,direshuffel,PER,2227
1926,orang jokowi direshuffel relawannya ngamuk ngamuk bijimana kedepan orangn orangn jokowi seabrek seabrek kabinet direshuffel miris presiden direndahkan,jokowi,PER,2227
1926,orang jokowi direshuffel relawannya ngamuk ngamuk bijimana kedepan orangn orangn jokowi seabrek seabrek kabinet direshuffel miris presiden direndahkan,direshuffel,PER,2227
1928,logika menhan mengajukan darurat militer berujung memakzulkan presiden menhan orang kepercayaan prabowo termul,prabowo,PER,2229
1929,dukung presiden menteri bahlil,bahlil,PER,2230
1930,cek kesehatan gratis pemerintah top presiden prabowo dukung penuh programnya,prabowo,PER,2231
1931,indonesia faksi militer prosupermasi sipil malas cari antiterhubung presiden literally jenderal reformis,literally,PER,2232
1932,rafizi tegur budaya pandang pemimpin berkebolehan bekas timbalan presiden pkr negara ramai calon perdana menteri formula selesai baca,rafizi,PER,2233
1933,dukungan presiden prabowo masyarakat aceh aware deteksi,prabowo,PER,2234
1936,favoritisme warna presiden era surabaya biru afo era merahputih dominan merah era merah putih dominan putih,biru afo,PER,2237
1937,sukarno presiden ibuprofen banteng,sukarno,PER,2238
1940,potek hati lihat videonya kaluna ibunya presiden lindungin ibuprofen menjaga gueeh gece kaluna,kaluna,PER,2241
1940,potek hati lihat videonya kaluna ibunya presiden lindungin ibuprofen menjaga gueeh gece kaluna,gueeh gece kaluna,PER,2241
1945,ciaa kangen presiden myday wkwksk,myday wkwksk,PER,2246
1947,kapolri berprinsip lurus tidak ada jokowi presiden langsung diganti tidak ada kepolisian bobrok dimana digantiganti kapolri,jokowi,PER,2248
1950,stop it raja juli antoni menyusul langkah belio sgra angkat kaki jabatan menteri kencingin berkali kali apkh menunggu pecat presiden congkel linggis rakyat memiliki daulat tolong kasih mbib,raja juli antoni,PER,2251
1950,stop it raja juli antoni menyusul langkah belio sgra angkat kaki jabatan menteri kencingin berkali kali apkh menunggu pecat presiden congkel linggis rakyat memiliki daulat tolong kasih mbib,belio sgra,PER,2251
1951,klub sorry if already posted piala presiden diundur april,sorry if already,ORG,2252
1955,maaf unexpected hmhm kepikiran bikin negara pejabatnya kayaknya bnd langsung cocok presidenmenteri cortis dpr hati mendengarkan rakyatnya illit tidak tahu atur atur,cortis,PER,2256
1959,rahayu saraswati djojohadikusumo lahir politikus aktivis aktris presenter indonesia keponakan presiden prabowo subianto putri hashim djojohadikusumo anggota dpr ri gerindra fokus ekonomi kreatif hugs and kisses perempuan,rahayu saraswati djojohadikusumo,PER,2260
1959,rahayu saraswati djojohadikusumo lahir politikus aktivis aktris presenter indonesia keponakan presiden prabowo subianto putri hashim djojohadikusumo anggota dpr ri gerindra fokus ekonomi kreatif hugs and kisses perempuan,prabowo subianto,PER,2260
1959,rahayu saraswati djojohadikusumo lahir politikus aktivis aktris presenter indonesia keponakan presiden prabowo subianto putri hashim djojohadikusumo anggota dpr ri gerindra fokus ekonomi kreatif hugs and kisses perempuan,hashim djojohadikusumo,PER,2260
1960,cantonese exclamation walikota hoby main tamiya jualan martabak bangkrut kepengen wapres perhitungan pwo sepuh penggantinya boyfriend over shoulder makobar beredar a lot of gibran presiden ketinggian pengennya kader pounds per square inch  bisanya menghina penny woamp penny wo diganti gibran,hoby,PER,2261
1960,cantonese exclamation walikota hoby main tamiya jualan martabak bangkrut kepengen wapres perhitungan pwo sepuh penggantinya boyfriend over shoulder makobar beredar a lot of gibran presiden ketinggian pengennya kader pounds per square inch  bisanya menghina penny woamp penny wo diganti gibran,boyfriend,PER,2261
1960,cantonese exclamation walikota hoby main tamiya jualan martabak bangkrut kepengen wapres perhitungan pwo sepuh penggantinya boyfriend over shoulder makobar beredar a lot of gibran presiden ketinggian pengennya kader pounds per square inch  bisanya menghina penny woamp penny wo diganti gibran,penny wo,PER,2261
1960,cantonese exclamation walikota hoby main tamiya jualan martabak bangkrut kepengen wapres perhitungan pwo sepuh penggantinya boyfriend over shoulder makobar beredar a lot of gibran presiden ketinggian pengennya kader pounds per square inch  bisanya menghina penny woamp penny wo diganti gibran,gibran,PER,2261
1961,china pamer alutsista parade kemenangan pesawat tempur pesawat siluman drone rudal dipamerkan rakyat pemimpin dunia hadir presiden prabowo pengamat militer khairul fahmi menyebut aksi unjuk gigi china,prabowo,PER,2262
1961,china pamer alutsista parade kemenangan pesawat tempur pesawat siluman drone rudal dipamerkan rakyat pemimpin dunia hadir presiden prabowo pengamat militer khairul fahmi menyebut aksi unjuk gigi china,khairul fahmi,PER,2262
1962,mca presiden budak budak kanina siouu,kanina siouu,PER,2263
1967,pssi berencana menggelar piala presiden april berbeda piala presiden turnamen pramusim rencananya diikuti grup pesertanya berasal liga nusantara liga liga,liga nusantara liga liga,ORG,2268
1969,dpc partai demokrat dharmasraya selamat ulang jenderal tni purn prof hug susilo bambang yudhoyono presiden republik indonesia ke6 ketua majelis partai demokrat,jenderal tni purn prof hug susilo bambang yudhoyono,PER,2270
1971,sppi lahir visi presiden prabowo percaya bangsa tangan anak muda,prabowo,PER,2272
1972,hebatnya jokowi rakyat presiden indonesia periodekeberhasilan klompok sakit hati ketua partai pakar pekok ormas terlarang oknum tnipolri pejabat suka korupsi paralytic perusak persatuanpendukung jokowi rakyat,jokowi,PER,2273
1972,hebatnya jokowi rakyat presiden indonesia periodekeberhasilan klompok sakit hati ketua partai pakar pekok ormas terlarang oknum tnipolri pejabat suka korupsi paralytic perusak persatuanpendukung jokowi rakyat,jokowi,PER,2273
1976,presiden didesak membentuk grup independen menginvestigasi kematian warga unjuk agustus investigasi mengungkap kematian iko polhuk adadikompas,iko polhuk adadikompas,PER,2277
1979,silsilah keluarga rahayu saraswati presiden prabowo subianto mundur dpr ri,rahayu saraswati,PER,2280
1979,silsilah keluarga rahayu saraswati presiden prabowo subianto mundur dpr ri,prabowo subianto,PER,2280
1981,tugasan terkandung skop kerja hakiki terpaksa melakukannya sekolah punca guru terbeban mengambil keputusan bersara presiden kesatuan perkhidmatan perguruan kebangsaan nutp aminuddin awang guru,aminuddin awang guru,PER,2282
1983,presiden prabowo duka caught in the act banjir bali name that tune instruksikan penanganan cepat,prabowo duka,PER,2284
1985,orang orang zaman bloon presiden fufufafa sejenis,bloon,PER,2286
1985,orang orang zaman bloon presiden fufufafa sejenis,fufufafa,PER,2286
1986,sekolah kalah pintar anak bapaknya presiden anaknya wakil presiden anies anak,anies,PER,2287
1987,presiden prabowo sorry if already posted kawal proses ruu perampasan aset biar wacana ruuperampasanaset,prabowo,PER,2288
1989,working at home wapres gibran sembako relawan bobby nasution iparnya data asatupro amplifier jaringannews ribuan paket bertanda bantuan wakil presiden dibagikan sumut somebody else's problem sarkasme kayaknya bantuan keluarga in the style of dinasti pakai uang rakyat kampanye,gibran sembako,PER,2290
1989,working at home wapres gibran sembako relawan bobby nasution iparnya data asatupro amplifier jaringannews ribuan paket bertanda bantuan wakil presiden dibagikan sumut somebody else's problem sarkasme kayaknya bantuan keluarga in the style of dinasti pakai uang rakyat kampanye,bobby nasution,PER,2290
1990,daftar kerja perusahaan az bittorrent surat keterangan berkelakuan kepolisian setuju presiden profiling filtering recruitment krg malukah no offence komentar,krg malukah,PER,2291
1991,rakyat bersu ara prof benci jokowi menteri korupsi presiden tanggung menteri kabinet merah putih korupsi presiden prabowo disuruh turun prof,jokowi,PER,2293
1991,rakyat bersu ara prof benci jokowi menteri korupsi presiden tanggung menteri kabinet merah putih korupsi presiden prabowo disuruh turun prof,prabowo,PER,2293
1991,rakyat bersu ara prof benci jokowi menteri korupsi presiden tanggung menteri kabinet merah putih korupsi presiden prabowo disuruh turun prof,prof,PER,2293
1992,rusuhnya masif kmungkinan darmil trgantumg keputusan presiden,darmil trgan,PER,2294
1996,presiden komisi eropa ursula telepon duh! leyen menangguhkan dukungan bilateral israel mengusulkan penangguhan perjanjian kemitraan israel terkait perdagangan,ursula,PER,2298
1996,presiden komisi eropa ursula telepon duh! leyen menangguhkan dukungan bilateral israel mengusulkan penangguhan perjanjian kemitraan israel terkait perdagangan,leyen,PER,2298
1997,politikus partai gerindra keponakan presiden prabowo rahayu saraswati mengundurkan anggota dpr ri baca selengkapnya laugh loudly rahayusaraswati dprri,prabowo rahayu saraswati,PER,2299
1997,politikus partai gerindra keponakan presiden prabowo rahayu saraswati mengundurkan anggota dpr ri baca selengkapnya laugh loudly rahayusaraswati dprri,loudly rahayusaraswati,PER,2299
1999,garagara kebodohan negara presiden pelanggar ham wapres dongo pendidikan hancur apbn dipakai menyampah beli properti bayar buzzer hama ekonomi ormas tukang palak pinjol judol zionisme subur,dongo,PER,2302
2000,istri mantan presiden penuh sekeluarga hermes good louis vuitton,hermes good louis vuitton,PER,2303
2001,lucu stop it posisi darmil diapa diapa urusan tentara presiden sipil,darmil diapa,PER,2304
2002,keponakan presiden prabowo rahayu saraswati mundur anggota dpr sontak publik sikapnya fraksi gerindra komentari langkah diambil sara simak berita selengkapnya,prabowo rahayu saraswati,PER,2305
2003,pecat termul prabowo hebat presiden sesungguhnya,prabowo,PER,2306
2005,video stop it pemateri menyebut nama presiden prabowo prabowo presiden april vedeo menampak prabowo mengenakan pinlencana kepresidenan ngopi fully understand rebahan bentar lelah,prabowo prabowo,PER,2309
2005,video stop it pemateri menyebut nama presiden prabowo prabowo presiden april vedeo menampak prabowo mengenakan pinlencana kepresidenan ngopi fully understand rebahan bentar lelah,april vedeo,PER,2309
2005,video stop it pemateri menyebut nama presiden prabowo prabowo presiden april vedeo menampak prabowo mengenakan pinlencana kepresidenan ngopi fully understand rebahan bentar lelah,prabowo,PER,2309
2005,video stop it pemateri menyebut nama presiden prabowo prabowo presiden april vedeo menampak prabowo mengenakan pinlencana kepresidenan ngopi fully understand rebahan bentar lelah,rebahan,PER,2309
2007,berita trump hadiah nobel membawa perdamaian dunia berita perang dunia trump presiden,trump,PER,2312
2007,berita trump hadiah nobel membawa perdamaian dunia berita perang dunia trump presiden,trump,PER,2312
2008,presiden omonomon ngangkat pejabat omonomon,omonomon,PER,2313
2009,termul melawan presiden ri tenang presiden rakyat multi user singkirkan paralytic termul kabinet multi user,termu,PER,2314
2010,presiden prabowo subianto merombak jajaran kabinetnya menteri pemuda olahraga menpora ario bimo nandito ariotedjo dito selengkapnya,prabowo subianto,PER,2315
2010,presiden prabowo subianto merombak jajaran kabinetnya menteri pemuda olahraga menpora ario bimo nandito ariotedjo dito selengkapnya,ario bimo nandito ariotedjo dito,PER,2315
2012,rumah pm presiden gedung parlemen kantor kepolisian nepal dibakar massa aksi demonstrasi besarbesaran dimotori information nepal berujung ricuh selasa dilaporkan massa aksi membakar rumah perdana menteri presiden gedung parlemen dsb,information nepal,ORG,2317
2015,gaklah prabowo presiden membalik paradoks indonesia benaran kagak terbukti silakan marah administrator on forum network etc,prabowo,PER,2320
2016,tolong dicek ulang dipantau serius pertamina anak perusahaan cucu perusahaan biar tiada korupsi kerugian menteri bumn komisaris direksi diganti dedikasi jujur loyal negara presiden,pertamina,ORG,2321
2017,just a minute sekat presiden prabowo duduk jurnalis senior pemimpin media kritik tajam bertubitubi satupun beliau hindari langsung ditindaklanjuti malam membuktikan presiden prabowo pemimpin,prabowo,PER,2322
2017,just a minute sekat presiden prabowo duduk jurnalis senior pemimpin media kritik tajam bertubitubi satupun beliau hindari langsung ditindaklanjuti malam membuktikan presiden prabowo pemimpin,prabowo,PER,2322
2018,catat aleg berasal dapil dki jakarta memaksakan pindah ibuprofen kota pengkhianat pengkhianatnya mantan dibantu gubernur dki jakarta presiden maksa pindahkan ibuprofen kota credit card,aleg,PER,2323
2018,catat aleg berasal dapil dki jakarta memaksakan pindah ibuprofen kota pengkhianat pengkhianatnya mantan dibantu gubernur dki jakarta presiden maksa pindahkan ibuprofen kota credit card,presiden,PER,2323
2019,cucu hatta presiden penculik kekuasaan takut tumbangkan pasal makar menyasar paralytic aktivis membungkam suara rakyat,hatta,PER,2324
2020,komentar kakak salsa erwina reshuffle kabinet presiden prabowo kawal kendor,salsa erwina,PER,2325
2020,komentar kakak salsa erwina reshuffle kabinet presiden prabowo kawal kendor,prabowo,PER,2325
2023,menteri penny pmi sorry if already posted kawal agenda presiden prabowo mukhtarudin berkomitmen menjalankan tugas sesuai arahan presiden prabowo memperkuat diplomasi goodbye kelola perlindungan migran,prabowo mukhtarudin,PER,2328
2023,menteri penny pmi sorry if already posted kawal agenda presiden prabowo mukhtarudin berkomitmen menjalankan tugas sesuai arahan presiden prabowo memperkuat diplomasi goodbye kelola perlindungan migran,prabowo,PER,2328
2030,rahayu saraswati djojohadikusumo keponakan presiden prabowo subianto resmi mengajukan pengunduran anggota dpr surat pengunduran diserahkan fraksi partai gerindra dpr rahayu mengundurkan pernyataannya podcast,rahayu saraswati djojohadikusumo,PER,2335
2030,rahayu saraswati djojohadikusumo keponakan presiden prabowo subianto resmi mengajukan pengunduran anggota dpr surat pengunduran diserahkan fraksi partai gerindra dpr rahayu mengundurkan pernyataannya podcast,prabowo subianto,PER,2335
2030,rahayu saraswati djojohadikusumo keponakan presiden prabowo subianto resmi mengajukan pengunduran anggota dpr surat pengunduran diserahkan fraksi partai gerindra dpr rahayu mengundurkan pernyataannya podcast,rahayu,PER,2335
2032,working at home keponakan presiden prabowo mundur fraksi dpr ri maaf ucapan podcast,prabowo,PER,2337
2036,ceritanya langsung mengelu mengelukan srimul anjing pantesan presiden prabowo,prabowo,PER,2342
2039,presiden berpesan kawindra menjaga sikap rendah hati audemarspiguet onepiece saverajaampat twiceatlollapalooza amnestidanpolitik twicepalooza hideandsis gmmtv zonauang jossgawinfanday23xmanila gedung dpr ri,kawindra,PER,2345
2039,presiden berpesan kawindra menjaga sikap rendah hati audemarspiguet onepiece saverajaampat twiceatlollapalooza amnestidanpolitik twicepalooza hideandsis gmmtv zonauang jossgawinfanday23xmanila gedung dpr ri,audemarspiguet,PER,2345
2040,presiden prabowo arahan khusus kawendra lukistian audemarspiguet onepiece saverajaampat twiceatlollapalooza amnestidanpolitik twicepalooza hideandsis gmmtv zonauang jossgawinfanday23xmanila gedung dpr ri,prabowo,PER,2346
2040,presiden prabowo arahan khusus kawendra lukistian audemarspiguet onepiece saverajaampat twiceatlollapalooza amnestidanpolitik twicepalooza hideandsis gmmtv zonauang jossgawinfanday23xmanila gedung dpr ri,kawendra lukistian audemarspigu,PER,2346
2041,breaking pssi berencana menggelar piala presiden april berbeda piala presiden turnamen pramusim rencananya diikuti grup pesertanya berasal liga nusantara liga liga,liga nusantara liga liga,ORG,2347
2042,presiden prabowo arahan kawendra fokus perjuangkan rakyat rendah hati audemarspiguet onepiece saverajaampat twiceatlollapalooza amnestidanpolitik twicepalooza hideandsis gmmtv zonauang jossgawinfanday23xmanila gedung dpr ri,prabowo,PER,2348
2042,presiden prabowo arahan kawendra fokus perjuangkan rakyat rendah hati audemarspiguet onepiece saverajaampat twiceatlollapalooza amnestidanpolitik twicepalooza hideandsis gmmtv zonauang jossgawinfanday23xmanila gedung dpr ri,kawendra,PER,2348
2042,presiden prabowo arahan kawendra fokus perjuangkan rakyat rendah hati audemarspiguet onepiece saverajaampat twiceatlollapalooza amnestidanpolitik twicepalooza hideandsis gmmtv zonauang jossgawinfanday23xmanila gedung dpr ri,audemarspiguet,PER,2348
2044,sinergi kemanusian kepedulian sosial kapolres kuningan bupati kuningan wakil bupati kuningan mendampingi andi gani penasihat kapolripresiden kspsi kegiatan sosial kemanusiaan kecamatan kadugede kabupaten kuningan,andi gani,PER,2350
2045,pilih masoni menpora biar sepak bola maju kangmas presiden asli prabowo berani berhasil,prabowo,PER,2351
2047,sejujurnya kecewa pilih presiden omon ruang nenek kebo odgj membela bebaskan koruptor menteri bendahara negara dibiarkan rumahnya dijarah rakyat kecewa,omon ruang,PER,2353
2047,sejujurnya kecewa pilih presiden omon ruang nenek kebo odgj membela bebaskan koruptor menteri bendahara negara dibiarkan rumahnya dijarah rakyat kecewa,nenek kebo odgj,PER,2353
2048,sosok pribadinya sosok mrnjabat presoden mantan presiden yv bertanggung kebijakanya merugikan negara,mrnjabat,PER,2354
2048,sosok pribadinya sosok mrnjabat presoden mantan presiden yv bertanggung kebijakanya merugikan negara,yv,PER,2354
2057,maaf keliru video asli acara april membahas prediksi kepercayaan publik prabowo pascapemilu beliau presiden terpilih resmi independen antek,prabowo,PER,2364
2059,berubah drastis presiden ue pendukung netanyahu umumkan eropa sanksi israel,netanyahu,PER,2366
2060,presiden prabowo direncanakan membuka resmi seleksi tilawatil quran hadist nasional kota kendari sulawesi tenggara,prabowo,PER,2367
2061,kepala karantina kepulauan riau kepri hasim menghadiri panen perdana budidaya lobster balai perikanan budidaya laut bpbl batam rabu acara dihadiri wakil presiden wapres ri gibran rakabuming raka ketua komisi four dpr ri siti hediati soeharto,hasim,PER,2368
2061,kepala karantina kepulauan riau kepri hasim menghadiri panen perdana budidaya lobster balai perikanan budidaya laut bpbl batam rabu acara dihadiri wakil presiden wapres ri gibran rakabuming raka ketua komisi four dpr ri siti hediati soeharto,gibran rakabuming raka,PER,2368
2061,kepala karantina kepulauan riau kepri hasim menghadiri panen perdana budidaya lobster balai perikanan budidaya laut bpbl batam rabu acara dihadiri wakil presiden wapres ri gibran rakabuming raka ketua komisi four dpr ri siti hediati soeharto,siti hediati soeharto,PER,2368
2062,aspirasi regulasi serikat ojek daring aspirasi pimpinan dpr ri payung hukum presiden onepiece twiceatlollapalooza amnestidanpolitik twicepalooza hideandsis gmmtv zonauang jossgawinfanday23xmanila gedung dpr ri,onepiece,PER,2369
2062,aspirasi regulasi serikat ojek daring aspirasi pimpinan dpr ri payung hukum presiden onepiece twiceatlollapalooza amnestidanpolitik twicepalooza hideandsis gmmtv zonauang jossgawinfanday23xmanila gedung dpr ri,twiceatlollapalooza,PER,2369
2062,aspirasi regulasi serikat ojek daring aspirasi pimpinan dpr ri payung hukum presiden onepiece twiceatlollapalooza amnestidanpolitik twicepalooza hideandsis gmmtv zonauang jossgawinfanday23xmanila gedung dpr ri,twicepalooza hideandsis,PER,2369
2063,serikat ojol perlindungan hukum presiden onepiece saverajaampat twiceatlollapalooza amnestidanpolitik twicepalooza hideandsis gmmtv zonauang jossgawinfanday23xmanila gedung dpr ri,saverajaampat,PER,2370
2063,serikat ojol perlindungan hukum presiden onepiece saverajaampat twiceatlollapalooza amnestidanpolitik twicepalooza hideandsis gmmtv zonauang jossgawinfanday23xmanila gedung dpr ri,twiceatlollapalooza,PER,2370
2064,terima kasih informasinya berdasarkan pencarian terbaru konfirmasi resmi presiden prabowo kesulitan menandatangani rpp know pemerintah merevisi kebijakan energi nasional target electronic benefits transfer rencana pltn ruptl,prabowo,PER,2371
2065,bikin anak bodoh anak halusinasi delusional buktinya ibuprofen kerudung pink anies menggantikan prabowo presiden,anies,PER,2372
2065,bikin anak bodoh anak halusinasi delusional buktinya ibuprofen kerudung pink anies menggantikan prabowo presiden,prabowo,PER,2372
2066,bhabinkamtibmas giat asta caught in the act bhabinkamtibmas melaksanakan kegiatan implementasi asta caught in the act presiden republik indonesia bidang ketahanan pangan humaspolrespasuruan poldajatim humaspoldajatim humaspolri polisiindonesia polripresisi bhabinkamtibmas jogopasuruan,jogopasuruan,PER,2373
2069,pantesan mm ok menolak gugatan masy tingkat pendidikan presiden wapres minimal s1 cocok calon menpora tamatan mending taufik hidayat menpora ahli dibidangnya mantan atlet,taufik hidayat,PER,2376
2070,presiden mca small kakak siong menolak gesaan ketua pemuda umno akmal saleh memohon maaf kementerian pendidikan kpt small menuntut penjelasan berhubung data rasmi pengambilan pelajar universiti awam ua menyerang,small kakak siong,PER,2377
2070,presiden mca small kakak siong menolak gesaan ketua pemuda umno akmal saleh memohon maaf kementerian pendidikan kpt small menuntut penjelasan berhubung data rasmi pengambilan pelajar universiti awam ua menyerang,akmal saleh,PER,2377
2070,presiden mca small kakak siong menolak gesaan ketua pemuda umno akmal saleh memohon maaf kementerian pendidikan kpt small menuntut penjelasan berhubung data rasmi pengambilan pelajar universiti awam ua menyerang,small,PER,2377
2073,sahabatbahari wakil presiden ri ketua komisi four dpr ri titiek soeharto menteri kelautan perikanan panen perdana lobster modeling budidaya bpbl batam panenlobster modelingbudidayalobster lobsterindonesia,sahabatbahari,PER,2380
2073,sahabatbahari wakil presiden ri ketua komisi four dpr ri titiek soeharto menteri kelautan perikanan panen perdana lobster modeling budidaya bpbl batam panenlobster modelingbudidayalobster lobsterindonesia,titiek soeharto,PER,2380
2079,presiden prabowo aliansi brics memainkan peran pilar stabilitas ketidakpastian geopolitik dunia,prabowo,PER,2386
2084,perdana menteri anwar ibrahim mengesahkan presiden amerika syarikat donald trump mengunjungi malaysia bersempena sidang kemuncak asean ke47,anwar ibrahim,PER,2391
2084,perdana menteri anwar ibrahim mengesahkan presiden amerika syarikat donald trump mengunjungi malaysia bersempena sidang kemuncak asean ke47,donald trump,PER,2391
2085,presiden prabowo duka caught in the act banjir bali name that tune menginstruksikan bnpb cepat tanggap distribusi bantuan,prabowo duka,PER,2392
2087,budaya ksatria malu ponakan presiden prabowo subianto,prabowo subianto,PER,2394
2091,jokowi gibran sukses walikota solo jokowi gubernur dki jakarta presiden periode anaknya gibran wapres sokarno surabaya,jokowi gibran,PER,2399
2091,jokowi gibran sukses walikota solo jokowi gubernur dki jakarta presiden periode anaknya gibran wapres sokarno surabaya,jokowi,PER,2399
2091,jokowi gibran sukses walikota solo jokowi gubernur dki jakarta presiden periode anaknya gibran wapres sokarno surabaya,gibran,PER,2399
2092,ketua pssi erick thohir mengumumkan rencana digelarnya piala presiden april konsep melibatkan klub turnamen berstatus ajang pramusim dirancang kompetisi ajang menambah just a minute terbang,erick thohir,PER,2400
2095,setakat information presiden non-governmental organization hadir mesyuarat tersebutsekarang difahamkan bahawa non-governmental organization non-governmental organization terbabit buntuini link presiden non-governmental organization haiwan dedahkan medsos,non - governmental organization,ORG,2403
2095,setakat information presiden non-governmental organization hadir mesyuarat tersebutsekarang difahamkan bahawa non-governmental organization non-governmental organization terbabit buntuini link presiden non-governmental organization haiwan dedahkan medsos,non - governmental organization non - governmental organization,ORG,2403
2095,setakat information presiden non-governmental organization hadir mesyuarat tersebutsekarang difahamkan bahawa non-governmental organization non-governmental organization terbabit buntuini link presiden non-governmental organization haiwan dedahkan medsos,non - governmental organization,ORG,2403
2097,presiden prabowo bawa atmosphere positif generasi sehat aceh programnya,prabowo,PER,2405
2100,perdana menteri malaysia anwar ibrahim presiden prabowo meneleponnya langsung memimpin rapat hubungan pemimpin asean unik penuh kepercayaan,anwar ibrahim,PER,2409
2100,perdana menteri malaysia anwar ibrahim presiden prabowo meneleponnya langsung memimpin rapat hubungan pemimpin asean unik penuh kepercayaan,prabowo,PER,2409
2101,jilatan menteri keuangan menkeu purbaya pemerintahan prabowo kesejahteraan rakyat meningkat menteri keuangan purbaya yudhi sadewa menyebut kesejahteraan masyarakat meningkat pemerintahan presiden prabowo subianto,menkeu,PER,2410
2101,jilatan menteri keuangan menkeu purbaya pemerintahan prabowo kesejahteraan rakyat meningkat menteri keuangan purbaya yudhi sadewa menyebut kesejahteraan masyarakat meningkat pemerintahan presiden prabowo subianto,purbaya,PER,2410
2101,jilatan menteri keuangan menkeu purbaya pemerintahan prabowo kesejahteraan rakyat meningkat menteri keuangan purbaya yudhi sadewa menyebut kesejahteraan masyarakat meningkat pemerintahan presiden prabowo subianto,prabowo,PER,2410
2101,jilatan menteri keuangan menkeu purbaya pemerintahan prabowo kesejahteraan rakyat meningkat menteri keuangan purbaya yudhi sadewa menyebut kesejahteraan masyarakat meningkat pemerintahan presiden prabowo subianto,purbaya yudhi sadewa,PER,2410
2101,jilatan menteri keuangan menkeu purbaya pemerintahan prabowo kesejahteraan rakyat meningkat menteri keuangan purbaya yudhi sadewa menyebut kesejahteraan masyarakat meningkat pemerintahan presiden prabowo subianto,prabowo subianto,PER,2410
2103,gerakan sppi presiden prabowo role model program pembangunan,prabowo,PER,2414
2104,presiden prabowo subianto iniapa beliau cuek rakyat melawan oligarkikenapa republik indonesia pengecut oligarki,prabowo subianto,PER,2415
2105,presiden mca small kakak siong melancarkan kritikan terbarunya kementerian pendidikan kpt mempertikai angka kementerian kenyataannya berhubung rungutan pelajar cemerlang stpm edward khusus small menekankan bahawa,mca,ORG,2416
2105,presiden mca small kakak siong melancarkan kritikan terbarunya kementerian pendidikan kpt mempertikai angka kementerian kenyataannya berhubung rungutan pelajar cemerlang stpm edward khusus small menekankan bahawa,small,PER,2416
2105,presiden mca small kakak siong melancarkan kritikan terbarunya kementerian pendidikan kpt mempertikai angka kementerian kenyataannya berhubung rungutan pelajar cemerlang stpm edward khusus small menekankan bahawa,kakak siong,PER,2416
2105,presiden mca small kakak siong melancarkan kritikan terbarunya kementerian pendidikan kpt mempertikai angka kementerian kenyataannya berhubung rungutan pelajar cemerlang stpm edward khusus small menekankan bahawa,edward khusus small,PER,2416
2108,sppi presiden prabowo membuktikan kolaborasi anak muda berdampak gede,prabowo,PER,2419
2113,kakak menteri teddy jabatan fungsi utamanya mengkoordinasi kementerian fungsi dijabat teddy jembatan mata telinga presiden kementerian jalan relative diputuskan,teddy,PER,2425
2113,kakak menteri teddy jabatan fungsi utamanya mengkoordinasi kementerian fungsi dijabat teddy jembatan mata telinga presiden kementerian jalan relative diputuskan,teddy,PER,2425
2114,annalena baerbock jerman terkenal keterlibatannya aktif antusias genosida rakyat palestina penyebaran propaganda genosida rezim israel pembenaran publik kejahatan perangnya dilantik presiden majelis pirate bulletin board,annalena baerbock,PER,2426
2114,annalena baerbock jerman terkenal keterlibatannya aktif antusias genosida rakyat palestina penyebaran propaganda genosida rezim israel pembenaran publik kejahatan perangnya dilantik presiden majelis pirate bulletin board,majelis pirate bulletin board,ORG,2426
2116,hell yes player kill presiden egk,egk,PER,2428
2120,presiden prabowo mantan presiden jokowi,prabowo,PER,2433
2120,presiden prabowo mantan presiden jokowi,jokowi,PER,2433
2121,menteri ahy melaporkan presiden prabowo pembangunan giant sea wall disesuaikan kondisi geografis wilayah kombinasi tanggul laut tanggul pantai rehabilitasi mangrove strategi utama,ahy,PER,2434
2121,menteri ahy melaporkan presiden prabowo pembangunan giant sea wall disesuaikan kondisi geografis wilayah kombinasi tanggul laut tanggul pantai rehabilitasi mangrove strategi utama,prabowo,PER,2434
2122,akhbar tempatan memetik presiden persatuan pengguna siber malaysia mcca siraj jalil rancangan kerajaan mengetatkan pengesahan umur platform media sosial tiktok berisiko gagal malaysia,mcca siraj jalil,PER,2435
2123,prabowo targetnya presiden nasib rakyatnyabilangnya ekonomi kuatkuat ndmu perbaikan habisin tinggalan jkw babat habis korupsi,prabowo,PER,2436
2124,setuju thinking soeharto presiden terbaik indonesia,soeharto,PER,2437
2126,kepikiran smi menunggangi aksi unjuk kemarin pemintaan mundurnya disetujui presiden dengar dengar mundur lepas tangan keder ngebayangin bayar hutang bentar jatuh tempo,smi,PER,2439
2130,posisi menteri kosong presiden prabowo pejabat interim,prabowo,PER,2444
2131,mestilah hadi awang calon pm11 menang bertanding jawatan presiden xkan namakan orang hahaha,hadi awang,PER,2445
2132,presiden prabowo subianto bertemu berdiskusi wakil ketua dpr ri prof sufmi dasco ahmad siang istana merdeka jakarta pertemuan dibahas perkembangan terkini tanah blanked program prioritas,prabowo subianto,PER,2446
2132,presiden prabowo subianto bertemu berdiskusi wakil ketua dpr ri prof sufmi dasco ahmad siang istana merdeka jakarta pertemuan dibahas perkembangan terkini tanah blanked program prioritas,prof sufmi dasco ahmad,PER,2446
2134,konennu melenxeng dinasti umur membatasi usia presiden wapres sedabgkan konstitusi usia nikah hugs and kisses nilih dqn dipiluh uud uu pemilu,hugs,PER,2448
2134,konennu melenxeng dinasti umur membatasi usia presiden wapres sedabgkan konstitusi usia nikah hugs and kisses nilih dqn dipiluh uud uu pemilu,kisses,PER,2448
2134,konennu melenxeng dinasti umur membatasi usia presiden wapres sedabgkan konstitusi usia nikah hugs and kisses nilih dqn dipiluh uud uu pemilu,nilih dqn,PER,2448
2136,kejadian nepal dipicu protes massal information korupsi ketimpangan ekonomi larangan media sosial dicabut pm korean pride sharma oli mundur presiden rumah ekspm jhala nath khanal dibakar istrinya tewas terbakar menteri negeri arzu ranah deuba,pride sharma oli,PER,2450
2136,kejadian nepal dipicu protes massal information korupsi ketimpangan ekonomi larangan media sosial dicabut pm korean pride sharma oli mundur presiden rumah ekspm jhala nath khanal dibakar istrinya tewas terbakar menteri negeri arzu ranah deuba,jhala nath khanal,PER,2450
2136,kejadian nepal dipicu protes massal information korupsi ketimpangan ekonomi larangan media sosial dicabut pm korean pride sharma oli mundur presiden rumah ekspm jhala nath khanal dibakar istrinya tewas terbakar menteri negeri arzu ranah deuba,arzu ranah deuba,PER,2450
2137,salah salah mengoceh jokowi habis prabowo presiden suka suka,jokowi,PER,2451
2137,salah salah mengoceh jokowi habis prabowo presiden suka suka,prabowo,PER,2451
2140,mm ok diselamatkan tni polri dpr presiden enemy mm ok menolong,mm ok,PER,2454
2141,berdasarkan data publik ahy nasab putra surabaya ijazah west titik harvard dsb rekam jejak bagus militer politik potensinya calon presiden menarik keberhasilan tergantung dinamika politik dukungan rakyat,ahy nasab,PER,2455
2143,anjing due presiden gampang goblokii boneka boneka bangun keluarga small gagal kon percoyo bangun indonesia sing memilih opo goblok wingi kii,kon percoyo,PER,2457
2144,berdasarkan berita terkini sri mulyani diganti september reshuffle kabinet prabowo istana bilang mundur dipecat evaluasi presiden spekulasi niat mundurnya pascaprotes penjarahan rumahnya agustus,sri mulyani,PER,2458
2144,berdasarkan berita terkini sri mulyani diganti september reshuffle kabinet prabowo istana bilang mundur dipecat evaluasi presiden spekulasi niat mundurnya pascaprotes penjarahan rumahnya agustus,prabowo,PER,2458
2145,kaum pinkypinky pokoknya anies presiden,anies,PER,2459
2147,peace pendapat menarik agus yudhoyono calon presiden latar militer politiknya rekam jejak cool lihat dinamika politik kubantu,peace,ORG,2462
2147,peace pendapat menarik agus yudhoyono calon presiden latar militer politiknya rekam jejak cool lihat dinamika politik kubantu,agus yudhoyono,PER,2462
2151,aksi meninggal langsung menghampiri rumah duka kali presiden kenegarawanan prabowo dangat tertampang setetlah dririnya tampil menenangkan masyarakat,prabowo,PER,2466
2152,sikap kenegaraan prabowo kondisi menghadapi kerusuhan patut acungi jempol presiden mengontrol kondisi harinya prabowo,prabowo,PER,2467
2152,sikap kenegaraan prabowo kondisi menghadapi kerusuhan patut acungi jempol presiden mengontrol kondisi harinya prabowo,prabowo,PER,2467
2153,negarawan negara bangsanya terpecah belah bentuk apapun prinsip pegang teguh presiden prabowo godaan merespons kondiisi emosi terjebak politik dimana balas dendam politik,prabowo,PER,2468
2154,ujian pemimpin dimanapun tindakan menghasilnya stabilitas politik sikap kenegaraan presiden prabowo uji prabowo sertamerta pendekatan represif,prabowo,PER,2469
2154,ujian pemimpin dimanapun tindakan menghasilnya stabilitas politik sikap kenegaraan presiden prabowo uji prabowo sertamerta pendekatan represif,prabowo,PER,2469
2155,menteri visi presiden pemerintahan jokowi prabowo proyek makan anggaran melebihi cadangan kas negara pnbp diharapin menteri bumn presiden mengalahkan egonya negara maksa jalan proyeknya,jokowi,PER,2471
2155,menteri visi presiden pemerintahan jokowi prabowo proyek makan anggaran melebihi cadangan kas negara pnbp diharapin menteri bumn presiden mengalahkan egonya negara maksa jalan proyeknya,prabowo,PER,2471
2156,mending prabowo ale presiden,prabowo,PER,2472
2158,teroris berkaitan agama hang out truth fear mongering sri mulyani korban deep palsu artificial intelligence guru beban negara menyasar rahayu saraswati notabene ponakan presiden videonya dipotong membakar emosi,sri mulyani,PER,2474
2158,teroris berkaitan agama hang out truth fear mongering sri mulyani korban deep palsu artificial intelligence guru beban negara menyasar rahayu saraswati notabene ponakan presiden videonya dipotong membakar emosi,rahayu saraswati,PER,2474
2159,pasca demo berdarah agustus prabowo pandai memilih ulang anggota kabinetnya tuntaskan dpr bersih bersih anggota presiden kewenangan yudikatif polri pusing presiden,prabowo,PER,2475
2160,stop it cungkring bocot lawan presidenlu,bocot,PER,2476
2161,presiden bantu israhell,israhell,PER,2477
2162,cek fully understand bisanya bilang april prabowo presiden stop it presenter menyebut presiden prabowo,prabowo,PER,2478
2162,cek fully understand bisanya bilang april prabowo presiden stop it presenter menyebut presiden prabowo,prabowo,PER,2478
2163,alasan periksa presiden prabowo kasih dukungan maksimal rakyat aceh,prabowo,PER,2479
2165,susah boyfriend over shoulder ketum partai berkoalisi partainya presiden kali kontrak politik tertulis,susah boyfriend,PER,2481
2166,presiden prabowo serius kawal ruuperampasanaset transparansi total,prabowo,PER,2482
2168,mensesneg prasetyo hadi reshuffle kabinet jilid ii presiden prabowo subianto kaitannya isu orang fokus reshufflekabinet news obrol,prasetyo hadi,PER,2484
2168,mensesneg prasetyo hadi reshuffle kabinet jilid ii presiden prabowo subianto kaitannya isu orang fokus reshufflekabinet news obrol,prabowo subianto,PER,2484
2168,mensesneg prasetyo hadi reshuffle kabinet jilid ii presiden prabowo subianto kaitannya isu orang fokus reshufflekabinet news obrol,reshufflekabinet news obrol,ORG,2484
2170,subjektif hey you lihat perspektif luas fakta smi kali jokowi jilid berhenti menteri presiden literally surabaya jokowi mohon smi tinggal menteri stabil prabowo bilang visi,smi,PER,2486
2170,subjektif hey you lihat perspektif luas fakta smi kali jokowi jilid berhenti menteri presiden literally surabaya jokowi mohon smi tinggal menteri stabil prabowo bilang visi,jokowi,PER,2486
2170,subjektif hey you lihat perspektif luas fakta smi kali jokowi jilid berhenti menteri presiden literally surabaya jokowi mohon smi tinggal menteri stabil prabowo bilang visi,jokowi,PER,2486
2170,subjektif hey you lihat perspektif luas fakta smi kali jokowi jilid berhenti menteri presiden literally surabaya jokowi mohon smi tinggal menteri stabil prabowo bilang visi,smi,PER,2486
2170,subjektif hey you lihat perspektif luas fakta smi kali jokowi jilid berhenti menteri presiden literally surabaya jokowi mohon smi tinggal menteri stabil prabowo bilang visi,prabowo,PER,2486
2171,mahasiswa mahasiswa kirim presiden sukarno timbah ilmu universitas sovyet leonid bresnev pemimpin chekoslavia presiden tito mahasiswa khusus belajar teknologi tragedi takut pulang bunuh suharto,sukarno,PER,2487
2171,mahasiswa mahasiswa kirim presiden sukarno timbah ilmu universitas sovyet leonid bresnev pemimpin chekoslavia presiden tito mahasiswa khusus belajar teknologi tragedi takut pulang bunuh suharto,leonid bresnev,PER,2487
2171,mahasiswa mahasiswa kirim presiden sukarno timbah ilmu universitas sovyet leonid bresnev pemimpin chekoslavia presiden tito mahasiswa khusus belajar teknologi tragedi takut pulang bunuh suharto,tito,PER,2487
2171,mahasiswa mahasiswa kirim presiden sukarno timbah ilmu universitas sovyet leonid bresnev pemimpin chekoslavia presiden tito mahasiswa khusus belajar teknologi tragedi takut pulang bunuh suharto,suharto,PER,2487
2173,menteri keuangan purbaya yudhi sadewa menghadap presiden prabowo subianto istana merdeka jakarta rabu september purbaya kedatangannya bertujuan melaporkan hasil rapat komisi xi dpr ri digelar laporan,purbaya yudhi sadewa,PER,2489
2173,menteri keuangan purbaya yudhi sadewa menghadap presiden prabowo subianto istana merdeka jakarta rabu september purbaya kedatangannya bertujuan melaporkan hasil rapat komisi xi dpr ri digelar laporan,prabowo subianto,PER,2489
2173,menteri keuangan purbaya yudhi sadewa menghadap presiden prabowo subianto istana merdeka jakarta rabu september purbaya kedatangannya bertujuan melaporkan hasil rapat komisi xi dpr ri digelar laporan,purbaya,PER,2489
2174,sambutan taska negeri melaka kenneth william john presiden persatuan taska amplifier pjkk negeri melaka zaiton binti anyone but manchester united samah pengerusi penganjur taska peringkat negeri melaka,kenneth william john,PER,2490
2174,sambutan taska negeri melaka kenneth william john presiden persatuan taska amplifier pjkk negeri melaka zaiton binti anyone but manchester united samah pengerusi penganjur taska peringkat negeri melaka,persatuan taska amplifier,ORG,2490
2174,sambutan taska negeri melaka kenneth william john presiden persatuan taska amplifier pjkk negeri melaka zaiton binti anyone but manchester united samah pengerusi penganjur taska peringkat negeri melaka,zaiton binti anyone,PER,2490
2175,presiden prabowo rombak kabinet merah putih reshuffle jilid ii senin salah kena perombakan sri mulyani posisi menteri keuangan fokus reshufflekabinet news obrol,prabowo romba,PER,2491
2175,presiden prabowo rombak kabinet merah putih reshuffle jilid ii senin salah kena perombakan sri mulyani posisi menteri keuangan fokus reshufflekabinet news obrol,sri mulyani,PER,2491
2176,adili jokowi hapuskan nama joko widodo daftar presiden ri sita harta pejabat negara,adil,PER,2493
2176,adili jokowi hapuskan nama joko widodo daftar presiden ri sita harta pejabat negara,jokowi,PER,2493
2176,adili jokowi hapuskan nama joko widodo daftar presiden ri sita harta pejabat negara,joko widodo,PER,2493
2177,presiden prabowo subianto duka caught in the act bencana banjir melanda wilayah provinsi bali nusa tenggara timur,prabowo subianto,PER,2494
2178,keren presiden prabowo dukung swasembada gula anak muda semangat,prabowo,PER,2495
2180,mdah mdah hasil kerja berkualitas wakil presidenkarena level wapres diisi orang berkualitas,mdah mdah,PER,2497
2182,siang presiden prabowo menginstruksikan kepala bnpb beserta instansi terkait bertindak cepat lokasi bencana teddy dikutip akun instagram sekretariat kabinet,prabowo,PER,2500
2182,siang presiden prabowo menginstruksikan kepala bnpb beserta instansi terkait bertindak cepat lokasi bencana teddy dikutip akun instagram sekretariat kabinet,teddy,PER,2500
2184,presiden kazakhstan kassymjomart tokayev memerintahkan bank nasional membentuk dana aset digital negara membangun cadangan kripto strategis aset digital utama,kassymjomart tokayev,PER,2503
2187,semoga presiden prabowo istikamah perkataannya,prabowo,PER,2506
2191,out of here kejadian indonesia mantan presiden buzzer burik kebo lobet,buzzer burik kebo lobet,PER,2510
2193,komen presiden turun gibran stop it presiden negara keurus kagak aturan ngawur jalan pikir orang penny word turun wakilnya sepaket,gibran,PER,2512
2199,riza chalid tersentuh hukum kepemimpinan presiden prabowo bersangkutan tertangkap alias buron tanda tanda menangkapnya kentaro bali nepal qatar tthomastc,riza chalid,PER,2518
2199,riza chalid tersentuh hukum kepemimpinan presiden prabowo bersangkutan tertangkap alias buron tanda tanda menangkapnya kentaro bali nepal qatar tthomastc,prabowo,PER,2518
2201,pergi izinnya wakil presiden gibran,gibran,PER,2520
2203,perpres satgas pemberantasan be back later ilegal diteken kemarin langsung presiden diproses sakti wahyu trenggono kunjungan batam,sakti wahyu trenggono,PER,2522
2204,presiden prabowo akses pemeriksaan kesehatan terbuka luas,prabowo,PER,2523
2205,awak media budi arie reshuffle kabinet merah putih selasa akun instagram kepergok berhenti mengikuti unfollow instagram presiden prabowo,budi arie,PER,2524
2205,awak media budi arie reshuffle kabinet merah putih selasa akun instagram kepergok berhenti mengikuti unfollow instagram presiden prabowo,prabowo,PER,2524
2208,raffi staf khusus utusan khusus presiden setingkat jabatan menteri kerjanya santai,raffi,PER,2527
2209,old uang ukuran prabowo presiden,prabowo,PER,2528
2211,rumah layak anganangan presiden prabowo kasih akses luas,prabowo,PER,2530
2214,presiden donald trump kecewa peringatan seputar serangan udara israel doha qatar serangan menargetkan pimpinan hamas kota menyebut situasi menyenangkan thrilled,donald trump,PER,2534
2215,kehancuran jokowi susah payah menjauhkan kkn negeri diporakporandakan jokowi kkn menggila bikin gila anak umur dijadikan wakil presiden suharto berpikir,jokowi,PER,2535
2215,kehancuran jokowi susah payah menjauhkan kkn negeri diporakporandakan jokowi kkn menggila bikin gila anak umur dijadikan wakil presiden suharto berpikir,jokowi,PER,2535
2215,kehancuran jokowi susah payah menjauhkan kkn negeri diporakporandakan jokowi kkn menggila bikin gila anak umur dijadikan wakil presiden suharto berpikir,suharto,PER,2535
2216,teddy indra wijaya mesin percepatan kebijakan presiden butuh tangan kanan kebijakan macet birokrasi prabowo peran dipegang seskab teddy indra wijaya gaya kerjanya simpel rapat berteletele keputusan,teddy indra wijaya,PER,2536
2216,teddy indra wijaya mesin percepatan kebijakan presiden butuh tangan kanan kebijakan macet birokrasi prabowo peran dipegang seskab teddy indra wijaya gaya kerjanya simpel rapat berteletele keputusan,prabowo,PER,2536
2216,teddy indra wijaya mesin percepatan kebijakan presiden butuh tangan kanan kebijakan macet birokrasi prabowo peran dipegang seskab teddy indra wijaya gaya kerjanya simpel rapat berteletele keputusan,teddy indra wijaya,PER,2536
2217,menonton simpulkan statement dimana srimuk keterima rekomendasi presiden klaim baca biar percaya suruh artificial intelligence fully understand menyimpulkan artikel ssah berdebat orang ccokny debat gorila,srimuk,PER,2537
2217,menonton simpulkan statement dimana srimuk keterima rekomendasi presiden klaim baca biar percaya suruh artificial intelligence fully understand menyimpulkan artikel ssah berdebat orang ccokny debat gorila,ssah,PER,2537
2220,kampungku anakanak penerima disuruh video ucapan terima kasih prabowo anak makanan pajak orang tuamu terima kasih presiden gratis presiden,prabowo,PER,2540
2221,video asli direkam acara forum sarasehan ekonomi jakarta april prabowo calon presiden purbaya yudhi sadewa membahas indeks kepercayaan prediksi demo,prabowo,PER,2541
2221,video asli direkam acara forum sarasehan ekonomi jakarta april prabowo calon presiden purbaya yudhi sadewa membahas indeks kepercayaan prediksi demo,purbaya yudhi sadewa,PER,2541
2223,latih kesabaran coba lihat pertemuan presiden pemred amplifier media resapi omongannya,##ed amplifier media,ORG,2543
2224,wakil presiden presiden tugas maaruf amin jarang terekspos media sampeyan nyinyir wapres brother bilang presiden pendamping,maaruf amin,PER,2544
2226,gibran lulusan universitas urutan internet protocol wakil presiden jokowi lulusan presiden,gibran,PER,2546
2226,gibran lulusan universitas urutan internet protocol wakil presiden jokowi lulusan presiden,jokowi,PER,2546
2227,presiden bertindak menangkap pasal makar lakukan pendukung prabowo bubarkan partai terlarang tuduhan makar,prabowo,PER,2547
2228,menkeu purbaya menghadap presiden laporkan rencana ubah pos anggaran,purbaya,PER,2548
2230,menkeu berhasil bikin investasi seribu rupiak berlipat ganda seratus ribu rupiak dukung presiden luwh,luw,PER,2550
2231,presiden praboo gelar ratas bahas kehutanan sumber daya alam,praboo,PER,2551
2235,menteri haji umrah mochamad irfan yusuf langsung dilantik presiden prabowo subianto senin dijadwalkan bertolak jeddah arab saudi danantara pengecekan lokasi pembangunan kampung haji,mochamad irfan yusuf,PER,2555
2235,menteri haji umrah mochamad irfan yusuf langsung dilantik presiden prabowo subianto senin dijadwalkan bertolak jeddah arab saudi danantara pengecekan lokasi pembangunan kampung haji,prabowo subianto,PER,2555
2237,dpr salah warag telegrahic transfer menyalahkan dpr presiden sri mul menyalahkan owo gara sri mul ngelaksanain atasan,warag telegrahic transfer,ORG,2557
2237,dpr salah warag telegrahic transfer menyalahkan dpr presiden sri mul menyalahkan owo gara sri mul ngelaksanain atasan,sri mul,PER,2557
2237,dpr salah warag telegrahic transfer menyalahkan dpr presiden sri mul menyalahkan owo gara sri mul ngelaksanain atasan,sri mul,PER,2557
2240,prabowo lengser prabowo lengser pemilihnya pilih prabowo suka prabowo gibran wakilnya pemilih anies ganjar lengserkan prabowo gibran presiden,prabowo,PER,2560
2240,prabowo lengser prabowo lengser pemilihnya pilih prabowo suka prabowo gibran wakilnya pemilih anies ganjar lengserkan prabowo gibran presiden,prabowo,PER,2560
2240,prabowo lengser prabowo lengser pemilihnya pilih prabowo suka prabowo gibran wakilnya pemilih anies ganjar lengserkan prabowo gibran presiden,prabowo,PER,2560
2240,prabowo lengser prabowo lengser pemilihnya pilih prabowo suka prabowo gibran wakilnya pemilih anies ganjar lengserkan prabowo gibran presiden,prabowo gibran,PER,2560
2240,prabowo lengser prabowo lengser pemilihnya pilih prabowo suka prabowo gibran wakilnya pemilih anies ganjar lengserkan prabowo gibran presiden,anies ganjar,PER,2560
2240,prabowo lengser prabowo lengser pemilihnya pilih prabowo suka prabowo gibran wakilnya pemilih anies ganjar lengserkan prabowo gibran presiden,prabowo gibran,PER,2560
2242,foto an idea that spreads like a virus by word of mouth email blogs etc soeharto presiden indonesia an idea that spreads like a virus by word of mouth email blogs etc merujuk prabowo mantunya terpilih presiden,soeharto,PER,2562
2242,foto an idea that spreads like a virus by word of mouth email blogs etc soeharto presiden indonesia an idea that spreads like a virus by word of mouth email blogs etc merujuk prabowo mantunya terpilih presiden,prabowo mantunya,PER,2562
2243,menyesatkan presiden percaya surveisurvei prabowo presiden tergantung bayar,prabowo,PER,2563
2245,program presiden prabowo bikin warga kesempatan deteksi penyakit,prabowo,PER,2565
2248,bantuan resmi bantuan presiden wowo overlap presiden kayaknya bocil kagak,wowo,PER,2568
2248,bantuan resmi bantuan presiden wowo overlap presiden kayaknya bocil kagak,bocil,PER,2568
2251,optimis indonesia berdaulat gula gebrakan presiden prabowo,prabowo,PER,2572
2252,mudah bp usulkan presiden ganti lbp tito sigit erik zulhas bahlil rajajuli dudung beban presiden,tito sigit erik zulhas bahlil rajajuli,PER,2573
2253,mengikuti jokowi rakyat menganggap presiden boneka diaturatur jokowi dipilih juta orang pembohong turutin kemauannya hati hati disumpah alquran,jokowi,PER,2574
2253,mengikuti jokowi rakyat menganggap presiden boneka diaturatur jokowi dipilih juta orang pembohong turutin kemauannya hati hati disumpah alquran,jokowi,PER,2574
2254,probowo lengser gibran presiden pendukung prabowo dukung gibran kawal prabowo,probowo,PER,2575
2254,probowo lengser gibran presiden pendukung prabowo dukung gibran kawal prabowo,gibran,PER,2575
2254,probowo lengser gibran presiden pendukung prabowo dukung gibran kawal prabowo,prabowo,PER,2575
2254,probowo lengser gibran presiden pendukung prabowo dukung gibran kawal prabowo,gibran,PER,2575
2254,probowo lengser gibran presiden pendukung prabowo dukung gibran kawal prabowo,prabowo,PER,2575
2255,rakyat jelata wajib bpkbapak presiden imam juta orang ri didikte jokowi haknya jokowi mengatur presiden ri disayangin rakyat ganti kapolri,jokowi,PER,2576
2255,rakyat jelata wajib bpkbapak presiden imam juta orang ri didikte jokowi haknya jokowi mengatur presiden ri disayangin rakyat ganti kapolri,jokowi,PER,2576
2256,foto soeharto presiden indonesia diedit an idea that spreads like a virus by word of mouth email blogs etc balon reformasi mantunya prabowo,soeharto,PER,2577
2256,foto soeharto presiden indonesia diedit an idea that spreads like a virus by word of mouth email blogs etc balon reformasi mantunya prabowo,prabowo,PER,2577
2259,10th paralytic pejabat pimpinan asbun sembah nabi peliharannya wajar anak buah asbun presiden ikan busuk kepala sayangnya busuknya menyebar kemana kemana,asbun,PER,2580
2259,10th paralytic pejabat pimpinan asbun sembah nabi peliharannya wajar anak buah asbun presiden ikan busuk kepala sayangnya busuknya menyebar kemana kemana,asbun,PER,2580
2264,percaya apapun presiden prabowo,prabowo,PER,2585
2266,sekedar sharing administrator on forum network etc warga transmigran memajang foto beliau program beliau jutaan keluarga berubah kehidupannya derajat soeharto presiden periode,soeharto,PER,2587
2267,daya presiden periode gebrakan surabaya kena bencana alam zaman century jkw bikin i know not whoosh hang out covid pbw bikin danantara menjabat menteri pembantu presiden yesman peraturan uu,danantara,PER,2588
2267,daya presiden periode gebrakan surabaya kena bencana alam zaman century jkw bikin i know not whoosh hang out covid pbw bikin danantara menjabat menteri pembantu presiden yesman peraturan uu,yesman,PER,2588
2268,keputusan piala presiden perlawanan rabu september sabah fingers crossed ii negeri sembilan fingers crossed zikrie zafran aqil faris aiman hazizi selangor fingers crossed pdrm fingers crossed izzat muhd syahir family harimaumalaya pialapresiden2025,zikrie zafran aqil faris aiman hazizi,PER,2589
2268,keputusan piala presiden perlawanan rabu september sabah fingers crossed ii negeri sembilan fingers crossed zikrie zafran aqil faris aiman hazizi selangor fingers crossed pdrm fingers crossed izzat muhd syahir family harimaumalaya pialapresiden2025,izzat muhd syahir,PER,2589
2269,presiden jembut tenan sekelas raffi menteri,raffi,PER,2590
2272,kakak namanya hugs and kisses prerogatif sesuka hati presiden digugat gugat uu kepresidenan mm ok,hugs,PER,2593
2274,brics kuasai populasi dunia presiden prabowo pilar kekuatan global,brics,ORG,2595
2274,brics kuasai populasi dunia presiden prabowo pilar kekuatan global,prabowo,PER,2595
2275,langkah pemerintah kepemimpinan presiden prabowo serius menghapus kemiskinan indonesia masyarakat indonesia makan terbebas kemiskinan bangkit begitupula kaum difable,prabowo,PER,2596
2277,semoga kerja keras presiden prabowo swasembada gula potensi indonesia terwujud,prabowo,PER,2599
2278,pintar pintar belajar haus ilmu pilihan mulyono business as usual busuk sesuai visi misi presiden dipecat bodoh,mulyono,PER,2600
2280,trump senang serangan israel presiden donald trump senang aspek serangan israel doha menilai serangan menguntungkan kepentingan israel,trump,PER,2602
2280,trump senang serangan israel presiden donald trump senang aspek serangan israel doha menilai serangan menguntungkan kepentingan israel,donald trump,PER,2602
2280,trump senang serangan israel presiden donald trump senang aspek serangan israel doha menilai serangan menguntungkan kepentingan israel,doha,PER,2602
2283,penutup reshuffle kabinet merah putih september langkah strategis mempercepat visi asta caught in the act presiden prabowo subianto permainan politik mengutamakan konsolidasi koalisi kompetensi kepercayaan,prabowo subianto,PER,2605
2284,reshuffle kabinet merah putih ambisi politik ketimpangan visi reshuffle kabinet merah putih presiden prabowo subianto september manuver politik cerdik memperkuat basis koalisi langkah strategis,prabowo subianto,PER,2606
2285,keputusan presiden prabowo melibatkan sppi membuktikan perubahan signifikan,prabowo,PER,2607
2285,keputusan presiden prabowo melibatkan sppi membuktikan perubahan signifikan,sppi,PER,2607
2291,serah presiden goblok stop it mulyono ganti menteri seenak jidatnya urusan kurap,mulyono,PER,2613
2294,beredar tujuh nama diisukan dilantik menteri wakil menteri wamen presiden prabowo subianto berdasarkan informasi diperoleh tujuh nama kalangan politikus akademisi militer,prabowo subianto,PER,2616
2295,indonesia contohnya protes massal krisis ekonomi memaksa soeharto mundur jabatan presiden contoh sistem presidensial filipina revolusi orang kekuatan gulingkan marcos demonstrasi damai mesir revolusi arab spring paksa,soeharto,PER,2617
2295,indonesia contohnya protes massal krisis ekonomi memaksa soeharto mundur jabatan presiden contoh sistem presidensial filipina revolusi orang kekuatan gulingkan marcos demonstrasi damai mesir revolusi arab spring paksa,marcos,PER,2617
2296,salahnya menteri keuangan itb tukang insinyur dijadikan bendahara republik presiden kali karno habibie purbaya menteri keuangan bankir menteri kesehatan flatulence,kali karno,PER,2618
2296,salahnya menteri keuangan itb tukang insinyur dijadikan bendahara republik presiden kali karno habibie purbaya menteri keuangan bankir menteri kesehatan flatulence,habibie purbaya,PER,2618
2297,dukung langkah presiden prabowo deteksi gampang,prabowo,PER,2619
2298,presiden prabowo panggil menteri kehutanan bahas keseimbangan pembangunan pelestarian hutan rabu purbaya sore,prabowo,PER,2620
2299,presiden prabowo makar penjelasan pengamat,prabowo,PER,2621
2301,lucu menkeu berhak ngutang presiden memutuskan program pemerintah menkeuada danaada baisa ngutang pinjam abaswd nyala presiden,danaada baisa,PER,2623
2304,berbesar hati menyambut cool guy joosten presiden amplifier chief executive officer vodafone incoming terlibat perbincangan produktif peningkatan landskap digital malaysia inovasi sambungan penyelesaian perusahaan encik joosten berkongsi pandangan berharga,cool guy joosten,PER,2626
2304,berbesar hati menyambut cool guy joosten presiden amplifier chief executive officer vodafone incoming terlibat perbincangan produktif peningkatan landskap digital malaysia inovasi sambungan penyelesaian perusahaan encik joosten berkongsi pandangan berharga,presiden amplifier chief executive officer vodafone incoming,ORG,2626
2304,berbesar hati menyambut cool guy joosten presiden amplifier chief executive officer vodafone incoming terlibat perbincangan produktif peningkatan landskap digital malaysia inovasi sambungan penyelesaian perusahaan encik joosten berkongsi pandangan berharga,encik joosten,PER,2626
2305,presiden prabowo memerintahkan jalur penerbangan internasional langsung daerah indonesia transit jakarta presidenprabowo prabowosubianto kemenhub airport pariwisata,prabowo,PER,2627
2305,presiden prabowo memerintahkan jalur penerbangan internasional langsung daerah indonesia transit jakarta presidenprabowo prabowosubianto kemenhub airport pariwisata,prabowosubianto,PER,2627
2306,purbaya menkeu omon omon buktikan target presiden prabowo apbn defisit tercapai mundur,purbaya,PER,2628
2306,purbaya menkeu omon omon buktikan target presiden prabowo apbn defisit tercapai mundur,omon omon,PER,2628
2306,purbaya menkeu omon omon buktikan target presiden prabowo apbn defisit tercapai mundur,prabowo,PER,2628
2308,diktator sahabat kepala negara pemberontakan rakyat anarkis vandalis tinggal suaka presiden konoha pengalaman dituntut dibawa mahkamah militer gara gara melanggar ham,konoha,PER,2630
2309,suruhanjaya eropah hentikan pembayaran israel berhubung tindakan gaza menangguhkan sokongan hala israel presiden ursula telepon duh! leyen sinarharian suruhanjayaeropah israel,ursula,PER,2632
2309,suruhanjaya eropah hentikan pembayaran israel berhubung tindakan gaza menangguhkan sokongan hala israel presiden ursula telepon duh! leyen sinarharian suruhanjayaeropah israel,leyen sinarhari,PER,2632
2312,presiden prabowo bikin sppi eksis tugas mulia pemenuhan gizi,prabowo,PER,2636
2314,presiden republik indonesia prabowo subianto menghadiri brics leaders virtual meeting mempertemukan paralytic pemimpin negara anggota brics membahas isu global rabu purbaya sore,prabowo subianto,PER,2638
2314,presiden republik indonesia prabowo subianto menghadiri brics leaders virtual meeting mempertemukan paralytic pemimpin negara anggota brics membahas isu global rabu purbaya sore,brics,ORG,2638
2316,purbaya klaim kesejahteraan prabowo presiden,prabowo,PER,2640
2318,menari ular kakak presiden enih,enih,PER,2642
2319,hasilnya weblog demo stop it jokowi presiden njeeng aktivis aktivis vocal demo pemerintahan goblk umbar,jokowi,PER,2643
2319,hasilnya weblog demo stop it jokowi presiden njeeng aktivis aktivis vocal demo pemerintahan goblk umbar,njeeng,PER,2643
2319,hasilnya weblog demo stop it jokowi presiden njeeng aktivis aktivis vocal demo pemerintahan goblk umbar,goblk umbar,PER,2643
2320,stop it luhut top negara tabu menyebut mentally retarded presiden,luhut top,PER,2644
2320,stop it luhut top negara tabu menyebut mentally retarded presiden,tabu,PER,2644
2321,menko airlangga anjloknya ihsg menko bidang perekonomian airlangga hartarto keterangan rapat terbatas presiden prabowo subianto menanggapi kekhawatiran publik terkait pelemahan indeks harga saham gabungan ihsg pascaperombakan,airlangga hartarto,PER,2645
2321,menko airlangga anjloknya ihsg menko bidang perekonomian airlangga hartarto keterangan rapat terbatas presiden prabowo subianto menanggapi kekhawatiran publik terkait pelemahan indeks harga saham gabungan ihsg pascaperombakan,prabowo subianto,PER,2645
2322,jabat tangan tawa (laugh) presiden nyalamin rakyatnya,nyalamin,PER,2646
2323,singkatnya pergantian individu visi pemerintah kebijakan fiskal aktif sejalan arah pembangunan nasional dicanangkan presiden prabowo,prabowo,PER,2647
2324,pergantian menteri keuangan sri mulyani purbaya yudhi sadewa sorotan analis menilai langkah kebijakan fiskal sejalan visi ekonomi presiden prabowo,sri mulyani purbaya yudhi sadewa,PER,2648
2324,pergantian menteri keuangan sri mulyani purbaya yudhi sadewa sorotan analis menilai langkah kebijakan fiskal sejalan visi ekonomi presiden prabowo,prabowo,PER,2648
2325,dpr menargetkan menyelesaikan ruu perampasan aset presiden prabowo berjanji mendorong pembahasan ruu tuntutan demo mahasiswa komisi membahasnya naskah akademik draf menggantikan usulan era jokowi dpr ruu,prabowo,PER,2649
2325,dpr menargetkan menyelesaikan ruu perampasan aset presiden prabowo berjanji mendorong pembahasan ruu tuntutan demo mahasiswa komisi membahasnya naskah akademik draf menggantikan usulan era jokowi dpr ruu,jokowi,PER,2649
2326,presiden prabowo kerja libur manyun,prabowo,PER,2650
2327,rakyat mnunggu hasil reshuffle presiden omon omon nyata termul mnunggu penampilan cantik pemain cadangan berlevel internasional hug berangusgengsolo berangusgengsolo,omon omon,PER,2651
2327,rakyat mnunggu hasil reshuffle presiden omon omon nyata termul mnunggu penampilan cantik pemain cadangan berlevel internasional hug berangusgengsolo berangusgengsolo,hug berangusgengsolo berangusgengsolo,PER,2651
2328,masuk akal perspektif presiden proyeknya masuk akal mahal mahal ekonomi menteri pilihan naikin pajak ibuprofen smi kesal resign 3x pres enggak mau melepas,smi,PER,2652
2329,usul presiden uu perampasan aset prabowo rieke,prabowo rieke,PER,2653
2330,istana berubah rumah rakyat presiden prabowo membuka pintunya mahasiswa membuktikan kritik ancaman suara didengar suararakyat mahasiswa politik indonesiaaman indonesiasejahtera,prabowo,PER,2654
2331,reshuffle presiden prabowo menhan sjafrie sjamsoeddin menko polkam interim budi gunawan diberhentikan jabatannya penunjukan diumumkan wakil menko polkam lodewijk paulus menyambut sjafrie kunjungan kemenko polkam,prabowo,PER,2655
2331,reshuffle presiden prabowo menhan sjafrie sjamsoeddin menko polkam interim budi gunawan diberhentikan jabatannya penunjukan diumumkan wakil menko polkam lodewijk paulus menyambut sjafrie kunjungan kemenko polkam,sjafrie sjamsoeddin,PER,2655
2331,reshuffle presiden prabowo menhan sjafrie sjamsoeddin menko polkam interim budi gunawan diberhentikan jabatannya penunjukan diumumkan wakil menko polkam lodewijk paulus menyambut sjafrie kunjungan kemenko polkam,budi gunawan,PER,2655
2331,reshuffle presiden prabowo menhan sjafrie sjamsoeddin menko polkam interim budi gunawan diberhentikan jabatannya penunjukan diumumkan wakil menko polkam lodewijk paulus menyambut sjafrie kunjungan kemenko polkam,lodewijk paulus,PER,2655
2331,reshuffle presiden prabowo menhan sjafrie sjamsoeddin menko polkam interim budi gunawan diberhentikan jabatannya penunjukan diumumkan wakil menko polkam lodewijk paulus menyambut sjafrie kunjungan kemenko polkam,sjafrie,PER,2655
2332,presiden republik indonesia prabowo subianto meresmikan gedung layanan terpadu institut neurosains nasional rspon mahar mardjono jakarta dibangun wika rumah sakit menghadirkan fasilitas kesehatan berkelas internasional layanan medis pendidikan,prabowo subianto,PER,2656
2333,presiden kolombia gustavo petro negaranya mengizinkan wilayahnya dipakai intervensi militer venezuela,gustavo petro,PER,2657
2334,optimisme perumahan berkat gebrakan presiden prabowo bareng swasta,prabowo,PER,2659
2335,optimis selepas presiden jkw ribu trilyun kantongnya,jkw,PER,2660
2339,presiden prabowo subianto berdialog pimpinan media siniar hambalang bogor sabtu pertemuan just a minute prabowo sikapnya tuntutan rakyat prabowo tuntutan17plus8 tuntutanrakyat,prabowo subianto,PER,2665
2339,presiden prabowo subianto berdialog pimpinan media siniar hambalang bogor sabtu pertemuan just a minute prabowo sikapnya tuntutan rakyat prabowo tuntutan17plus8 tuntutanrakyat,siniar hambalang,ORG,2665
2339,presiden prabowo subianto berdialog pimpinan media siniar hambalang bogor sabtu pertemuan just a minute prabowo sikapnya tuntutan rakyat prabowo tuntutan17plus8 tuntutanrakyat,prabowo,PER,2665
2339,presiden prabowo subianto berdialog pimpinan media siniar hambalang bogor sabtu pertemuan just a minute prabowo sikapnya tuntutan rakyat prabowo tuntutan17plus8 tuntutanrakyat,prabowo,PER,2665
2340,presiden prabowo ganti listyo sigit atur jokowi,prabowo,PER,2666
2340,presiden prabowo ganti listyo sigit atur jokowi,list,PER,2666
2340,presiden prabowo ganti listyo sigit atur jokowi,sigit,PER,2666
2340,presiden prabowo ganti listyo sigit atur jokowi,jokowi,PER,2666
2342,jokowi lamar kerja periode nepalmumpung kosong presidenpm merusak nkri,jokowi,PER,2668
2343,selamat purna tugas terima kasih masyarakat indonesia terima kasih presiden afif xavi sorry if already posted bertugas menpura mohon dead on arrival dukungan maju pemuda olahraga pura pura,xavi,PER,2669
2345,kemarin pilih representasi rakyat menuntut kerja perasaan fery irwandy menuntut presiden turun jamin pimpin mendagri menhan dsb perebutan kekuasaan,fery irwandy,PER,2671
2346,sah presiden prabowo reshuffle menteri menkopolhukam budi gunawan menkeu sri mulyani menpora dito menp menpmi karding menkop budi arie lanjutkan bersih bersih berangusgengsolo berangusgengsolo,prabowo,PER,2672
2346,sah presiden prabowo reshuffle menteri menkopolhukam budi gunawan menkeu sri mulyani menpora dito menp menpmi karding menkop budi arie lanjutkan bersih bersih berangusgengsolo berangusgengsolo,budi gunawan,PER,2672
2346,sah presiden prabowo reshuffle menteri menkopolhukam budi gunawan menkeu sri mulyani menpora dito menp menpmi karding menkop budi arie lanjutkan bersih bersih berangusgengsolo berangusgengsolo,sri mulyani,PER,2672
2346,sah presiden prabowo reshuffle menteri menkopolhukam budi gunawan menkeu sri mulyani menpora dito menp menpmi karding menkop budi arie lanjutkan bersih bersih berangusgengsolo berangusgengsolo,dito,PER,2672
2346,sah presiden prabowo reshuffle menteri menkopolhukam budi gunawan menkeu sri mulyani menpora dito menp menpmi karding menkop budi arie lanjutkan bersih bersih berangusgengsolo berangusgengsolo,##i karding,PER,2672
2346,sah presiden prabowo reshuffle menteri menkopolhukam budi gunawan menkeu sri mulyani menpora dito menp menpmi karding menkop budi arie lanjutkan bersih bersih berangusgengsolo berangusgengsolo,budi arie,PER,2672
2347,presiden prabowo menata ulang tanah tanah dikuasai konglo konglo nakal rakus tamak kufur nikmat mosok orang memiliki tanah ratusan ribu hektar jutaan hektar tanah moyangnya,prabowo,PER,2673
2348,jokowi rumah korban tewas akibat bentrokan aparat presiden prabowo melayat kompensasi bantuan keluarga korban kepemimpinan presiden prabowo seorangpun diproses hukum,jokowi,PER,2674
2348,jokowi rumah korban tewas akibat bentrokan aparat presiden prabowo melayat kompensasi bantuan keluarga korban kepemimpinan presiden prabowo seorangpun diproses hukum,prabowo,PER,2674
2348,jokowi rumah korban tewas akibat bentrokan aparat presiden prabowo melayat kompensasi bantuan keluarga korban kepemimpinan presiden prabowo seorangpun diproses hukum,prabowo,PER,2674
2349,pemerintahan presiden menunggu kejadian nepal indonesia ambil langkah konkret pecat menteri amplifier pejabat terafiliasi genk solo dorong dpr makzulkan gibran tangkap amplifier adili jokowi sifat,genk solo,ORG,2675
2349,pemerintahan presiden menunggu kejadian nepal indonesia ambil langkah konkret pecat menteri amplifier pejabat terafiliasi genk solo dorong dpr makzulkan gibran tangkap amplifier adili jokowi sifat,gibran,PER,2675
2349,pemerintahan presiden menunggu kejadian nepal indonesia ambil langkah konkret pecat menteri amplifier pejabat terafiliasi genk solo dorong dpr makzulkan gibran tangkap amplifier adili jokowi sifat,jokowi,PER,2675
2350,pola hidup sehat gampang dijalani aceh garagara inovasi presiden prabowo,prabowo,PER,2676
2351,yash muncul ilmu cocoklogi maless dikaitkan pemilu presiden,yash,PER,2677
2352,pemerintahan presiden prabowo perduli tenaga kesehatan izin utama terintegrasi surat tanda registrasi strength satuan kredit profesi sikap surat izin praktik yep in spanish perubahan signifikan strength berlaku seumur hidup,prabowo,PER,2678
2354,gerakan revolusi mental maksud former presiden jokowi perbaikan edukasi kualitas sdm dsb revolusi kena mental negara,jokowi,PER,2680
2355,presiden prabowo arahan kawendra rabu,prabowo,PER,2681
2355,presiden prabowo arahan kawendra rabu,kawendra,PER,2681
2357,presidium gatot nurmantyo menuding jokowi presiden ke7 biang kerusakan bangsa berangusgengsolo berangusgengsolo,gatot nurmantyo,PER,2683
2357,presidium gatot nurmantyo menuding jokowi presiden ke7 biang kerusakan bangsa berangusgengsolo berangusgengsolo,jokowi,PER,2683
2360,presiden prabowo hatihati pejabat pemerintah habis lengah bahaya laporannya masuk baikbaik,prabowo,PER,2686
2361,pemicu demo information indonesia hidup mewah anak pejabat former presiden sulitnya pekerjaan,information indonesia,ORG,2687
2362,marah presiden prabowo berani pecat old man budi,prabowo,PER,2688
2362,marah presiden prabowo berani pecat old man budi,budi,PER,2688
2363,bedakan jabatan publik presiden perdana menteri mundur perdana menteri diterima lngsg presiden nunjuk perdana menteri,lngsg,ORG,2689
2364,langkah mengejutkan diambil just a minute perdana menteri korean pride sharma oli mundur jabatannya,pride sharma oli,PER,2690
2365,nepal menghadapi kekosongan kepemimpinan presiden random access memory chandra poudel resmi mengundurkan senin suaramerdeka suaramerdekacom suaramerdekanetwork presidenpoudel nepal kpsharmaoli kathmandu politik,random access memory,ORG,2691
2365,nepal menghadapi kekosongan kepemimpinan presiden random access memory chandra poudel resmi mengundurkan senin suaramerdeka suaramerdekacom suaramerdekanetwork presidenpoudel nepal kpsharmaoli kathmandu politik,chandra poudel,PER,2691
2365,nepal menghadapi kekosongan kepemimpinan presiden random access memory chandra poudel resmi mengundurkan senin suaramerdeka suaramerdekacom suaramerdekanetwork presidenpoudel nepal kpsharmaoli kathmandu politik,kpsharmaoli kathmandu,PER,2691
2366,serikat ojol perlindungan presiden prabowo rabu,prabowo,PER,2692
2368,perdana menteri presiden manamana negara kena halau trump,trump,PER,2695
2370,istri presiden nepal random access memory chandra paudel savita paudel meninggal laporan insiden melibatkannya september video menggambarkan serangan rumah mantan pm jhalanath khanal istrinya rajyalaxmi chitrakar,chandra paudel savita paudel,PER,2697
2370,istri presiden nepal random access memory chandra paudel savita paudel meninggal laporan insiden melibatkannya september video menggambarkan serangan rumah mantan pm jhalanath khanal istrinya rajyalaxmi chitrakar,jhalanath khanal,PER,2697
2370,istri presiden nepal random access memory chandra paudel savita paudel meninggal laporan insiden melibatkannya september video menggambarkan serangan rumah mantan pm jhalanath khanal istrinya rajyalaxmi chitrakar,rajyalaxmi chitrakar,PER,2697
2371,kades dihapuskan presiden memutuskan jaringan suara mulyono mendulang suara fufufafadan termul bersuara keras menentang,mulyono,PER,2698
2372,presiden mbah nabi,mbah nabi,PER,2699
2375,optimisme indonesia sppi dikasih kepercayaan presiden prabowo,sppi,ORG,2702
2375,optimisme indonesia sppi dikasih kepercayaan presiden prabowo,prabowo,PER,2702
2382,revitalisasi sekolah sesuai instruksi presiden no offence program prioritas pendidikan presiden subianto sejalan asta caught in the act ke4 prioritas revitalisasi sasarannya hey you simak selengkapnya infografis,subianto,PER,2709
2384,heran modelan prabowo menang presiden,prabowo,PER,2711
2385,dimaafkan otoriter era jokowi pemerintahan presiden prabowo powdered cocaine sesuai amanat citacita reformasi administrator on forum network etc ikutan kabinet komplotan reformis korup,jokowi,PER,2712
2385,dimaafkan otoriter era jokowi pemerintahan presiden prabowo powdered cocaine sesuai amanat citacita reformasi administrator on forum network etc ikutan kabinet komplotan reformis korup,prabowo,PER,2712
2388,presiden konoha muji,muji,PER,2715
2389,presiden prabowo jago ngebuka jalan sppi bantu masyarakat,prabowo,PER,2716
2391,temanku fokusnya disatu fokusnya kemana kemana berhasil tujuannya memberhentikan suharto presiden,suharto,PER,2719
2393,surabaya membara demo solidaritas affan kurniawan ricuh ratusan massa demo gedung negara grahadi lempari petasan batu polisi membakar barrier motor suasana penuh ketegangan surabaya solidaritasojol brimob detikxom,affan kurniawan,PER,2721
2398,helm jaket pengemudi saudara seperjuangan jalanan solidaritasojol affankurniawan lekasbaiknegriku,##ojol affankurniawan,PER,2728
2399,lautan jaket hijau mengantar affan peristirahatan ribuan rekan ojol menyalakan solidaritas mengiringi affan dead on arrival blanked mata selamat jalan teman persaudaraan abadi solidaritasojol affankurniawan lekasbaiknegriku,affan,PER,2729
2399,lautan jaket hijau mengantar affan peristirahatan ribuan rekan ojol menyalakan solidaritas mengiringi affan dead on arrival blanked mata selamat jalan teman persaudaraan abadi solidaritasojol affankurniawan lekasbaiknegriku,affan,PER,2729
2399,lautan jaket hijau mengantar affan peristirahatan ribuan rekan ojol menyalakan solidaritas mengiringi affan dead on arrival blanked mata selamat jalan teman persaudaraan abadi solidaritasojol affankurniawan lekasbaiknegriku,##ojol affankurniawan,PER,2729
2400,ribuan ojol antarkan affan tulang punggung keluarga perjalanan terakhirnya solidaritas harapan perlindungan pengemudi ojol menguat solidaritasojol keadilanuntukaffan,affan,PER,2730
2400,ribuan ojol antarkan affan tulang punggung keluarga perjalanan terakhirnya solidaritas harapan perlindungan pengemudi ojol menguat solidaritasojol keadilanuntukaffan,##aff,PER,2730
2401,sambutan anies baswedan acara pemakaman affan kurniawan ojol terlindas rantis brimob karet bivak jakpus video indoposco dilianto aniesbaswedan pemakamanaffan solidaritasojol karetbivak jakartapusat tragedisenayan indoposco,anies baswedan,PER,2731
2401,sambutan anies baswedan acara pemakaman affan kurniawan ojol terlindas rantis brimob karet bivak jakpus video indoposco dilianto aniesbaswedan pemakamanaffan solidaritasojol karetbivak jakartapusat tragedisenayan indoposco,affan kurniawan ojol,PER,2731
2401,sambutan anies baswedan acara pemakaman affan kurniawan ojol terlindas rantis brimob karet bivak jakpus video indoposco dilianto aniesbaswedan pemakamanaffan solidaritasojol karetbivak jakartapusat tragedisenayan indoposco,indoposco,ORG,2731
2401,sambutan anies baswedan acara pemakaman affan kurniawan ojol terlindas rantis brimob karet bivak jakpus video indoposco dilianto aniesbaswedan pemakamanaffan solidaritasojol karetbivak jakartapusat tragedisenayan indoposco,dilianto,PER,2731
2401,sambutan anies baswedan acara pemakaman affan kurniawan ojol terlindas rantis brimob karet bivak jakpus video indoposco dilianto aniesbaswedan pemakamanaffan solidaritasojol karetbivak jakartapusat tragedisenayan indoposco,aniesbaswedan,PER,2731
2401,sambutan anies baswedan acara pemakaman affan kurniawan ojol terlindas rantis brimob karet bivak jakpus video indoposco dilianto aniesbaswedan pemakamanaffan solidaritasojol karetbivak jakartapusat tragedisenayan indoposco,indoposco,ORG,2731
2403,ribuan ojol tumpah ruah mengiringi jenazah affan kurniawan tpu karet bivak jalanan dipenuhi warna hijau bentuk solidaritas sahabat tewas dilindas rantis brimob demo affankurniawan solidaritasojol keadilanuntukaffan demojakarta,affan kurniawan,PER,2733
2403,ribuan ojol tumpah ruah mengiringi jenazah affan kurniawan tpu karet bivak jalanan dipenuhi warna hijau bentuk solidaritas sahabat tewas dilindas rantis brimob demo affankurniawan solidaritasojol keadilanuntukaffan demojakarta,affankurniawan,PER,2733
2407,informasi medsos menyebut korban ojol kabar terbaru umar hidup perawatan updateojol solidaritasojol,umar,PER,2737
2408,dukungan komunitas ojol warganet berharap umar pulih solidaritasojol doabersama,umar,PER,2738
2410,sekretaris fraksi gerindra dpr bambang haryadi rahayu saraswati djohohadikusumo dinonaktifkan mengundurkan anggota dpr ri baca rahayusaraswati dpr,bambang haryadi rahayu saraswati djohohadikusumo,PER,2741
2410,sekretaris fraksi gerindra dpr bambang haryadi rahayu saraswati djohohadikusumo dinonaktifkan mengundurkan anggota dpr ri baca rahayusaraswati dpr,rahayusaraswati,PER,2741
2411,keponakan presiden praboworahayu saraswati mendadak mundur dpr ri anggota dpr rahayu saraswati mundur mengundurkandiri rahayusaraswati keponakan presiden prabowo prabowosubianto,praboworahayu saraswati,PER,2742
2411,keponakan presiden praboworahayu saraswati mendadak mundur dpr ri anggota dpr rahayu saraswati mundur mengundurkandiri rahayusaraswati keponakan presiden prabowo prabowosubianto,rahayu saraswati,PER,2742
2411,keponakan presiden praboworahayu saraswati mendadak mundur dpr ri anggota dpr rahayu saraswati mundur mengundurkandiri rahayusaraswati keponakan presiden prabowo prabowosubianto,##diri rahayusaraswati,PER,2742
2411,keponakan presiden praboworahayu saraswati mendadak mundur dpr ri anggota dpr rahayu saraswati mundur mengundurkandiri rahayusaraswati keponakan presiden prabowo prabowosubianto,prabowo prabowosubianto,PER,2742
2412,sakiti hati rakyat rahayu saraswati djojohadikusumo mundur dpr politikus partai gerindra rahayu saraswati djojohadikusumo resmi mundur jabatannya anggota dpr ri periode saraswatidjojohadikusumo dpr sejakarta jakarta,rahayu saraswati djojohadikusumo,PER,2743
2412,sakiti hati rakyat rahayu saraswati djojohadikusumo mundur dpr politikus partai gerindra rahayu saraswati djojohadikusumo resmi mundur jabatannya anggota dpr ri periode saraswatidjojohadikusumo dpr sejakarta jakarta,rahayu saraswati djojohadikusumo,PER,2743
2412,sakiti hati rakyat rahayu saraswati djojohadikusumo mundur dpr politikus partai gerindra rahayu saraswati djojohadikusumo resmi mundur jabatannya anggota dpr ri periode saraswatidjojohadikusumo dpr sejakarta jakarta,saraswatidjojohadikusumo,PER,2743
2413,rahayu saraswati mundur dpr ri alasannya diskursusnetwork rahayusaraswati dpr gerindra,rahayu saraswati,PER,2744
2413,rahayu saraswati mundur dpr ri alasannya diskursusnetwork rahayusaraswati dpr gerindra,rahayusaraswati,PER,2744
2414,dpr cecar menkeu purbaya target ekonomi ri tumbuh persen ingatkan warga terdampak phk dpr menterikeuangan purbayayudhisadewa rapatkerjaperdana kritiktajam,purbaya,PER,2745
2414,dpr cecar menkeu purbaya target ekonomi ri tumbuh persen ingatkan warga terdampak phk dpr menterikeuangan purbayayudhisadewa rapatkerjaperdana kritiktajam,purbayayudhisadewa,PER,2745
2415,aria bima peristiwa bahan refleksi mendalam lembaga dpr ri pdiperjuangan pdip dpr gesuri,aria bima,PER,2746
2416,anggota komisi dpr ri nasir djamil mengaku sorry if already posted menindaklanjuti usulan badan legislasi baleg dpr ri memproses pembahasan rancangan undangundang ruu perampasan aset klik baca ruuperampasanaset dpr,nasir djamil,PER,2747
2417,tokoh gerakan nurani bangsa gnb istri almarhum presiden keempat ri abdurrahman wahid gus sinta nuriyah mengajak masyarakat menyerah menghadapi kondisi bangsa klik baca dpr demo,abdurrahman wahid,PER,2748
2417,tokoh gerakan nurani bangsa gnb istri almarhum presiden keempat ri abdurrahman wahid gus sinta nuriyah mengajak masyarakat menyerah menghadapi kondisi bangsa klik baca dpr demo,gus sinta nuriyah,PER,2748
2418,amarah peringatan keras koreksi dewan rakyat menuntut perubahan pergantian wajah anggota komisi dpr ri benny harman klik baca dpr rakyat,benny harman,PER,2749
2419,ketua badan legislasi dpr ri bob hasan menyebut menargetkan ruu perampasan aset selesai dibahas baca dpr ruuperampasanaset,bob hasan,PER,2750
2420,menteri hukum menkum supratman andi agtas pemerintah menyetujui usulan dpr ri menjadikan rancangan undangundang ruu perampasan aset inisiatif parlemen perampasanaset dpr,supratman andi agtas,PER,2751
2421,badan eksekutif mahasiswa bem universitas indonesia menggelar demonstrasi gedung dpr ri berangkat bus membawa banner cool person semprot bertulisan rakyat tagih janji melawan penindasan demo dpr bemui,badan eksekutif mahasiswa bem universitas indonesia,ORG,2752
2422,badan eksekutif mahasiswa bem universitas indonesia menggelar demonstrasi gedung dpr ri berangkat bus membawa banner cool person semprot bertulisan rakyat tagih janji melawan penindasan demo dpr bemui senusantara,badan eksekutif mahasiswa bem universitas indonesia,ORG,2753
2425,parlemen desak menteri atr naikkan pajak keluarga penguasa tanah bersertifikat ri keuntungan rakyat dpr menteriatr atr nusronwahid uangkartal penguasatanah,atr,PER,2756
2425,parlemen desak menteri atr naikkan pajak keluarga penguasa tanah bersertifikat ri keuntungan rakyat dpr menteriatr atr nusronwahid uangkartal penguasatanah,nusronwahid,PER,2756
2426,bem user interface menggelar demo september bertajuk rakyattagihjanji gerbang gedung dprmpr ri senayan jakarta pusat selasa wib baca demo dpr,bem user interface,ORG,2757
2430,rieke diah pitaloka artis politisi duduk anggota dpr ri membongkar kinerja uya kuya anggota dewan baca selengkapnya riekediah uyakuya dpr,rieke diah pitaloka,PER,2761
2430,rieke diah pitaloka artis politisi duduk anggota dpr ri membongkar kinerja uya kuya anggota dewan baca selengkapnya riekediah uyakuya dpr,uya kuya,PER,2761
2430,rieke diah pitaloka artis politisi duduk anggota dpr ri membongkar kinerja uya kuya anggota dewan baca selengkapnya riekediah uyakuya dpr,riekediah uyakuya,PER,2761
2431,dpr ri menindaklanjuti serius tuntutan publik terkait tuntutan rakyat mengambil langkah konkret selengkapnya dpr sufmidasco tuntutan178,sufmidasco,PER,2762
2432,anggota komisi dpr ri sudjatmiko desak pemerintah lanjutkan program rumah susun pesantren menilai alokasi rapbn kebutuhan santri mendesak dpr pesantren rusun sudjatmiko,sudjatmiko,PER,2763
2432,anggota komisi dpr ri sudjatmiko desak pemerintah lanjutkan program rumah susun pesantren menilai alokasi rapbn kebutuhan santri mendesak dpr pesantren rusun sudjatmiko,sudjatmiko,PER,2763
2433,desember pindahkan any second now i know not menunggu kemubaziran alqur mubazir temannya setan ketua komisi ii dpr ri rifqinizamy karsayuda selengkapnya any second now dpr i know not,rifqinizamy karsayuda,PER,2764
2434,tindak terkait hugs and kisses politik masyarakat masuk oikn komisi ii dpr ri daerah pemilihan kalimantan timur edi oloan pasaribu selengkapnya i know not dpr kalimantantimur,edi oloan pasaribu,PER,2765
2436,rieke diah pitaloka akui perilaku amplifier ucapan anggota dpr ri menyakiti hati rakyat diperbaiki rieke berbincang denny sumargo podcast curhat kakak riekediahpitaloka dpr tuntutanrakyat,rieke diah pitaloka,PER,2767
2436,rieke diah pitaloka akui perilaku amplifier ucapan anggota dpr ri menyakiti hati rakyat diperbaiki rieke berbincang denny sumargo podcast curhat kakak riekediahpitaloka dpr tuntutanrakyat,rieke,PER,2767
2436,rieke diah pitaloka akui perilaku amplifier ucapan anggota dpr ri menyakiti hati rakyat diperbaiki rieke berbincang denny sumargo podcast curhat kakak riekediahpitaloka dpr tuntutanrakyat,denny sumargo,PER,2767
2436,rieke diah pitaloka akui perilaku amplifier ucapan anggota dpr ri menyakiti hati rakyat diperbaiki rieke berbincang denny sumargo podcast curhat kakak riekediahpitaloka dpr tuntutanrakyat,riekediahpitaloka,PER,2767
2438,keterangan resmi dprri dpr ri pastikan anggota dewan dinonaktifkan partai dapatkan gaji amplifier tunjangan penonaktifan koordinasi mahkamah kehormatan dewan mkd dpr anggotadpr politikindonesia tunjangan gajidpr sufmidascoahmad,sufmidascoahmad,PER,2769
2439,keliru ketua dpr ri wewenang memecat anggota dpr dpr darirakyatuntukrakyat wakilrakyat puanmaharani ketuadprri pdip pdiperjuangan genbanteng pecatdpr anggotadpr fraksi,puanmaharani,PER,2770
2444,dpr ri umumkan rincian gaji anggota hapus tunjangan perumahan total ambil rumah pay capai rp65 juta dprmintamaaf dprri dpr dprri2024 tunjanganperumahan bini cokestudioph hometown happyteachersday indonesiagelap,##mintamaaf,PER,2775
2445,niat dpr ri usulkan ppn turun persen dprri dpr dprbebannegara williamest begayepontianak,williamest begayepontianak,PER,2776
2446,pengamat politik hendri satrio merespons desakan pdip menonaktifkan deddy sitorus anggota dpr ri hensa terburuburu menghakimi pernyataan deddy dpr pdip deddysitorus,hendri satrio,PER,2777
2446,pengamat politik hendri satrio merespons desakan pdip menonaktifkan deddy sitorus anggota dpr ri hensa terburuburu menghakimi pernyataan deddy dpr pdip deddysitorus,deddy sitorus,PER,2777
2446,pengamat politik hendri satrio merespons desakan pdip menonaktifkan deddy sitorus anggota dpr ri hensa terburuburu menghakimi pernyataan deddy dpr pdip deddysitorus,hensa terburuburu,PER,2777
2446,pengamat politik hendri satrio merespons desakan pdip menonaktifkan deddy sitorus anggota dpr ri hensa terburuburu menghakimi pernyataan deddy dpr pdip deddysitorus,deddysitorus,PER,2777
2447,part dpr ri menanggapi tuntutan rakyat mengeluarkan enam poin keputusan hasil rapat konsultasi pimpinan dpr fraksifraksi pernyataan dibacakan wakil ketua dpr sufmi dasco ahmad gedung dpr jakarta jumat dpr,sufmi dasco ahmad,PER,2778
2448,dpr ri menanggapi tuntutan rakyat mengeluarkan enam poin keputusan hasil rapat konsultasi pimpinan dpr fraksifraksi pernyataan dibacakan wakil ketua dpr sufmi dasco ahmad gedung dpr jakarta jumat dpr,sufmi dasco ahmad,PER,2779
2449,dpr hentikan gaji anggota dinonaktifkan partai dasco anggota dpr ri dinonaktifkan partainya dibayarkan hakhak keuangannya ahmad sahroni nafa urbach nasdem eko patrio uya kuya personal area network adies kadir golkar dpr dasco transparansi,dasco,PER,2780
2449,dpr hentikan gaji anggota dinonaktifkan partai dasco anggota dpr ri dinonaktifkan partainya dibayarkan hakhak keuangannya ahmad sahroni nafa urbach nasdem eko patrio uya kuya personal area network adies kadir golkar dpr dasco transparansi,ahmad sahroni nafa urbach nasdem,PER,2780
2449,dpr hentikan gaji anggota dinonaktifkan partai dasco anggota dpr ri dinonaktifkan partainya dibayarkan hakhak keuangannya ahmad sahroni nafa urbach nasdem eko patrio uya kuya personal area network adies kadir golkar dpr dasco transparansi,eko patrio uya kuya,PER,2780
2449,dpr hentikan gaji anggota dinonaktifkan partai dasco anggota dpr ri dinonaktifkan partainya dibayarkan hakhak keuangannya ahmad sahroni nafa urbach nasdem eko patrio uya kuya personal area network adies kadir golkar dpr dasco transparansi,adies kadir,PER,2780
2449,dpr hentikan gaji anggota dinonaktifkan partai dasco anggota dpr ri dinonaktifkan partainya dibayarkan hakhak keuangannya ahmad sahroni nafa urbach nasdem eko patrio uya kuya personal area network adies kadir golkar dpr dasco transparansi,dasco,PER,2780
2451,rapat kerja komisi kiss dpr mendikdasmen abdul multi user texas instruments memaparkan rencana kerja anggaran rka kemendikdasmen wakil ketua komisi kiss dpr ri esti wijayati dpr menyetujui pagu anggaran kemendikdasmen rapbn trijayafm dpr,abdul multi user,PER,2782
2451,rapat kerja komisi kiss dpr mendikdasmen abdul multi user texas instruments memaparkan rencana kerja anggaran rka kemendikdasmen wakil ketua komisi kiss dpr ri esti wijayati dpr menyetujui pagu anggaran kemendikdasmen rapbn trijayafm dpr,esti wijayati,PER,2782
2451,rapat kerja komisi kiss dpr mendikdasmen abdul multi user texas instruments memaparkan rencana kerja anggaran rka kemendikdasmen wakil ketua komisi kiss dpr ri esti wijayati dpr menyetujui pagu anggaran kemendikdasmen rapbn trijayafm dpr,trijayafm,PER,2782
2454,aksi dpr ri mahasiswa remehkan tuntutanrakyat demo mahasiswa dpr unpad rakyat tuntutan jakarta harianterbitcom saksikan selengkapnya youtube tv terbit,harianterbitcom,ORG,2785
2455,bem stop it menggelar aksi tabur bungan gedung dpr ri jakarta pusat kamis aksi digelar mengenang korban aksi demo lilin mawar merah papan duka caught in the act dpr taburbungabem dpr,bem stop it,ORG,2786
2456,video dpr ri blakblakan alasan ruu perampasan aset mandek wakil ketua dpr ri saan mustopa alasan ruu perampasan aset dibahas parlemen dpr demo,saan mustopa,PER,2787
2458,bp disahkan jual beli sesuai aturan diatas tanah sengketa blokir bpnamp nama penjual phantasy tour mohon kasasi 3132kpdt2025 sesuai aturan dpr maaf resetindonesia berhenti mafia hukum,bp,PER,2789
2458,bp disahkan jual beli sesuai aturan diatas tanah sengketa blokir bpnamp nama penjual phantasy tour mohon kasasi 3132kpdt2025 sesuai aturan dpr maaf resetindonesia berhenti mafia hukum,phantasy tour,ORG,2789
2458,bp disahkan jual beli sesuai aturan diatas tanah sengketa blokir bpnamp nama penjual phantasy tour mohon kasasi 3132kpdt2025 sesuai aturan dpr maaf resetindonesia berhenti mafia hukum,resetindonesia,ORG,2789
2459,ketua dewan perwakilan rakyat dpr ri puan maharani perjalanan dpr negeri dibekukan kecuali konferensi kenegaraan klik baca puanmaharani dpr,puan maharani,PER,2790
2459,ketua dewan perwakilan rakyat dpr ri puan maharani perjalanan dpr negeri dibekukan kecuali konferensi kenegaraan klik baca puanmaharani dpr,puanmaharani,PER,2790
2460,puan pimpin reformasi ketua dpr ri ambil langkah pasca demo mahasiswa tunjangan perumahan dicabut kunker anggota amplifier komisi dimoratorium reformasi dpr pimpin langsung reformasidpr puanmaharani dpr,puan,PER,2791
2460,puan pimpin reformasi ketua dpr ri ambil langkah pasca demo mahasiswa tunjangan perumahan dicabut kunker anggota amplifier komisi dimoratorium reformasi dpr pimpin langsung reformasidpr puanmaharani dpr,puanmaharani,PER,2791
2461,daftar influencer datangi dpr ri tuntutan rakyat jangka pendek selesai besok influencer dpr andovidalopez jeromepolin tuntutanrakyat tuntutan178,andovidalopez jeromepolin,PER,2792
2462,masingmasing lembaga rapat gedung nusantara ii kompleks parlemen senayan jakarta pusat gubernur lemhannas ri wawancara awak media lemhannasri dpr bssn bakamla,bssn bakamla,PER,2793
2465,ketua komisi dpr ri lasarus kementerian pekerjaan mengalokasikan anggaran mempercepat pembangunan fasilitas rusak demo agustus baca thank you dpr demo,lasarus,PER,2796
2466,catatan refleksi indonesia tajuk selamatkan demokrasi debatkan supremasi sipil ketua bem user interface agus setiawan dikutip akun youtube dpr ri rabu baca thank you dpr bemui demo,agus setiawan,PER,2797
2467,sekjen dpr ri indra iskandar sekretariat jenderal menerima surat diteruskan pimpinan dpr ri baca dpr gaji tunjangan,indra iskandar,PER,2798
2468,dpr ri tindak lanjuti tuntutan lakukan reformasi dipimpin puan maharani thephraseid dpr dprri tuntutan178 sufmidasco puanmaharani,puan maharani thephraseid,PER,2799
2468,dpr ri tindak lanjuti tuntutan lakukan reformasi dipimpin puan maharani thephraseid dpr dprri tuntutan178 sufmidasco puanmaharani,sufmidasco puanmaharani,PER,2799
2470,partai nasdem menonaktifkan sahroni posisinya anggota dpr ri dpr menghentikan fasilitas diterimanya gaji tunjangan rusdimasse dpr pemerintah connectingideas kuatbacacom,sahroni,PER,2801
2471,ahmadsahroni sahroni dpr dprri komisi3dpr rusdimasse wakilketua rusdi masse resmi wakil ketua komisi dpr ri gantikan ahmad sahroni,ahmadsahroni sahroni,PER,2802
2471,ahmadsahroni sahroni dpr dprri komisi3dpr rusdimasse wakilketua rusdi masse resmi wakil ketua komisi dpr ri gantikan ahmad sahroni,rusdimasse,PER,2802
2471,ahmadsahroni sahroni dpr dprri komisi3dpr rusdimasse wakilketua rusdi masse resmi wakil ketua komisi dpr ri gantikan ahmad sahroni,rusdi masse,PER,2802
2471,ahmadsahroni sahroni dpr dprri komisi3dpr rusdimasse wakilketua rusdi masse resmi wakil ketua komisi dpr ri gantikan ahmad sahroni,ahmad sahroni,PER,2802
2472,dpr ri melantik rusdi masse mappassesu wakil ketua komisi dpr ri kamis baca dpr,rusdi masse mappassesu,PER,2803
2473,gantikan ahmad sahroni rusdi masse mappassesu resmidilantik wakil ketua komisi dpr ri ahmadsahroni sahroni dpr rusdimasse,ahmad sahroni,PER,2804
2473,gantikan ahmad sahroni rusdi masse mappassesu resmidilantik wakil ketua komisi dpr ri ahmadsahroni sahroni dpr rusdimasse,rusdi masse mappassesu,PER,2804
2473,gantikan ahmad sahroni rusdi masse mappassesu resmidilantik wakil ketua komisi dpr ri ahmadsahroni sahroni dpr rusdimasse,ahmadsahroni sahroni,PER,2804
2473,gantikan ahmad sahroni rusdi masse mappassesu resmidilantik wakil ketua komisi dpr ri ahmadsahroni sahroni dpr rusdimasse,rusdimasse,PER,2804
2474,bp disahkan jual beli sesuai aturan diatas tanah sengketa blokir bpn amplifier nama penjual phantasy tour mohon kasasi 3132kpdt2025 sesuai aturan dpr maaf darirakyatuntukrakyat stopmafiahukum,bp,PER,2805
2474,bp disahkan jual beli sesuai aturan diatas tanah sengketa blokir bpn amplifier nama penjual phantasy tour mohon kasasi 3132kpdt2025 sesuai aturan dpr maaf darirakyatuntukrakyat stopmafiahukum,phantasy tour,ORG,2805
2474,bp disahkan jual beli sesuai aturan diatas tanah sengketa blokir bpn amplifier nama penjual phantasy tour mohon kasasi 3132kpdt2025 sesuai aturan dpr maaf darirakyatuntukrakyat stopmafiahukum,stopmafiahukum,PER,2805
2476,musisi anggota dpr ri melly goeslaw menanggapi kondisi sosial politik indonesia baca selengkapnya mellygoeslaw dpr,melly goeslaw,PER,2807
2476,musisi anggota dpr ri melly goeslaw menanggapi kondisi sosial politik indonesia baca selengkapnya mellygoeslaw dpr,mellygoeslaw,PER,2807
2478,youtuber ericko lim hadir aksi unjuk gedung dpr ri rabu baca selengkapnya erickolim unjukrasa dpr,ericko lim,PER,2809
2478,youtuber ericko lim hadir aksi unjuk gedung dpr ri rabu baca selengkapnya erickolim unjukrasa dpr,erickolim,PER,2809
2479,dasco kumpulkan pimpinan fraksi dpr besok bahas tuntutan rakyat sufmidasco dpr tuntutanrakyat,dasco,PER,2810
2479,dasco kumpulkan pimpinan fraksi dpr besok bahas tuntutan rakyat sufmidasco dpr tuntutanrakyat,sufmidasco,PER,2810
2480,dpr ri terima organisasi mahasiswa pimpinan dpr ri berdialog perwakilan mahasiswa gmni human machine interface kammi bem user interface bem stop it ptkin bem user interface desak pembentukan grup investigasi dugaan makar amplifier usut tuntas kematian ojol affan kurniawan dpr,ojol affan kurniawan,PER,2811
2482,pimpinan dpr ri mendengarkan langsung aspirasi mahasiswa mengajukan tuntutan terkait kebijakankebijakan pemerintah salah satunya tunjangan dpr ri cucun ahmad syamsurijal agustus tunjangan perumahan dpr dihentikan dpr mahasiswa,cucun ahmad syamsurijal,PER,2813
2483,mahasiswa mendesak wakil ketua dpr ri sufmi dasco ahmad menelepon kapolri jenderal listyo sigit prabowo membebaskan massa aksi ditangkap demonstrasi agustus klik baca mahasiswa dpr,sufmi dasco ahmad,PER,2814
2483,mahasiswa mendesak wakil ketua dpr ri sufmi dasco ahmad menelepon kapolri jenderal listyo sigit prabowo membebaskan massa aksi ditangkap demonstrasi agustus klik baca mahasiswa dpr,listyo sigit prabowo,PER,2814
2485,presenter anggota dpr ri uya kuya kucing tangannya kucing ara deri black on the outside white on the inside baca selengkapnya uyakuya kucinguyakuya dpr,uya kuya,PER,2816
2485,presenter anggota dpr ri uya kuya kucing tangannya kucing ara deri black on the outside white on the inside baca selengkapnya uyakuya kucinguyakuya dpr,uyakuya kucinguyakuya dpr,PER,2816
2486,ketua mkd dpr ri nazaruddin dik gam mengaku mengirimkan surat kesekjenan dpr ri menghentikan gaji tunjangan anggota dewan dinonaktifkan baca gaji dpr,nazaruddin dik gam,PER,2817
2490,diusut polri tindak pidana penjarahan mengusut menahan delpedro negara gagal hadir anggota komisi dpr ri benny harman baca dpr polisi polri,delpedro,PER,2821
2490,diusut polri tindak pidana penjarahan mengusut menahan delpedro negara gagal hadir anggota komisi dpr ri benny harman baca dpr polisi polri,benny harman,PER,2821
2494,kinerja dpr optimal initerlihat laporan pemantauan kinerja dpr ri dirilis indonesian parliamentarycenter ignore post count dpr ignore post count kinerjadpr databokstrivia databoks katadataindepth kalaubicarapakaidata,indonesian parliamentarycenter,ORG,2825
2495,presiden prabowo subianto menyebut pimpinan dewan perwakilan rakyat dpr mencabut kebijakan dpr ri prabowo tunjangandpr dpr,prabowo subianto,PER,2826
2495,presiden prabowo subianto menyebut pimpinan dewan perwakilan rakyat dpr mencabut kebijakan dpr ri prabowo tunjangandpr dpr,prabowo,PER,2826
2496,kendati dinonaktifkan ahmad sahroni nafa urbach eko patrio uya kuya tercatat anggota dpr gaji hugs and kisses keuangan anggota dewan dpr ahmadsahroni nafaurbach ekopatrio uyakuya,ahmad sahroni nafa urbach eko patrio uya kuya,PER,2827
2496,kendati dinonaktifkan ahmad sahroni nafa urbach eko patrio uya kuya tercatat anggota dpr gaji hugs and kisses keuangan anggota dewan dpr ahmadsahroni nafaurbach ekopatrio uyakuya,ahmadsahroni nafaurbach ekopatrio uyakuya,PER,2827
2498,ketua fraksi demokrat dpr ri edhie baskoro yudhoyono ibas partainya terbuka mendukung rancangan undangundang perampasan aset digulirkan ruuperampasanaset dpr demokrat trijayafm mpr,edhie baskoro yudhoyono,PER,2829
2498,ketua fraksi demokrat dpr ri edhie baskoro yudhoyono ibas partainya terbuka mendukung rancangan undangundang perampasan aset digulirkan ruuperampasanaset dpr demokrat trijayafm mpr,trijayafm mpr,PER,2829
2499,anggota dpr ri nasdem personal area network golkar dinyatakan nonaktif gelombang protes publik dpr nonaktif nasdem personal area network golkar parlemen demo ahmadsahroni ekopatrio uyakuya nafaurbach adieskadir,ahmadsahroni ekopatrio uyakuya nafaurbach adieskadir,PER,2830
2500,ketua badan anggaran banggar dpr ri anggota fraksi pdip said abdullah istilah anggota dewan nonaktif uu nomor mpr dpr dpd dprd md3 baca dpr,said abdullah,PER,2831
2502,partai golkar resmi menonaktifkan adies kadir jabatannya anggota dpr ri terhitung senin dpr adieskadir golkar,adies kadir,PER,2833
2502,partai golkar resmi menonaktifkan adies kadir jabatannya anggota dpr ri terhitung senin dpr adieskadir golkar,adiesk,PER,2833
2503,dpp personal area network ambil langkah eko patrio uya kuya dinonaktifkan dpr ri dpr indonesia politik anggotadprri indonesiaemas2045,dpp personal area network,ORG,2834
2503,dpp personal area network ambil langkah eko patrio uya kuya dinonaktifkan dpr ri dpr indonesia politik anggotadprri indonesiaemas2045,eko patrio uya kuya,PER,2834
2505,presiden ri ke8 prabowo subianto pimpinan dpr ri paralytic menteri langsung mengundang tokoh masyarakat tokoh mahasiswa kelompokkelompok aspirasi diterima langsung berdialog demo dpr prabowo news,prabowo subianto,PER,2836
2505,presiden ri ke8 prabowo subianto pimpinan dpr ri paralytic menteri langsung mengundang tokoh masyarakat tokoh mahasiswa kelompokkelompok aspirasi diterima langsung berdialog demo dpr prabowo news,prabowo news,PER,2836
2507,presiden prabowo subianto dpr mencabut tunjangan anggota dpr ri menyusul aksi demo gedung dpr meluas wilayah trijayafm prabowo dpr tunjangan,prabowo subianto,PER,2838
2508,fucking tahi sigit anjing tanggung menjaga rakyat membunuh rakyat sigit goblok indonesia maju hello hi kasihan masyarakat tanah blanked indonesia polisipembunuhrakyat dprdewanpenindasrakyat dpr,sigit,PER,2839
2508,fucking tahi sigit anjing tanggung menjaga rakyat membunuh rakyat sigit goblok indonesia maju hello hi kasihan masyarakat tanah blanked indonesia polisipembunuhrakyat dprdewanpenindasrakyat dpr,sigit,PER,2839
2511,turunkan gaji tunjangan anggota dpr senilai 2amp3 kali umr demo dprri dpr pulang wargajagawarga daruratmiliter uyakuya srimulyani ekopatrio sahroni prabowo,uyakuya srimulyani ekopatrio sahroni prabowo,PER,2842
2512,eko patrio nafa urbach uya kuya sabtu maaf publik sikap menyebabkan kegaduhan publik berjanji depannya berhatihati bersikap berucap suarasurabaya suarasurabayamedia dpr ri mintamaaf viral,eko patrio,PER,2843
2512,eko patrio nafa urbach uya kuya sabtu maaf publik sikap menyebabkan kegaduhan publik berjanji depannya berhatihati bersikap berucap suarasurabaya suarasurabayamedia dpr ri mintamaaf viral,nafa urbach,PER,2843
2512,eko patrio nafa urbach uya kuya sabtu maaf publik sikap menyebabkan kegaduhan publik berjanji depannya berhatihati bersikap berucap suarasurabaya suarasurabayamedia dpr ri mintamaaf viral,uya kuya,PER,2843
2514,anggota komisi ix dpr ri fraksi personal area network uya kuya mengaku ikhlas rumah dijarah massa sedih kucingkucing peliharaannya diambil uyakuya dpr personal area network,uya kuya,PER,2845
2514,anggota komisi ix dpr ri fraksi personal area network uya kuya mengaku ikhlas rumah dijarah massa sedih kucingkucing peliharaannya diambil uyakuya dpr personal area network,uyakuya,PER,2845
2515,rumah ahmad sahroni massa geruduk rumah anggota dpr ri fraksi personal area network eko patrio kawasan kuningan jakarta barang berharga sandal ludes dijarah massa ekopatrio dpr personal area network,ahmad sahroni,PER,2846
2515,rumah ahmad sahroni massa geruduk rumah anggota dpr ri fraksi personal area network eko patrio kawasan kuningan jakarta barang berharga sandal ludes dijarah massa ekopatrio dpr personal area network,eko patrio,PER,2846
2515,rumah ahmad sahroni massa geruduk rumah anggota dpr ri fraksi personal area network eko patrio kawasan kuningan jakarta barang berharga sandal ludes dijarah massa ekopatrio dpr personal area network,ekopatrio,PER,2846
2516,anggota dpr ri eko patrio uya kuya nafa urbach maaf masyarakat indonesia nafaurbach dpr mintamaaf nasdem,eko patrio uya kuya nafa urbach,PER,2847
2517,kediaman anggota dpr ri ahmad sahroni jarah massa kali massa menjarah kediaman eko patrio uya kuya sabtu agustus ekopatrio rumah dpr,ahmad sahroni jarah,PER,2848
2517,kediaman anggota dpr ri ahmad sahroni jarah massa kali massa menjarah kediaman eko patrio uya kuya sabtu agustus ekopatrio rumah dpr,eko patrio uya kuya,PER,2848
2517,kediaman anggota dpr ri ahmad sahroni jarah massa kali massa menjarah kediaman eko patrio uya kuya sabtu agustus ekopatrio rumah dpr,ekopatrio,PER,2848
2521,berhentikan sahroni uyakuya anggota dpr dprri listiosigit titokarnavian,sahroni uyakuya,PER,2852
2521,berhentikan sahroni uyakuya anggota dpr dprri listiosigit titokarnavian,##ri listiosigit,PER,2852
2521,berhentikan sahroni uyakuya anggota dpr dprri listiosigit titokarnavian,titokarnavian,PER,2852
2522,rumah anggota dpr ri fraksi nasdem ahmad sahroni kawasan tanjung priok jakarta utara dikepung massa ahmadsahroni dpr dprri,ahmad sahroni,PER,2854
2522,rumah anggota dpr ri fraksi nasdem ahmad sahroni kawasan tanjung priok jakarta utara dikepung massa ahmadsahroni dpr dprri,ahmadsahroni,PER,2854
2523,massa mengepung rumah anggota dpr ri ahmad sahroni mengamuk menghancurkan kendaraan mewah terparkir garasi rumah ahmadsahroni dpr dprri,ahmad sahroni,PER,2855
2523,massa mengepung rumah anggota dpr ri ahmad sahroni mengamuk menghancurkan kendaraan mewah terparkir garasi rumah ahmadsahroni dpr dprri,ahmadsahroni,PER,2855
2524,aksi massa geruduk rumah anggota dpr ri ahmad sahroni terletak tanjung priok sabtu isi rumah dijarah baju patung iron man lainlainnya dibawa sahroni dpr,ahmad sahroni,PER,2856
2524,aksi massa geruduk rumah anggota dpr ri ahmad sahroni terletak tanjung priok sabtu isi rumah dijarah baju patung iron man lainlainnya dibawa sahroni dpr,sahroni,PER,2856
2527,berhentikan sahroni uyakuya anggota dpr dprri metri titokarnavian,sahroni uyakuya,PER,2860
2527,berhentikan sahroni uyakuya anggota dpr dprri metri titokarnavian,metri titokarnavian,PER,2860
2528,berhentikan sahroni uyakuya anggota dpr dprri ekopatrio,sahroni uyakuya,PER,2861
2528,berhentikan sahroni uyakuya anggota dpr dprri ekopatrio,##ri ekopatrio,PER,2861
2529,berhentikan sahroni uyakuya anggota dpr dprri,sahroni uyakuya,PER,2862
2530,ketua dpr ri puan maharani video keterangan resminya dpr memperbaiki menyerap aspirasi masyarakat menyusul aksi demonstrasi gedung dpr ri jakarta puanmaharani dpr demo ojol polisi,puan maharani,PER,2865
2530,ketua dpr ri puan maharani video keterangan resminya dpr memperbaiki menyerap aspirasi masyarakat menyusul aksi demonstrasi gedung dpr ri jakarta puanmaharani dpr demo ojol polisi,puanmaharani,PER,2865
2531,tuntutan rakyat reformasi transparansi keadilan tandatangani petisi via dprri dpr indonesia reformasi penjarahan affan affankurniawan prabowountukrakyat brimob aparat indonesiareformasi,affan affankurniawan prabowo,PER,2866
2535,nama anggota dpr ri populer nama ahmad sahroni eko patrio puan maharani nafa urbach nama dedy sitorus samakan anggota dpr rakyat jelata populer dpr demo,ahmad sahroni eko patrio,PER,2870
2535,nama anggota dpr ri populer nama ahmad sahroni eko patrio puan maharani nafa urbach nama dedy sitorus samakan anggota dpr rakyat jelata populer dpr demo,puan maharani nafa urbach,PER,2870
2535,nama anggota dpr ri populer nama ahmad sahroni eko patrio puan maharani nafa urbach nama dedy sitorus samakan anggota dpr rakyat jelata populer dpr demo,dedy sitorus,PER,2870
2536,bantu naikkan tuntutan pemerintah indonesia kedepannya disusun kakak salsa erwina hutagulung grup membantu menyalurkan aspirasi masyarakat semoga didengar paralytic petinggi negara dpr,salsa erwina hutagulung,PER,2871
2537,barangkali tetanggamu tandai prabowo senen dpr demo aparat chaos akane dpr ri surabaya penjarahan,prabowo,PER,2872
2539,ahmad sahroni resmi dicopot jabatan wakil ketua komisi dpr ri keputusan memicu beragam spekulasi tanggapan publik informasi lengkapnya gabung grup tele faktahitam tunjangandpr dpr sahroni ahmadsahroni nasdem pajaknegara,ahmad sahroni,PER,2874
2539,ahmad sahroni resmi dicopot jabatan wakil ketua komisi dpr ri keputusan memicu beragam spekulasi tanggapan publik informasi lengkapnya gabung grup tele faktahitam tunjangandpr dpr sahroni ahmadsahroni nasdem pajaknegara,grup tele faktahitam tunjangandpr dpr,ORG,2874
2539,ahmad sahroni resmi dicopot jabatan wakil ketua komisi dpr ri keputusan memicu beragam spekulasi tanggapan publik informasi lengkapnya gabung grup tele faktahitam tunjangandpr dpr sahroni ahmadsahroni nasdem pajaknegara,sahroni ahmadsahroni nasdem,PER,2874
2540,painkillers usul tunjangan rumah dinas anggota dpr ri dihapus sekjen painkillers wujud kedisiplinan fiskal amplifier keteladanan anggaran kesehatan pendidikan amplifier umkm painkillers dpr anggaran,painkillers,PER,2875
2540,painkillers usul tunjangan rumah dinas anggota dpr ri dihapus sekjen painkillers wujud kedisiplinan fiskal amplifier keteladanan anggaran kesehatan pendidikan amplifier umkm painkillers dpr anggaran,painkillers,PER,2875
2542,video tertangkap kamera provokator demo bertopi putih aksinya terekam drone provokator bertopi putih menyebabkan kericuhan demo gedung dpr ri kemarin sipil seberani orang mencari prabowo senen dpr demo aparat chaos akane,prabowo,PER,2877
2546,yes dishare katalog foto anggota dpr ri biar rakyat indonesia negeri kabur negeri dpr dprkabur dprri,yes,PER,2881
2547,kdm hadir menemani rakyat demohanya kdm paham bernegara kdm demo dpr fixed your post a social networking site,kdm,PER,2882
2547,kdm hadir menemani rakyat demohanya kdm paham bernegara kdm demo dpr fixed your post a social networking site,kdm,PER,2882
2547,kdm hadir menemani rakyat demohanya kdm paham bernegara kdm demo dpr fixed your post a social networking site,kdm,PER,2882
2549,seruan membubarkandprviraldi media sosial wakil ketua komisi dpr riahmad sahroni tanggapi orang menyerukan pembubaran dpritu orang bodoh dpr,##dprviraldi,PER,2884
2549,seruan membubarkandprviraldi media sosial wakil ketua komisi dpr riahmad sahroni tanggapi orang menyerukan pembubaran dpritu orang bodoh dpr,riahmad sahroni,PER,2884
2551,puan maharani nama permintaan maaf amplifier belasungkawa wafatnya affan kurniawan ojol pengusutan tuntas amplifier berbenah dengar aspirasi rakyat dpr puanmaharani belasungkawa,puan maharani,PER,2886
2551,puan maharani nama permintaan maaf amplifier belasungkawa wafatnya affan kurniawan ojol pengusutan tuntas amplifier berbenah dengar aspirasi rakyat dpr puanmaharani belasungkawa,affan kurniawan,PER,2886
2551,puan maharani nama permintaan maaf amplifier belasungkawa wafatnya affan kurniawan ojol pengusutan tuntas amplifier berbenah dengar aspirasi rakyat dpr puanmaharani belasungkawa,puanmaharani,PER,2886
2553,fraksi nasdem dpr ri mengganti posisi ahmad sahroni menduduki kursi wakil ketua komisi dpr dipindahkan anggota komisi dpr baca ahmadsahroni dpr,ahmad sahroni,PER,2888
2553,fraksi nasdem dpr ri mengganti posisi ahmad sahroni menduduki kursi wakil ketua komisi dpr dipindahkan anggota komisi dpr baca ahmadsahroni dpr,ahmadsahroni,PER,2888
2557,salah dpr rakyat melupain isunya dpr ditabrakin polisi dpr demo viralvideo kwitang dpr ri dprbebannegara,viralvideo,PER,2892
2557,salah dpr rakyat melupain isunya dpr ditabrakin polisi dpr demo viralvideo kwitang dpr ri dprbebannegara,##bebannegara,PER,2892
2559,sekretariat jenderal setjend dpr ri menerbitkan kebijakan kerja rumah work rumah working from home paralytic pegawai wakil ketua komisi dpr ri ahmad sahroni membenarkan imbauan ahmadsahroni dpr,ahmad sahroni,PER,2894
2559,sekretariat jenderal setjend dpr ri menerbitkan kebijakan kerja rumah work rumah working from home paralytic pegawai wakil ketua komisi dpr ri ahmad sahroni membenarkan imbauan ahmadsahroni dpr,ahmadsahroni,PER,2894
2561,gus presiden ri senpat membubarkan dpr hey you simak selengkapnya penjelasan foto gusdur dpr,senpat,PER,2896
2561,gus presiden ri senpat membubarkan dpr hey you simak selengkapnya penjelasan foto gusdur dpr,gusdur,PER,2896
2564,ramai kabar tunjangan rumah anggota dpr role play juta memicu penolakan demo kemarin wakil ketua dpr ri sufmi dasco ahmad tunjangan oktober tunjanganrumah dpr rp50juta,sufmi dasco ahmad,PER,2899
2566,anggota komisi kiss dpr ri bonnie triyana data pertumbuhan ekonomi kuartal ii persen dirilis bits selengkapnya bits dpr ekonomikuartalii2025 ekonomi pertumbuhanekonomi,bonnie triyana,PER,2901
2569,ribuan massa aksi demonstrasi memadati area gedung dprmpr ri jakarta kepolisian mengimbau paralytic demonstran tertib menjaga keamanan aksi video corona marina jurnalis metro tv demodpr aksimassa dpr,paralytic,PER,2904
2569,ribuan massa aksi demonstrasi memadati area gedung dprmpr ri jakarta kepolisian mengimbau paralytic demonstran tertib menjaga keamanan aksi video corona marina jurnalis metro tv demodpr aksimassa dpr,corona marina,PER,2904
2569,ribuan massa aksi demonstrasi memadati area gedung dprmpr ri jakarta kepolisian mengimbau paralytic demonstran tertib menjaga keamanan aksi video corona marina jurnalis metro tv demodpr aksimassa dpr,metro tv,ORG,2904
2572,anggota komisi xi dpr ri fraksi partai amanat nasional personal area network arisal aziz ketua pssi erick thohir menghentikan program naturalisasi pemain timnas indonesia gagal lolos piala dunia dpr erickthohir pssi naturalisasi timnasindonesia,arisal aziz,PER,2907
2572,anggota komisi xi dpr ri fraksi partai amanat nasional personal area network arisal aziz ketua pssi erick thohir menghentikan program naturalisasi pemain timnas indonesia gagal lolos piala dunia dpr erickthohir pssi naturalisasi timnasindonesia,erick thohir,PER,2907
2572,anggota komisi xi dpr ri fraksi partai amanat nasional personal area network arisal aziz ketua pssi erick thohir menghentikan program naturalisasi pemain timnas indonesia gagal lolos piala dunia dpr erickthohir pssi naturalisasi timnasindonesia,timnas indonesia,ORG,2907
2572,anggota komisi xi dpr ri fraksi partai amanat nasional personal area network arisal aziz ketua pssi erick thohir menghentikan program naturalisasi pemain timnas indonesia gagal lolos piala dunia dpr erickthohir pssi naturalisasi timnasindonesia,erickthohir,PER,2907
2572,anggota komisi xi dpr ri fraksi partai amanat nasional personal area network arisal aziz ketua pssi erick thohir menghentikan program naturalisasi pemain timnas indonesia gagal lolos piala dunia dpr erickthohir pssi naturalisasi timnasindonesia,timnasindonesia,ORG,2907
2575,hidup susah komedian wakil ketua komisi vi dpr ri eko patrio memiliki kekayaan ratusan miliar rupiah baca ekopatrio dpr,eko patrio,PER,2910
2575,hidup susah komedian wakil ketua komisi vi dpr ri eko patrio memiliki kekayaan ratusan miliar rupiah baca ekopatrio dpr,ekopatrio,PER,2910
2577,nafa urbach aktris anggota dpr ri komisi ix berjanji gaji tunjangan anggota dewan guru wilayah daerah pemilihannya baca selengkapnya nafaurbach gaji dpr,nafa urbach,PER,2912
2577,nafa urbach aktris anggota dpr ri komisi ix berjanji gaji tunjangan anggota dewan guru wilayah daerah pemilihannya baca selengkapnya nafaurbach gaji dpr,nafaurbach,PER,2912
2579,anggota dpr ri sentil erick thohir ajukan pemain naturalisasi dpr naturalisasi pssi erickthohir,senti,PER,2914
2579,anggota dpr ri sentil erick thohir ajukan pemain naturalisasi dpr naturalisasi pssi erickthohir,##l erick thohir,PER,2914
2579,anggota dpr ri sentil erick thohir ajukan pemain naturalisasi dpr naturalisasi pssi erickthohir,erickthohir,PER,2914
2580,updaterespons bahlil ricuh massa aksi dpr ri pendemo ditangkap polisi bahlil demo dpr massa aksi demodidpr demo25agustus aksidemo mahasiswa senayan bubarkandpr polisi polri ricuh,bahlil,PER,2915
2580,updaterespons bahlil ricuh massa aksi dpr ri pendemo ditangkap polisi bahlil demo dpr massa aksi demodidpr demo25agustus aksidemo mahasiswa senayan bubarkandpr polisi polri ricuh,bahlil,PER,2915
2581,nafa urbach anggota dpr ri dapil jateng berjanji mengalokasikan gaji tunjangannya masyarakat guru komitmen dikritik tunjangan perumahan rp50 juta keluhan macet dpr nafaurbach,nafa urbach,PER,2916
2581,nafa urbach anggota dpr ri dapil jateng berjanji mengalokasikan gaji tunjangannya masyarakat guru komitmen dikritik tunjangan perumahan rp50 juta keluhan macet dpr nafaurbach,nafaurbach,PER,2916
2588,pernyataan wakil dpr ri adies kadir perbincangan paralytic warganet dinilai logis bayangkan ngekos rp78 jutabulan jerome polin konten terkait tanggapannya pernyataan adies kadir dpr logika,adies kadir,PER,2923
2588,pernyataan wakil dpr ri adies kadir perbincangan paralytic warganet dinilai logis bayangkan ngekos rp78 jutabulan jerome polin konten terkait tanggapannya pernyataan adies kadir dpr logika,paralytic warganet,PER,2923
2588,pernyataan wakil dpr ri adies kadir perbincangan paralytic warganet dinilai logis bayangkan ngekos rp78 jutabulan jerome polin konten terkait tanggapannya pernyataan adies kadir dpr logika,jerome polin,PER,2923
2588,pernyataan wakil dpr ri adies kadir perbincangan paralytic warganet dinilai logis bayangkan ngekos rp78 jutabulan jerome polin konten terkait tanggapannya pernyataan adies kadir dpr logika,adies kadir,PER,2923
2592,komisi kiss xi dpr ri menyetujui proses naturalisasi pemain diproyeksikan membela timnas indonesia erick thohir mimpi bangsa baca erickthohir timnas dpr,erick thohir,PER,2927
2592,komisi kiss xi dpr ri menyetujui proses naturalisasi pemain diproyeksikan membela timnas indonesia erick thohir mimpi bangsa baca erickthohir timnas dpr,erickthohir,PER,2927
2593,sarmuji anggota dpr ri terpopuler kinerja terbaik jatim ibas dilibas sarmuji dpr survei arci golkar,sarmuji,PER,2928
2593,sarmuji anggota dpr ri terpopuler kinerja terbaik jatim ibas dilibas sarmuji dpr survei arci golkar,ibas dilibas,PER,2928
2593,sarmuji anggota dpr ri terpopuler kinerja terbaik jatim ibas dilibas sarmuji dpr survei arci golkar,sarmuji,PER,2928
2594,gelombang demonstrasi gedung dpr ri rapat dengar pendapat komisi dpr membahas ruu penyiaran menit baca selengkapnya demo dprri dpr ruu gedung dpr ri arhan azizah salsha kejagung,arhan azizah salsha,PER,2929
2595,dasco demonstrasi dilindungi uu aturan komaindonesia sufmidasco dpr demodpr demoricuh viralvideo gedung dpr ri,dasco,PER,2930
2595,dasco demonstrasi dilindungi uu aturan komaindonesia sufmidasco dpr demodpr demoricuh viralvideo gedung dpr ri,sufmidasco,PER,2930
2596,tunjangan rumah dpr setahun wakil ketua dpr ri sufmi dasco ahmad anggota dpr tunjangan rumah rp50 jutabulan oktober dpr tunjanganrumah parlemen infopolitik,sufmi dasco ahmad,PER,2931
2597,video beredar hyundai palisade berpelat zzh dilempari batu bambu melintas aksi demo baca selengkapnya demo dpr dprri desakprabowobubarkandpr gedung dpr ri arhan azizah salsha,arhan azizah salsha,PER,2932
2598,puan maharani dpr ri menampung aspirasi rakyat dpr puanmaharani gedungdprri,puan maharani,PER,2933
2598,puan maharani dpr ri menampung aspirasi rakyat dpr puanmaharani gedungdprri,puanmaharani gedungdprri,PER,2933
2599,bima arya merespons massa aksi membawa mengibarkan bendera personal area network kompleks gedung dpr ri senin dpr demo personal area network,bima arya,PER,2934
2600,influencer disc jockey mengunggah kritik kerasnya wakil presiden gibran rakabuming raka donny menyoroti sikap gibran mencoba mengambil simpati publik setuju kebijakan dpr ri,gibran rakabuming raka donny,PER,2935
2600,influencer disc jockey mengunggah kritik kerasnya wakil presiden gibran rakabuming raka donny menyoroti sikap gibran mencoba mengambil simpati publik setuju kebijakan dpr ri,gibran,PER,2935
2601,demo gedung dpr ri dprri dpr demodpr puanmaharani ketuadpdri prabowo gibran shortsviral fixed your post,puanmaharani,PER,2936
2602,ricuh dpr ri pendemo ditangkap demo dpr masyarakat tnipolri mahasiswa rusuh ditangkap jakarta gedungdprri harianterbitcom saksikan selengkapnya youtube tv terbit,harianterbitcom,ORG,2937
2610,kericuhan gedung dpr ri polisi menghalau massa gerbang pancasila arah stasiun palmerah asep bidin rosidinprmn dpr demo jakarta,asep bidin rosidinprmn,PER,2945
2611,mahasiswa aksi unjuk gerbang pancasila gedung dpr ri senin agustus asep bidin rosidinprmn dpr demo jakarta,asep bidin rosidinprmn,PER,2946
2613,muncul video artificial intelligence menampilkan anggota dewan berjoget ruang sidang lengkap musik disc jockey hujan uang baca selengkapnya videoai dpr dprri joget senin desakprabowobubarkandpr gedung dpr ri pengalihan arhan azizah salsha,arhan azizah salsha,PER,2948
2614,uya kuya angkat bicara video viral bertema gaji role play juta menimbulkan kontroversi baca selengkapnya uyakuya dprri dpr gedung dpr ri arhan azizah salsha desakprabowobubarkandpr,uya kuya,PER,2949
2614,uya kuya angkat bicara video viral bertema gaji role play juta menimbulkan kontroversi baca selengkapnya uyakuya dprri dpr gedung dpr ri arhan azizah salsha desakprabowobubarkandpr,uyakuya,PER,2949
2614,uya kuya angkat bicara video viral bertema gaji role play juta menimbulkan kontroversi baca selengkapnya uyakuya dprri dpr gedung dpr ri arhan azizah salsha desakprabowobubarkandpr,arhan azizah salsha desakprabowo,PER,2949
2616,polisi menghalau massa aksi gedung dpr ri arah kawasan gelora karno gbk asep bidin rosidinprmn dpr demo jakarta,asep bidin rosidin,PER,2951
2617,kericuhan unjuk gedung dpr ri senayan jakarta senin agustus massa aksi bergerak arah barisan polisi berselang kericuhan asep bidin rosidinprmn dpr demo jakarta,asep bidin rosidin,PER,2952
2619,desakan bubarkan dpr akumulasi kekecewaan publik adiprayitno dpr,adiprayitno,PER,2954
2621,konten berisi pasha ungu mengundurkan memanfaatkan foto pasha ruang sidang dpr other half lanjutannya pashaungu dpr dprbebannegara,pasha ungu,PER,2956
2621,konten berisi pasha ungu mengundurkan memanfaatkan foto pasha ruang sidang dpr other half lanjutannya pashaungu dpr dprbebannegara,pasha,PER,2956
2621,konten berisi pasha ungu mengundurkan memanfaatkan foto pasha ruang sidang dpr other half lanjutannya pashaungu dpr dprbebannegara,pasha,PER,2956
2622,faktanya bukti pasha bicara mundur dpr narasi uang haram resmi sumber internal personal area network lanjutannya pashaungu dpr dprbebannegara,pasha,PER,2957
2622,faktanya bukti pasha bicara mundur dpr narasi uang haram resmi sumber internal personal area network lanjutannya pashaungu dpr dprbebannegara,pasha,PER,2957
2623,video viral beredar tiktok kiss a social networking site grup whatsapp bukti dokumen resmi pasha ungu mengundurkan jabatannya anggota dpr ri cek pashaungu dpr dprian,pasha ungu,PER,2958
2624,pengemudi ojek daring ojol mengikuti demo agustus paralytic anggota dpr ri memperhatikan nasib rakyat dibandingkan kepentingan peribadinya baca selengkapnya laugh loudly demo dpr,daring,PER,2959
2624,pengemudi ojek daring ojol mengikuti demo agustus paralytic anggota dpr ri memperhatikan nasib rakyat dibandingkan kepentingan peribadinya baca selengkapnya laugh loudly demo dpr,ojol,PER,2959
2625,paralytic pakar menilai berita palsu cepat dipercaya rendahnya tingkat kepercayaan publik dpr pasha digambarkan pembela rakyat mudah memicu simpati cek pashaungu dpr dprbebannegara,pasha,PER,2960
2626,video beredar media sosial memuat narasi dramatis potongan ucapan bukti resmi pernyataan pasha partai amanat nasional personal area network terkait kabar lihat pashaungu dpr,pasha,PER,2961
2626,video beredar media sosial memuat narasi dramatis potongan ucapan bukti resmi pernyataan pasha partai amanat nasional personal area network terkait kabar lihat pashaungu dpr,pasha,PER,2961
2627,mantan vokalis anggota dpr ri sigit purnomo said pasha ungu mengundurkan jabatannya tergiur uang haram hoaks cek pashaungu dpr dprbebannegara,sigit purnomo said pasha ungu,PER,2962
2628,video menampilkan foto pasha ruang sidang dpr dipadukan narasi dramatis muncul klaim mantan vokalis band ungu menolak makan uang haram pashaungu dpr dprbebannegara dprian,pasha,PER,2963
2628,video menampilkan foto pasha ruang sidang dpr dipadukan narasi dramatis muncul klaim mantan vokalis band ungu menolak makan uang haram pashaungu dpr dprbebannegara dprian,pasha,PER,2963
2629,jagat maya geger video viral tiktok kiss a social networking site whatsapp mengklaim anggota dpr ri personal area network sigit purnomo said alias pasha ungu mengundurkan jabatannya lihat pashaungu dpr,sigit purnomo said,PER,2964
2629,jagat maya geger video viral tiktok kiss a social networking site whatsapp mengklaim anggota dpr ri personal area network sigit purnomo said alias pasha ungu mengundurkan jabatannya lihat pashaungu dpr,pasha ungu,PER,2964
2629,jagat maya geger video viral tiktok kiss a social networking site whatsapp mengklaim anggota dpr ri personal area network sigit purnomo said alias pasha ungu mengundurkan jabatannya lihat pashaungu dpr,pasha,PER,2964
2630,viral pasha ungu mengundurkan dpr ri makan uang haram cek pashaungu dpr bbtvi,pasha ungu,PER,2965
2630,viral pasha ungu mengundurkan dpr ri makan uang haram cek pashaungu dpr bbtvi,pasha,PER,2965
2632,dpr bubar dekrit juli dekrit juli syahroni terhormat menginsinuasi paduka mulia karno amplifier kingdom hearts  gus bermental bodoh sedunia demo dpr jakarta,gus,PER,2967
2633,anggota komisi dpr ri hinca pandjaitan pemberian amnesti sembarangan prosedur pemberian pertimbangan matang dpr noel lip6an,hinca pandjaitan,PER,2968
2634,wakil ketua komisi dpr ri ahmad sahroni menyebut masyarakat menyerukan pembubaran dpr orang bodoh sedunia pernyataannya viral media sosial dpr ri ahmadsahroni politics,ahmad sahroni,PER,2969
2634,wakil ketua komisi dpr ri ahmad sahroni menyebut masyarakat menyerukan pembubaran dpr orang bodoh sedunia pernyataannya viral media sosial dpr ri ahmadsahroni politics,ahmadsahroni politics,PER,2969
2636,komisi xi dpr ri apresiasi imigrasi banten pnbp tembus target agustus layanan publik profesional amplifier produktif wakil ketua komisi xi dpr rinto subekti imigrasi dpr banten,rinto subekti,PER,2971
2637,gusdur bubarkan dpr ri beritaterkini gusdur dpr dprri demo,gusdur,PER,2972
2637,gusdur bubarkan dpr ri beritaterkini gusdur dpr dprri demo,gusdur,PER,2972
2638,video anggota dpr ri berjoget rangkaian sidang tahunan mpr sorotan publik detikcom dpr prabowosubianto pashaungu,detikcom,ORG,2973
2638,video anggota dpr ri berjoget rangkaian sidang tahunan mpr sorotan publik detikcom dpr prabowosubianto pashaungu,prabowosubianto pasha,PER,2973
2639,viral media sosial seruan membubarkan dpr wakil ketua komisi dpr ri ahmad sahroni menganggap orang menyerukan pembubaran dpr orang bodoh detikcom dpr ahmadsahroni wakilrakyat politikindonesia,ahmad sahroni,PER,2974
2639,viral media sosial seruan membubarkan dpr wakil ketua komisi dpr ri ahmad sahroni menganggap orang menyerukan pembubaran dpr orang bodoh detikcom dpr ahmadsahroni wakilrakyat politikindonesia,ahmadsahroni,PER,2974
2640,pernyataan wakil ketua komisi dpr ri ahmad sahroni menyebut masyarakat menyerukan pembubaran dpr orang bodoh sedunia berpotensi memantik kemarahan publik dpr iwansetiawan ahmadsahroni seruanbubarkandpr,ahmad sahroni,PER,2975
2640,pernyataan wakil ketua komisi dpr ri ahmad sahroni menyebut masyarakat menyerukan pembubaran dpr orang bodoh sedunia berpotensi memantik kemarahan publik dpr iwansetiawan ahmadsahroni seruanbubarkandpr,iwansetiawan ahmadsahroni,PER,2975
2641,ramai seruan pembubaran dpr media sosial wakil ketua komisi dpr ri ahmad sahroni orang menyerukan orang truly laughing out loud sedunia pernyataan sahroni kunjungan kerjanya polda sumut jumat dpr ahmadsahroni,ahmad sahroni,PER,2976
2641,ramai seruan pembubaran dpr media sosial wakil ketua komisi dpr ri ahmad sahroni orang menyerukan orang truly laughing out loud sedunia pernyataan sahroni kunjungan kerjanya polda sumut jumat dpr ahmadsahroni,sahroni,PER,2976
2641,ramai seruan pembubaran dpr media sosial wakil ketua komisi dpr ri ahmad sahroni orang menyerukan orang truly laughing out loud sedunia pernyataan sahroni kunjungan kerjanya polda sumut jumat dpr ahmadsahroni,ahmadsahroni,PER,2976
2642,dikaji sebaikbaiknya sesuai kondisi harga jakarta kantornya jakarta puan gedung dpr ri kamis baca selengkapnya laugh loudly tunjanganrumah dpr,puan,PER,2977
2644,wakil ketua dpr ri sufmi dasco ahmad izin konser royalti hugs and kisses cipta dilunasi eo wajib merincikan komponen biaya dpr ri sufmidasco musik royalti,sufmi dasco ahmad,PER,2979
2644,wakil ketua dpr ri sufmi dasco ahmad izin konser royalti hugs and kisses cipta dilunasi eo wajib merincikan komponen biaya dpr ri sufmidasco musik royalti,sufmidasco,PER,2979
2645,ketua dpr ri puan maharani tegaskan dpr sorry if already posted menampung aspirasi demo agustus insya aspirasi masyarakat diterima dpr dpr buka ruang dialog terbuka amplifier demokratis dpr puanmaharani aspirasirakyat,puan maharani,PER,2980
2645,ketua dpr ri puan maharani tegaskan dpr sorry if already posted menampung aspirasi demo agustus insya aspirasi masyarakat diterima dpr dpr buka ruang dialog terbuka amplifier demokratis dpr puanmaharani aspirasirakyat,puanmaharani,PER,2980
2646,ketua komisi dpr ri usul rapat dpr snack blanked putih alasan efisiensi amplifier kesehatan blanked putih snack termakan dpr habiburokhman efisiensi airputih,habiburokhman,PER,2981
2648,dpr wamenaker noel rusak komitmen presiden prabowo perangi korupsi nasirdjamil dpr korupsi kemnaker wamenaker immanuelebenezer prabowo,##ker noel,PER,2983
2648,dpr wamenaker noel rusak komitmen presiden prabowo perangi korupsi nasirdjamil dpr korupsi kemnaker wamenaker immanuelebenezer prabowo,prabowo,PER,2983
2648,dpr wamenaker noel rusak komitmen presiden prabowo perangi korupsi nasirdjamil dpr korupsi kemnaker wamenaker immanuelebenezer prabowo,nasirdjamil,PER,2983
2648,dpr wamenaker noel rusak komitmen presiden prabowo perangi korupsi nasirdjamil dpr korupsi kemnaker wamenaker immanuelebenezer prabowo,##ker immanuelebenezer,PER,2983
2649,kasih kosan harga mahasiswa juta biar hidup rakyat jokowidodomusuhrakyat wakil ketua dpr ri tunjangan rumah jutabulan pengganti rumah dinas nombok jokowidodomusuhrakyat,jokowidodomusuhrakyat,PER,2984
2649,kasih kosan harga mahasiswa juta biar hidup rakyat jokowidodomusuhrakyat wakil ketua dpr ri tunjangan rumah jutabulan pengganti rumah dinas nombok jokowidodomusuhrakyat,jokowidodomusuhrakyat,PER,2984
2650,information galang dana aksi agustus dpr ri tolong infokan teman teman terima kasih dpr anggotadpr 25agustus demo,25,PER,2985
2653,video masak mi instan pakai flatulence melon viral ketua komisi dpr ri habiburokhman klarifikasi posko office boy rumahnya dpr habiburokhman gasmelon viral,habiburokhman,PER,2988
2653,video masak mi instan pakai flatulence melon viral ketua komisi dpr ri habiburokhman klarifikasi posko office boy rumahnya dpr habiburokhman gasmelon viral,habiburokhman gasmelon viral,PER,2988
2654,sorotan publik aksi anggota dpr berjoget sidang tahunan mpr ri jumat sikap diam pasha ungu menuai pujian warganet baca pashaungu dpr,pasha ungu,PER,2989
2654,sorotan publik aksi anggota dpr berjoget sidang tahunan mpr ri jumat sikap diam pasha ungu menuai pujian warganet baca pashaungu dpr,pasha,PER,2989
2656,guru honorer versus anggota dpr ri miris lihatnya pejabat pejabat diatas mementingkan dibandingkan nasib rakyat membutuhkan prabowo indonesia dpr,prabowo,PER,2991
2657,wakil ketua komisi dpr ri sukamta mengusulkan pembentukan cyber command tni komando pertahanan pangan nasional pembentukan cyber command tni modernisasi pertahanan klik baca tni cyber dpr,sukamta,PER,2992
2658,wakil ketua dpr ri adies kadir gaji pokok anggota dpr ri mengalami kenaikan dpr gaji tunjangan,adies kadir,PER,2993
2659,konteksnews wakil ketua dpr ri adies kadir penjelasan tunjangan rumah anggota dewan mencapai rp50 juta aggressive dpr adieskadir tunjanganrumah senayan beritahariini viralindonesia faktapolitik isuterkini beritaviral,adies kadir,PER,2994
2659,konteksnews wakil ketua dpr ri adies kadir penjelasan tunjangan rumah anggota dewan mencapai rp50 juta aggressive dpr adieskadir tunjanganrumah senayan beritahariini viralindonesia faktapolitik isuterkini beritaviral,adieskadir,PER,2994
2660,anggota komisi vi dpr ri nasim mengusulkan phantasy tour kereta application programming interface indonesia persero menyediakan gerbong khusus merokok layanan kereta jarak baca thank you dpr keretaapiindonesia,nasim,PER,2996
2660,anggota komisi vi dpr ri nasim mengusulkan phantasy tour kereta application programming interface indonesia persero menyediakan gerbong khusus merokok layanan kereta jarak baca thank you dpr keretaapiindonesia,indonesia persero,ORG,2996
2662,wakil ketua badan legislasi dpr ri ahmad doli kurnia sepakat usulan kpu ri terkait penggunaan apbn penyelenggaraan pemilihan kepala daerah baca dpr pilkada apbn,ahmad doli kurnia,PER,2998
2663,prabowo dihormati rakyat kepadamu lhkpn melaporkan harta kekayaan anggota dpr biaya kill on sight,prabowo,PER,2999
2666,komisi dpr ri resmi menyetujui inosentius samsul hakim mahkamah konstitusi mm ok diusulkan dpr menggantikan hakim konstitusi arief hidayat memasuki pensiun februari hakimmk dpr indonesia,inosentius samsul,PER,3002
2666,komisi dpr ri resmi menyetujui inosentius samsul hakim mahkamah konstitusi mm ok diusulkan dpr menggantikan hakim konstitusi arief hidayat memasuki pensiun februari hakimmk dpr indonesia,arief hidayat,PER,3002
2667,nafa urbach sorotan publik pembelaan tunjangan rumah anggota dpr ri rp50 juta pernyataan nafa urbach video akun media sosial pribadinya nafaurbach dpr rumah senayan gaji,nafa urbach,PER,3003
2667,nafa urbach sorotan publik pembelaan tunjangan rumah anggota dpr ri rp50 juta pernyataan nafa urbach video akun media sosial pribadinya nafaurbach dpr rumah senayan gaji,nafa urbach,PER,3003
2667,nafa urbach sorotan publik pembelaan tunjangan rumah anggota dpr ri rp50 juta pernyataan nafa urbach video akun media sosial pribadinya nafaurbach dpr rumah senayan gaji,nafaurbach,PER,3003
2669,adies kadir tambahan tunjangan anggota dpr ri tunjangan rumah role play juta dpr tunjangan,adies kadir,PER,3006
2670,gaji anggota dpr juta perhari ketua dpr ri membantah dpr gajidpr mnctrijaya trijayafm thtpagi,mnctrijaya trijayafm thtpagi,PER,3007
2672,terkini ketua dpr ri puan maharani kenaikan gaji pokok anggota dpr selengkapnya video kenaikangajidpr dpr anggotadewan bld05 mf03,puan maharani,PER,3009
2681,flatulence blanked mata mewarnai aksi demo mahasiswa unisba bandung bikin nafas sesak suasana tegang semoga depannya dialog jalan damai korban demodamai unisba aksimahasiswa,unisba bandung,ORG,3018
2681,flatulence blanked mata mewarnai aksi demo mahasiswa unisba bandung bikin nafas sesak suasana tegang semoga depannya dialog jalan damai korban demodamai unisba aksimahasiswa,unisba,ORG,3018
2683,bandung memanas flatulence blanked mata hantam kampus unisba video amatir tembakan berulang kali mahasiswa warga berhamburan cari perlindungan radar24news bandung unisba aksimahasiswa radar24news,radar24news bandung,ORG,3020
2683,bandung memanas flatulence blanked mata hantam kampus unisba video amatir tembakan berulang kali mahasiswa warga berhamburan cari perlindungan radar24news bandung unisba aksimahasiswa radar24news,unisba,ORG,3020
2683,bandung memanas flatulence blanked mata hantam kampus unisba video amatir tembakan berulang kali mahasiswa warga berhamburan cari perlindungan radar24news bandung unisba aksimahasiswa radar24news,radar24news,ORG,3020
2684,gubernur kalbar temui langsung mahasiswa aksi damai dprd tegaskan musyawarah gubernurkalbar aksimahasiswa pontianakhariini dialogterbuka bemfisipuntan bitvonline,bemfisipunt,ORG,3021
2690,ricuh aksi mahasiswa dpr berujung insiden mengejutkan ojol diduga terlindas baracuda brimob amplifier ditinggal melaju kondisi korban polisi keterangan resmi selengkapnya ojol ricuhdpr aksimahasiswa,ojol,PER,3028
2690,ricuh aksi mahasiswa dpr berujung insiden mengejutkan ojol diduga terlindas baracuda brimob amplifier ditinggal melaju kondisi korban polisi keterangan resmi selengkapnya ojol ricuhdpr aksimahasiswa,ojol,PER,3028
2693,suara rakyat tumpah ruah jalan media sosial kemarahan cermin ketidakadilan dirasakan gerakanrakyat sahrinhamid aniesbaswedan rakyatindonesia,sahrinhamid,PER,3031
2693,suara rakyat tumpah ruah jalan media sosial kemarahan cermin ketidakadilan dirasakan gerakanrakyat sahrinhamid aniesbaswedan rakyatindonesia,aniesbaswedan,PER,3031
2696,indonesia berduka selamat beristirahat tenang terima kasih keberanian pengorbananmu perjuanganmu berhenti melanjutkannya gerakanrakyat aniesbaswedan sahrinhamid korban demo dpcdurensawit,aniesbaswedan sahrinhamid,PER,3034
2699,momentumnya pancatura presiden copot kapolri reformasi total polri reshuffle kabinet antek jokowi stabilkan harga pangan turunkan pajak,jokowi,PER,3037
2700,tementemen sadar orang protes kebijakan pemerintah turun aksi arhan mudabergerak gerakanrakyat,arhan muda,PER,3038
2704,tokoh demopati digembosi yayat gundul husein muncul individu politikus busuk harta tahta eliminasi gerakanrakyat uang jabatan ujian manusia sesungguhnya terjerembab,yayat gundul husein,PER,3042
2706,purbaya diangkat purbaya kepleset lidah menganggap tuntutan demo sekelompok masyarakat bem user interface demo dpr menuntut purbaya dipecat berangusgengsolo berangusgengsolo,purbaya,PER,3044
2706,purbaya diangkat purbaya kepleset lidah menganggap tuntutan demo sekelompok masyarakat bem user interface demo dpr menuntut purbaya dipecat berangusgengsolo berangusgengsolo,purbaya,PER,3044
2706,purbaya diangkat purbaya kepleset lidah menganggap tuntutan demo sekelompok masyarakat bem user interface demo dpr menuntut purbaya dipecat berangusgengsolo berangusgengsolo,purbaya,PER,3044
2707,ijazah jokowi luput perhatian mahasiswa tuntutan nampaknya menggigit sisi hasil uu perampasan asset pepsimis ijazah jokowi masuk agenda economi indonesia cepat bangkit kotoran terbuka,jokowi,PER,3045
2707,ijazah jokowi luput perhatian mahasiswa tuntutan nampaknya menggigit sisi hasil uu perampasan asset pepsimis ijazah jokowi masuk agenda economi indonesia cepat bangkit kotoran terbuka,jokowi,PER,3045
2709,kesetiaan diharapkan orang kebanyakan kebesaran raja bijaksana pramoedya ananta toer indonesiabisa rakyatbisa,pramoedya ananta toer,PER,3047
2710,suka berbicara keindahan dimana keindahan kekejaman pramoedya ananta toer indonesiabisa rakyatbisa,pramoedya ananta toer,PER,3048
2711,kepengarangan memiliki faal perbuatan sosial gilirannya bersambung pers progesif pramoedya ananta toer indonesiabisa rakyatbisa,pramoedya ananta toer,PER,3049
2719,terpidana silfester mazih aktif komisaris bumn masuk tuntutan flexing diluaran,silfester mazih,PER,3058
2720,versus india gross domestic product growth tdp tdp tdp tdp lantai lantai lantai lantai lantai tdp,tdp tdp tdp tdp,PER,3059
2721,agra setya gra aggressive suka hilang a line of a powdered drug mengerti manja introvert black white nevaplay megan featuring namjoon korean popular music jazz western marvel iron man black window hulk batman habis gym formula one,agra setya gra,PER,3060
2721,agra setya gra aggressive suka hilang a line of a powdered drug mengerti manja introvert black white nevaplay megan featuring namjoon korean popular music jazz western marvel iron man black window hulk batman habis gym formula one,nevaplay,PER,3060
2721,agra setya gra aggressive suka hilang a line of a powdered drug mengerti manja introvert black white nevaplay megan featuring namjoon korean popular music jazz western marvel iron man black window hulk batman habis gym formula one,megan,PER,3060
2722,mengasih saran nama menteri orang memilih naikin jabatan tindak menghilangkan nyawa warga sipil tuntutan pertimbangkan perdebatkan enggak jelas poin harmoko,harmoko,PER,3061
2723,know tue lavatory garyjames rokomey81664,know tue lavatory,PER,3062
2723,know tue lavatory garyjames rokomey81664,garyjames rokomey81664,PER,3062
2725,punyaku tawa (laugh) national football league kekuatan rankings great britain buf bal lac phi kc text back administrator on forum network etc lar don't even trip wash pit hou cin nyj science fiction dal sea chicago life force atlanta georgia cle jax independent louis vuitton az new orleans louisana person with a perfect body nyg missing in action,dal sea chicago life force atlanta georgia cle jax independent louis vuitton az,ORG,3064
2726,tuntutan influencer salsa erwina hutagalung fathia izzati abigail limuria andovi the district attorney lopez andhyta firselly utami jerome polin,salsa erwina hutagalung,PER,3065
2726,tuntutan influencer salsa erwina hutagalung fathia izzati abigail limuria andovi the district attorney lopez andhyta firselly utami jerome polin,fathia izzati abigail limuria,PER,3065
2726,tuntutan influencer salsa erwina hutagalung fathia izzati abigail limuria andovi the district attorney lopez andhyta firselly utami jerome polin,lopez andhyta firselly utami jerome polin,PER,3065
2727,orang bilang manusia jarak batasnya ufuk jarak ditempuh sang ufuk menjauh tertinggal jarak jugaabadi ufuk jugaabadi pramoedya ananta toer indonesiabisa rakyatbisa,pramoedya ananta toer,PER,3066
2728,biblequizanswers cool guy isaiah berekiah micah micah micah micah micah habakkuk zephaniah romans romans joel isaiah peter cephas peter peter john john bonus jude very so biblequiz,isaiah berekiah micah micah micah micah micah habakkuk zephaniah romans romans joel isaiah peter cephas peter peter john john bonus,PER,3067
2729,phi buf great britain text back lar lac science fiction jax administrator on forum network etc pit cin louis vuitton ari ind bal kc don't even trip dal sea hou atlanta georgia nyj chicago life force cle person with a perfect body car no offence nyg missing in action,jax,PER,3068
2734,kakak bocil kiss ngiranya rakyat indonesia dukung nalarnya jalan pokoknya that's ok gelisah ampun,bocil kiss,PER,3073
2735,permintaan maaf menkeu purbaya yudhi tuntutan suara rakyat pernyataan menteri keuangan menkeu purbaya yudhi sadewa poin tuntutan rakyat berasal masyarakat dikritik publik terkait pernyataannya,purbaya yudhi,PER,3074
2735,permintaan maaf menkeu purbaya yudhi tuntutan suara rakyat pernyataan menteri keuangan menkeu purbaya yudhi sadewa poin tuntutan rakyat berasal masyarakat dikritik publik terkait pernyataannya,purbaya yudhi sadewa,PER,3074
2740,pink hijau demo berhenti estetik warna makna hijau pahlawan affan pink ibuprofen pemberani bravepink herogreen demo178 uncoverthetruth viral sejarah lesbian gay bisexual transexual questioning savethisvideo,affan pink,PER,3079
2740,pink hijau demo berhenti estetik warna makna hijau pahlawan affan pink ibuprofen pemberani bravepink herogreen demo178 uncoverthetruth viral sejarah lesbian gay bisexual transexual questioning savethisvideo,ibuprofen,PER,3079
2742,cinta indah minke indah didapatkan hidup manusia pendek pramoedya ananta toer indonesiabisa rakyatbisa,pramoedya ananta toer,PER,3083
2743,kesejahteraan hidup kebusukan orang pramoedya ananta toer indonesiabisa rakyatbisa,pramoedya ananta toer,PER,3084
2744,orang bilang manusia jarak batasnya ufuk jarak ditempuh sang ufuk menjauh pramoedya ananta toer indonesiabisa rakyatbisa,pramoedya ananta toer,PER,3085
2745,mbok lawan kejahatan nini dengantanganmu lawan lidahmu kaupun lawan hatimu setidaktidaknya melawan pramoedya ananta toer indonesiabisa rakyatbisa,nini,PER,3086
2745,mbok lawan kejahatan nini dengantanganmu lawan lidahmu kaupun lawan hatimu setidaktidaknya melawan pramoedya ananta toer indonesiabisa rakyatbisa,pramoedya ananta toer,PER,3086
2750,rindu sega strovia expostwu terp what you said ibuprofen rully irawan ikan kiky lapangan nutrisari nipis indonesia raya bagimu negeri podium meja piket uks ragnarok online  labfis kantin toilet avis,rully irawan,PER,3091
2751,penny umur kaisar aduo gyokuyou lifa lishu gyokuyou melahirkan linglei umur nikah kaisar umur zaman seram umur 30an nikah minor,penny,PER,3092
2751,penny umur kaisar aduo gyokuyou lifa lishu gyokuyou melahirkan linglei umur nikah kaisar umur zaman seram umur 30an nikah minor,aduo gyokuyou,PER,3092
2751,penny umur kaisar aduo gyokuyou lifa lishu gyokuyou melahirkan linglei umur nikah kaisar umur zaman seram umur 30an nikah minor,lifa lishu gyokuyou,PER,3092
2751,penny umur kaisar aduo gyokuyou lifa lishu gyokuyou melahirkan linglei umur nikah kaisar umur zaman seram umur 30an nikah minor,linglei,PER,3092
2756,bali banjir separah jujur menangis turbo direct injection pasrah on the whole just a minute runescape just a minute siang tbtb post exchange evakuasi banjir just a minute malam rumah proud,tbtb post exchange,ORG,3097
2758,dpr kepemimpinan puan mahaharani mereset parlemen arah ari junaedi pengamat komunikasi politik lspr communication amplifier business institute,puan mahaharani,PER,3099
2758,dpr kepemimpinan puan mahaharani mereset parlemen arah ari junaedi pengamat komunikasi politik lspr communication amplifier business institute,ari junaedi,PER,3099
2758,dpr kepemimpinan puan mahaharani mereset parlemen arah ari junaedi pengamat komunikasi politik lspr communication amplifier business institute,lspr communication amplifier business institute,ORG,3099
2759,raden guntur cakrabirawa kakak guncur ceplasceplos nenangin hati introvert biru bnw chanyeol senang accident korean popular music popular  kadang danggut drama korea marvel iron man black ww thor batman biceps gym formula one,raden guntur cakrabirawa,PER,3100
2759,raden guntur cakrabirawa kakak guncur ceplasceplos nenangin hati introvert biru bnw chanyeol senang accident korean popular music popular  kadang danggut drama korea marvel iron man black ww thor batman biceps gym formula one,guncur,PER,3100
2759,raden guntur cakrabirawa kakak guncur ceplasceplos nenangin hati introvert biru bnw chanyeol senang accident korean popular music popular  kadang danggut drama korea marvel iron man black ww thor batman biceps gym formula one,bnw chanyeol,PER,3100
2766,anggaplah telornya jatuh petarangan pecah telor salah pramoedya ananta toer indonesiabisa rakyatbisa,pramoedya ananta toer,PER,3107
2767,serdadu manja menang perang kemenanganku menguasai perempuanperempuan pramoedya ananta toer indonesiabisa rakyatbisa,pramoedya ananta toer,PER,3108
2768,kasihan perasaan orang berkemauan berbuat kasihan kemewahan kelemahan terpuji kemauan baiknya pramoedya ananta toer indonesiabisa rakyatbisa,pramoedya ananta toer,PER,3109
2769,pengecut pengecut berani dibiarkan genderang menyekarat lerenglereng lembah diolah matahari condong memburu cari selimut sembunyian pramoedya ananta toer indonesiabisa rakyatbisa,pramoedya ananta toer,PER,3110
2770,anggara sadewa enggak bisa kontrol emosi disenggol sunoo real life introvert anyone but manchester united justin bieber dangdut western marvel iron man black ww hulk batman biceps gym motor general principle basketball hubungan tanpa status menganggur,anggara sadewa,PER,3111
2770,anggara sadewa enggak bisa kontrol emosi disenggol sunoo real life introvert anyone but manchester united justin bieber dangdut western marvel iron man black ww hulk batman biceps gym motor general principle basketball hubungan tanpa status menganggur,justin bieber,PER,3111
2772,mengejutkan aktivis nicho silalahi bela menkeu purbaya rakyat maunya sbgian bsr rakyat tntut copot kapolri brshkan kabinet geng solo rakyat pddkan kshtan gratis berkualitas pengalihan isu nicho,nicho silalahi,PER,3113
2772,mengejutkan aktivis nicho silalahi bela menkeu purbaya rakyat maunya sbgian bsr rakyat tntut copot kapolri brshkan kabinet geng solo rakyat pddkan kshtan gratis berkualitas pengalihan isu nicho,purba,PER,3113
2772,mengejutkan aktivis nicho silalahi bela menkeu purbaya rakyat maunya sbgian bsr rakyat tntut copot kapolri brshkan kabinet geng solo rakyat pddkan kshtan gratis berkualitas pengalihan isu nicho,nicho,PER,3113
2773,memecat kader memicu kemarahan publik kemarin tuntutan rakyat,kader,PER,3114
2778,bajer pesta pooper memicu konflik horizontal contohnya a post on twitter kemarin sesederhana typing akun media sosial update,pesta pooper,PER,3119
2779,amplifier orang goal izajah aburizal bakrie kas presiden goal just a second orang goal hati herru skyline ball,izajah aburizal bakrie,PER,3120
2779,amplifier orang goal izajah aburizal bakrie kas presiden goal just a second orang goal hati herru skyline ball,herru skyline ball,PER,3120
2780,exciting exciting react prabowo ditagih redaksi pers sengaja dipisah spicy bicara jumat topiknya,prabowo,PER,3121
2780,exciting exciting react prabowo ditagih redaksi pers sengaja dipisah spicy bicara jumat topiknya,spicy,ORG,3121
2781,anggi september narindrarandi november amalya mei ina mei wahyuni januari ever maret,anggi september narindrarandi november amalya mei ina mei wahyuni,PER,3122
2782,jujur ferry irwandi something judge impassiveness toward clearly buzzer coki messagenya konsisten dimana hasil rembukan kelompoknya allowing ruu rampasan disahkan pasal karet,ferry irwandi,PER,3123
2782,jujur ferry irwandi something judge impassiveness toward clearly buzzer coki messagenya konsisten dimana hasil rembukan kelompoknya allowing ruu rampasan disahkan pasal karet,buzzer coki,PER,3123
2783,gubernur sumut bobby nasution tuntutan rakyat pembelajaran serius pemda 17plus8tuntutanrakyat bobbynasution gubernursumut transparansi reformasi aspirasirakyat bitvonline,bobby nasution,PER,3124
2783,gubernur sumut bobby nasution tuntutan rakyat pembelajaran serius pemda 17plus8tuntutanrakyat bobbynasution gubernursumut transparansi reformasi aspirasirakyat bitvonline,bobbynasution,PER,3124
2788,biar tuntutan rakyat didengar sahroni,sahroni,PER,3129
2790,kemanusiaan kadangkadang menghubungkan kutub utara kutub selatan pramoedya ananta toer indonesiabisa rakyatbisa,pramoedya ananta toer,PER,3131
2791,purbaya yudhi sadewa disorot dpr rapat perdana menteri keuangan gaya bicara koboi pernyataan tuntutan,purbaya yudhi sadewa,PER,3132
2796,ribut ella kemarin kiss platform ketutupan berita demo demonya selesai panas tawa berlebihan,ella,PER,3138
2799,dituntut aiueoaiueo omong setuju menuntut damai anarkis semoga dituntut ndablek,aiueoaiueo,PER,3141
2801,protes hukum mati koruptor pengadilan jacques oui pelan pelan mek ditunaikan anjing tidak ada bedanya mengasih under the skin uas anak teknik elektro anak dikasih a lot of marthen kanginan,jacques oui,PER,3143
2802,dpr ian sibuk mengurus tuntutan,ian,PER,3144
2803,kemarin menyuarakan dicecar dianggap koordinasi duga tindak pidana keren orang berpikir gampang dihakimi weird,weird,PER,3145
2805,sehari menteri menuai reaksi protes bem user interface demo dpr purbaya yudhi sadewa dicopit kagetan pertimbangan,bem,ORG,3147
2805,sehari menteri menuai reaksi protes bem user interface demo dpr purbaya yudhi sadewa dicopit kagetan pertimbangan,purbaya yudhi sadewa,PER,3147
2807,tds4 jakarta future 1tix sept weverse presale secure harga bayar kakaknya opslot punyaku tolong menangis kesal kesal no offence rip off,opslot,PER,3149
2810,fixture runs gw19 grup wise bou get well soon amplifier mci get well soon amplifier avl get well soon amplifier liv get well soon amplifier che amplifier cry get well soon,wise bou,PER,3152
2814,janus regarda sayang tidur pacar introvert hitam strong genre bingung perasaan menggebu gebu western marvel iron man so what hulk batman biceps gym formula one basket no thanks,janus regarda,PER,3156
2816,anggota dewan bnar bkerja urakyat amplifier tuntutannya ubah kewenangan parents are watching anggota dewan hugs and kisses partai politik pengusung hugs and kisses pemilih dapilnya jabatan anggota dewan dibatasi periode berturuttidak,hugs,PER,3158
2816,anggota dewan bnar bkerja urakyat amplifier tuntutannya ubah kewenangan parents are watching anggota dewan hugs and kisses partai politik pengusung hugs and kisses pemilih dapilnya jabatan anggota dewan dibatasi periode berturuttidak,hugs,PER,3158
2819,mata murah saudara jiwa kali murah bertambah amerika peluru bertambah turun jiwa manusia pramoedya ananta toer indonesiabisa rakyatbisa,pramoedya ananta toer,PER,3161
2820,menkeu purbaya yudhi sadewa dilantik viral menyebut tuntutan suara rakyat purbaya penjelasan ucapannya menkeu purbaya maaf ucapannya berjanji pemerintah memulihkan kondisi ekonomi salah,purbaya,PER,3162
2820,menkeu purbaya yudhi sadewa dilantik viral menyebut tuntutan suara rakyat purbaya penjelasan ucapannya menkeu purbaya maaf ucapannya berjanji pemerintah memulihkan kondisi ekonomi salah,yudhi sadewa,PER,3162
2820,menkeu purbaya yudhi sadewa dilantik viral menyebut tuntutan suara rakyat purbaya penjelasan ucapannya menkeu purbaya maaf ucapannya berjanji pemerintah memulihkan kondisi ekonomi salah,purbaya,PER,3162
2820,menkeu purbaya yudhi sadewa dilantik viral menyebut tuntutan suara rakyat purbaya penjelasan ucapannya menkeu purbaya maaf ucapannya berjanji pemerintah memulihkan kondisi ekonomi salah,purbaya,PER,3162
2822,mahasiswa tagih tuntutan rakyat gedung dpr berani wujudkan visi sri mulyani senin selasa flatulence bayar menpora hematfest menkeu nepal menteri keuangan lebanon olahraga satukan plusnya ihsg,sri mulyani,PER,3164
2822,mahasiswa tagih tuntutan rakyat gedung dpr berani wujudkan visi sri mulyani senin selasa flatulence bayar menpora hematfest menkeu nepal menteri keuangan lebanon olahraga satukan plusnya ihsg,hematfest,PER,3164
2823,josua pardede menyebut aksi demo tuntutan pekerjaan rumah tugas berat menkeu selengkapnya top economy tema ganti pemain inti grup ekonomi topeconomymetrotv topeconomy topnews,josua pardede,PER,3165
2823,josua pardede menyebut aksi demo tuntutan pekerjaan rumah tugas berat menkeu selengkapnya top economy tema ganti pemain inti grup ekonomi topeconomymetrotv topeconomy topnews,##nomymetrotv topeconomy,PER,3165
2826,saka duduk abunda zai yi mom alert zai yi kowa masayin the district attorney sayar the district attorney shi infinix smart popular  set light to redmi dukka sunayin whatsapp person who posts on twitter facebook instagram the district attorney tiktok kawai version the district attorney aplikasi style multi user daina biyewa zamanin capacity,saka duduk abunda zai yi mom alert zai yi kowa masayin,PER,3168
2826,saka duduk abunda zai yi mom alert zai yi kowa masayin the district attorney sayar the district attorney shi infinix smart popular  set light to redmi dukka sunayin whatsapp person who posts on twitter facebook instagram the district attorney tiktok kawai version the district attorney aplikasi style multi user daina biyewa zamanin capacity,redmi dukka sunayin,PER,3168
2826,saka duduk abunda zai yi mom alert zai yi kowa masayin the district attorney sayar the district attorney shi infinix smart popular  set light to redmi dukka sunayin whatsapp person who posts on twitter facebook instagram the district attorney tiktok kawai version the district attorney aplikasi style multi user daina biyewa zamanin capacity,daina biyewa zamanin,PER,3168
2828,terima kasih penjelasanmu konsep perjanjian via hukum musa amplifier darah korban keluaran imamat perjanjian via ring of honor  amplifier darah kristus ibrani roma sentral teologi kristen sumber bibleproject konversi,bibleproject konversi,ORG,3170
2829,monyet diam diam atur atur mahasiswa lantang teriak bikin hilamg tritura pelaku pemerkosaan dibela mulyono,mulyono,PER,3171
2835,saham melesat nrca lion protect ip act doss bust out another thousand,nrca lion,ORG,3177
2844,prabowodasco mata istana bahas poin dpr sepakati tuntutan rakyat,prabowodasco,PER,3186
2845,purbaya langsung sorotan publik menteri kagetan komentar gerakan gaya koboi maaf pernyataannya purbayayudhisadewa menterikeuangan gayakoboi,purbaya,PER,3187
2845,purbaya langsung sorotan publik menteri kagetan komentar gerakan gaya koboi maaf pernyataannya purbayayudhisadewa menterikeuangan gayakoboi,purbayayudhisadewa,PER,3187
2845,purbaya langsung sorotan publik menteri kagetan komentar gerakan gaya koboi maaf pernyataannya purbayayudhisadewa menterikeuangan gayakoboi,gayakoboi,PER,3187
2846,alangkah indah kehidupan merangkakrangkak hadapan orang pramoedya ananta toer indonesiabisa rakyatbisa,pramoedya ananta toer,PER,3188
2847,sarmuji pimpinan dpr fraksi sepakat lakukan perbaikan pasca tuntutan partaigolkar golkarindonesia golkarpedia bahlillahadalia,sarmuji,PER,3189
2847,sarmuji pimpinan dpr fraksi sepakat lakukan perbaikan pasca tuntutan partaigolkar golkarindonesia golkarpedia bahlillahadalia,##dia bahlillahadalia,PER,3189
2850,kawal tuntutan rakyat bem user interface soroti penahanan demonstran yusril temui delpedro marhaen,yusril,PER,3192
2850,kawal tuntutan rakyat bem user interface soroti penahanan demonstran yusril temui delpedro marhaen,delpedro marhaen,PER,3192
2851,hore promotional material rabu12ribu hadir periode september head ibuprofen pilihan roti minuman favorit hany rp12 ribu maybank kartu debit privilege kunjungu head ibuprofen nikmati promotional material spesialnya information gulu,ibuprofen,ORG,3193
2854,akun gede shadow ban nyata heran zaman hang out gza semangka triple rainbow jatuh insight amplifier follower kebebasan berpendapat nilai,gede shadow ban,PER,3196
2856,vspd vsrr vsdc vspd vsdc vsrr,vs,ORG,3198
2858,menterimu bloon meningkat demo tuntutan rezim bodoh,bloon,PER,3200
2859,iphone hadir layar promotion 120hz chip a19 kamera ganda 48mp fusion baterai just a minute tahan harga storage minimal 256gb source cnbc indonesia arxidmedia,cnbc indonesia,ORG,3201
2859,iphone hadir layar promotion 120hz chip a19 kamera ganda 48mp fusion baterai just a minute tahan harga storage minimal 256gb source cnbc indonesia arxidmedia,arxidmedia,ORG,3201
2863,tujuan dikurung dijaga hilangnya sekian kebebasan pramoedya ananta toer indonesiabisa rakyatbisa,pramoedya ananta toer,PER,3205
2864,pribumi hindia sederhana takkan perang menangkan arti parang tombak hadapan senapan meriam pramoedya ananta toer indonesiabisa rakyatbisa,pramoedya ananta toer,PER,3206
2868,airlangga hartarto tuntutan rakyat buruh kontrak kerja partaigolkar golkarindonesia golkarpedia bahlillahadalia,airlangga hartarto,PER,3210
2872,menteri keuangan purbaya maaf komentarnya tuntutan bikin heboh janji perbaiki komunikasi fokus pulihkan ekonomi lapangan kerja semangat maju ekonomiberkembang mintamaaf,purbaya,PER,3214
2875,menkeu purbaya yudhi sadewa maaf pernyataannya tuntutan viral sekjen demokrat herman khaeron ingatkan pejabat publik berbicara esensial,purbaya yudhi sadewa,PER,3217
2875,menkeu purbaya yudhi sadewa maaf pernyataannya tuntutan viral sekjen demokrat herman khaeron ingatkan pejabat publik berbicara esensial,herman khaeron,PER,3217
2885,sehari dilantik menteri keuangan purbaya yudhi sadewa langsung menuai kontroversi ucapannya tuntutan rakyat dianggap meremehkan aspirasi masyarakat,purbaya yudhi sadewa,PER,3227
2891,berbahagialah orang kuat menderita kesengsaraan keperluan nusa bangsa pramoedya ananta toer indonesiabisa rakyatbisa,pramoedya ananta toer,PER,3233
2892,menteri hukum supratman andi agtas presiden prabowo subianto mendukung ruu perampasan aset dibahas dprruu perampasan aset agenda dituntut masyarakat dpr pemerintah gelombang demonstrasi agustus,supratman andi agtas,PER,3234
2892,menteri hukum supratman andi agtas presiden prabowo subianto mendukung ruu perampasan aset dibahas dprruu perampasan aset agenda dituntut masyarakat dpr pemerintah gelombang demonstrasi agustus,prabowo subianto,PER,3234
2893,kaget viral maaf bapaknya maaf ucapan coba viral,viral,PER,3235
2893,kaget viral maaf bapaknya maaf ucapan coba viral,viral,PER,3235
2894,menteri keuangan purbaya yudhi sadewa sorotan komentarnya tuntutan dianggap merendahkan publik berdalih ucapannya dipotong ditampilkan utuh purbaya introspeksi berjanji mengulanginya kaget,purbaya yudhi sadewa,PER,3236
2894,menteri keuangan purbaya yudhi sadewa sorotan komentarnya tuntutan dianggap merendahkan publik berdalih ucapannya dipotong ditampilkan utuh purbaya introspeksi berjanji mengulanginya kaget,purbaya,PER,3236
2899,singkatnya gelombang protes agustus september kerangka demands meledak dinamika skillful bergeser parlemen dipaksa merespons tuntutan publik presiden prabowo memakai momentum konsolidasi jarak jaringan jokowi kubu,prabowo,PER,3241
2899,singkatnya gelombang protes agustus september kerangka demands meledak dinamika skillful bergeser parlemen dipaksa merespons tuntutan publik presiden prabowo memakai momentum konsolidasi jarak jaringan jokowi kubu,jokowi,PER,3241
2901,kuat baca kebodohan komen tktok rill maju sdm gampang terbodohi melawan membawakan tuntutan get well soon anjing get well soon,tktok rill,PER,3243
2907,resident advisor sah rundang runding kesuwen,sah,PER,3249
2907,resident advisor sah rundang runding kesuwen,kesuwen,PER,3249
2908,purbaya maaf akui ekonomi rakyat tertekan menteri keuangan menkeu purbaya yudhi sadewa permintaan maaf masyarakat luas buntut pernyataannya menyebut tuntutan masyarakat,purbaya,PER,3250
2908,purbaya maaf akui ekonomi rakyat tertekan menteri keuangan menkeu purbaya yudhi sadewa permintaan maaf masyarakat luas buntut pernyataannya menyebut tuntutan masyarakat,purbaya yudhi sadewa,PER,3250
2914,video mahasiswa bem user interface mendesak pencopotan menteri keuangan purbaya yudhi sadewa pernyataannya dianggap meremehkan tuntutan rakyat menyakiti hati masyarakat sehari pelantikannya september,bem user interface,ORG,3256
2914,video mahasiswa bem user interface mendesak pencopotan menteri keuangan purbaya yudhi sadewa pernyataannya dianggap meremehkan tuntutan rakyat menyakiti hati masyarakat sehari pelantikannya september,purbaya yudhi sadewa,PER,3256
2915,anggap enteng tuntutan rakyat ekonom menkeu purbaya remehkan suara publik rakyat membutuhkan keseimbangan ekonomi purbaya berani mengambil resiko realita,purbaya,PER,3257
2915,anggap enteng tuntutan rakyat ekonom menkeu purbaya remehkan suara publik rakyat membutuhkan keseimbangan ekonomi purbaya berani mengambil resiko realita,purbaya,PER,3257
2922,apple resmi rilis iphone pro amplifier pro max desain premium chip a19 pro cepat kamera 48mp setara lensa iphone17pro iphone17promax appleevent teknologi technician,apple,ORG,3264
2922,apple resmi rilis iphone pro amplifier pro max desain premium chip a19 pro cepat kamera 48mp setara lensa iphone17pro iphone17promax appleevent teknologi technician,appleevent,ORG,3264
2922,apple resmi rilis iphone pro amplifier pro max desain premium chip a19 pro cepat kamera 48mp setara lensa iphone17pro iphone17promax appleevent teknologi technician,technician,ORG,3264
2924,topreportmetrotv setuju unjuk tuntutan terwujud,topreportmetrotv,ORG,3266
2925,presiden prabowo temui pendemo maaf konteks asli video potongan dokumentasi prabowo menghadiri perayaan hut ke80 ri monas jakarta unggahan video berisi narasi presiden prabowo temui pendemo maaf,prabowo,PER,3267
2925,presiden prabowo temui pendemo maaf konteks asli video potongan dokumentasi prabowo menghadiri perayaan hut ke80 ri monas jakarta unggahan video berisi narasi presiden prabowo temui pendemo maaf,prabowo,PER,3267
2925,presiden prabowo temui pendemo maaf konteks asli video potongan dokumentasi prabowo menghadiri perayaan hut ke80 ri monas jakarta unggahan video berisi narasi presiden prabowo temui pendemo maaf,prabowo,PER,3267
2926,beruntung pemimpin dilupakan pengikut penipu pemimpin berhasil pengikut pramoedya ananta toer indonesiabisa rakyatbisa,pramoedya ananta toer,PER,3268
2936,dipinjamkan proses sita tawa (laugh) menonton polisi bilang kekorban mending relain motor ditaro ceburin kepenjara diviralin viralin pungli proses minjem big brother nebus bbnya,diviralin viralin,PER,3280
2937,jelang laga persib versus persebaya gbla polisi lakukan penyekatan titik masuk bandung,persib,ORG,3281
2937,jelang laga persib versus persebaya gbla polisi lakukan penyekatan titik masuk bandung,persebaya,ORG,3281
2938,orang orang bodoh percaya fufufafa gibran koklah merekaroy suryo counter-strike rocky gerung buktinya berani lapor polisipolda relative of yours suryo koar koar fufufafa gibrankalau bukti bawa lapor polda,fufufafa gibran,PER,3282
2938,orang orang bodoh percaya fufufafa gibran koklah merekaroy suryo counter-strike rocky gerung buktinya berani lapor polisipolda relative of yours suryo koar koar fufufafa gibrankalau bukti bawa lapor polda,suryo,PER,3282
2938,orang orang bodoh percaya fufufafa gibran koklah merekaroy suryo counter-strike rocky gerung buktinya berani lapor polisipolda relative of yours suryo koar koar fufufafa gibrankalau bukti bawa lapor polda,fufufafa gibran,PER,3282
2959,curhatan evan korban fitnah pembunuhan keluarga bebas tunjukkan bukti polisi,evan,PER,3303
2968,periksa polisi wajahnya video viral orang polisi odgj polisi odgj polisi sanksi odgj masukkan rsj polisi odgj nonaktifkan masukkan rsj,odgj,PER,3312
2968,periksa polisi wajahnya video viral orang polisi odgj polisi odgj polisi sanksi odgj masukkan rsj polisi odgj nonaktifkan masukkan rsj,odgj,PER,3312
2968,periksa polisi wajahnya video viral orang polisi odgj polisi odgj polisi sanksi odgj masukkan rsj polisi odgj nonaktifkan masukkan rsj,odgj,PER,3312
2968,periksa polisi wajahnya video viral orang polisi odgj polisi odgj polisi sanksi odgj masukkan rsj polisi odgj nonaktifkan masukkan rsj,odgj,PER,3312
2980,polisi sdm rendah butuh viral bergerak uang maukerja ogah mental anak buahmu sigit,sigit,PER,3324
2989,polisi pekerjaan playing victim mengakui kesalahan sibuk mencari kambing hitam,playing victim,ORG,3333
2996,lisa kebanggaan negara thailand ngelapor mentertawakan polisi,lisa,PER,3340
3005,dianiaya putussin tanganyadan direkamhabis lepasinsesuai kebijakan polisi,putussin tanganyadan,PER,3349
3006,laporan terbaru sumber york times can't be stuffed news wikipedia penembak ditangkap tahanan polisi situasi berkembang,york times,ORG,3350
3014,kasihan kakaknya double kerja polisi dibayar pakai pajak kerja korupsi suka menyerang sipil,double,PER,3358
3016,kapolsek senori polres tuban polda jatim iptu sudjarwo same here hadiri peringatan maulid nabi muhammad saw ponpes alcohol husna alcohol alawi desa jatisari polisi police polisiviral polisijatim polri polripresisi polisiindonesia,iptu sudjarwo same,PER,3360
3016,kapolsek senori polres tuban polda jatim iptu sudjarwo same here hadiri peringatan maulid nabi muhammad saw ponpes alcohol husna alcohol alawi desa jatisari polisi police polisiviral polisijatim polri polripresisi polisiindonesia,ponpes alcohol husna alcohol alawi,ORG,3360
3023,biologi tulis rela ditangkap polisi tuduhan penangkapannya pencurian hatimu punyaku mencintai ilusi izinkan berimajinasi,rela,PER,3368
3027,indonesia polisi nepal otak amplifier waras tunggu indonesia menyusul hidup wowo ecstasy salah hidup jokowi salah hidup rakyat indonesia,wowo ecstasy,PER,3373
3027,indonesia polisi nepal otak amplifier waras tunggu indonesia menyusul hidup wowo ecstasy salah hidup jokowi salah hidup rakyat indonesia,jokowi,PER,3373
3030,prabowo berani mencopot termul polisi korup ganti polisi cerdas jujur adil suap rakus indonesia damai bersih derama politik indonesia tangan keadilan jujur,prabowo,PER,3376
3037,selamat pagi kurangkah bukti institusi dibawah pimpinan damkar ayolah pecatkapolri gantikapolri ordeomonomon,damkar,PER,3384
3044,pokisi dimana suka mengkambing hitam orang ketemu pembunuhan sulit percayalah perubahan polisi polisi pol islam amin islam suka pandai berbohong jujur mending diam,pol islam amin islam,PER,3391
3048,sulusix termul polisi korup wajib copot termul polisi korup copot paralytic koruptor paralytic bandar sabu sabu dinasti keluarga jokowi public key infrastructure iblis licik sikat polisix wajib ganti cerdas jujur adil suap rakus,jokowi,PER,3395
3059,list orang kuantemin seandainya benaran order pejabat manapun polisi manapun buzzer manapun panit teksid urus voli funny drivers nyala street timothy ronald integrated development environment portal tapping ditutup minggu,integrated development environment portal,ORG,3406
3060,charlie kirk aktivis konservatif pendiri turning titik united states of america memobilisasi pemilih muda partai republik sekutu trump ditembak mati somebody else's problem acara utah valley universitas pelaku ditahan polisi identitas motif,charlie kirk,PER,3407
3060,charlie kirk aktivis konservatif pendiri turning titik united states of america memobilisasi pemilih muda partai republik sekutu trump ditembak mati somebody else's problem acara utah valley universitas pelaku ditahan polisi identitas motif,trump,PER,3407
3061,termul bodoh akut bukanx menangkap silfester derama seharusx termul polisi korup secepatx copot prabowo sri molyono judi ari copot menangkapx paralytic koruptor termul polisi korup rawat wowok,prabowo,PER,3408
3061,termul bodoh akut bukanx menangkap silfester derama seharusx termul polisi korup secepatx copot prabowo sri molyono judi ari copot menangkapx paralytic koruptor termul polisi korup rawat wowok,sri molyono,PER,3408
3061,termul bodoh akut bukanx menangkap silfester derama seharusx termul polisi korup secepatx copot prabowo sri molyono judi ari copot menangkapx paralytic koruptor termul polisi korup rawat wowok,ari copot,PER,3408
3061,termul bodoh akut bukanx menangkap silfester derama seharusx termul polisi korup secepatx copot prabowo sri molyono judi ari copot menangkapx paralytic koruptor termul polisi korup rawat wowok,wowok,PER,3408
3068,chika jessica akui keponakan alami trauma berat korban pemukulan oknum polisi,chika jessica,PER,3416
3079,muri uyu muhuro wabereye ku cyicaro gikuru see you polisi giherereye kacyiru uyu muyobozi yabasabye gukomeza kwitwara neza body odour bamwizeza intsinzi,odour bamwizeza intsinzi,PER,3428
3080,umuyobozi polisi rwanda igp computer graphics flix namuhoranye yahuye amakipe yombi volleyball mbere uko yerekeza muri uganda multi user irushanwa mpuzamahanga rya kavc riteganyijwe gukinwa tariki nzeri,umuyobozi,PER,3429
3080,umuyobozi polisi rwanda igp computer graphics flix namuhoranye yahuye amakipe yombi volleyball mbere uko yerekeza muri uganda multi user irushanwa mpuzamahanga rya kavc riteganyijwe gukinwa tariki nzeri,namuhoranye,PER,3429
3080,umuyobozi polisi rwanda igp computer graphics flix namuhoranye yahuye amakipe yombi volleyball mbere uko yerekeza muri uganda multi user irushanwa mpuzamahanga rya kavc riteganyijwe gukinwa tariki nzeri,yahuye amakipe yombi,PER,3429
3080,umuyobozi polisi rwanda igp computer graphics flix namuhoranye yahuye amakipe yombi volleyball mbere uko yerekeza muri uganda multi user irushanwa mpuzamahanga rya kavc riteganyijwe gukinwa tariki nzeri,mbere uko yerekeza,PER,3429
3080,umuyobozi polisi rwanda igp computer graphics flix namuhoranye yahuye amakipe yombi volleyball mbere uko yerekeza muri uganda multi user irushanwa mpuzamahanga rya kavc riteganyijwe gukinwa tariki nzeri,irushanwa mpuzamahanga rya kavc riteganyijwe gukinwa tariki nzeri,PER,3429
3081,laporan warga sipil tewas bentrokan protes antikorupsi nepal polisimiliter penangkapan massal ratusan demonstran ditahan amnesty hrw penyiksaan catatan perlakuan buruk,amnesty hrw,ORG,3430
3082,dikritik institusi person tersinggung teriak teriak yasudah bantuan polisi ngelaksanain tugasnya digaji,yasudah,PER,3431
3084,brother charlie kirk kritikal kena tembak question and answer session pro gun rights keluarkan kenyataan pasal mass nashville kematian harga dibayar kekalkan polisi senjata application programming interface hes,brother charlie kirk,PER,3433
3086,paralytic politisi koruptor ketua partai anggota dpr kriminal kepala polisi korup beking judol,paralytic,PER,3435
3086,paralytic politisi koruptor ketua partai anggota dpr kriminal kepala polisi korup beking judol,judol,PER,3435
3090,polisi tni laporkan ferry irwandi dugaan pencemaran nama,ferry irwandi,PER,3439
3091,nashindwa kuelewa kwanini unatafuta kura wakat utajitangaza wakati tume yako polisi wako hizi kampeni stop it unajichosha rais muuwaji muuza rasimali zetu kwann unafanya kampeni lkn kwann kujisumbua wakati utashinda hata kura unaz ounce aminisha watu kuwa wakuchague married man sielewi,nashindwa,PER,3440
3093,pelaku penny ditangkap polisi september indramayu motif dendam korban budi sengketa sewa mobil rp750 ribu rusak budi tolak kembalikan uang ajak penny janji rp100 juta bunuh keluarga,penny,PER,3442
3093,pelaku penny ditangkap polisi september indramayu motif dendam korban budi sengketa sewa mobil rp750 ribu rusak budi tolak kembalikan uang ajak penny janji rp100 juta bunuh keluarga,budi,PER,3442
3093,pelaku penny ditangkap polisi september indramayu motif dendam korban budi sengketa sewa mobil rp750 ribu rusak budi tolak kembalikan uang ajak penny janji rp100 juta bunuh keluarga,budi,PER,3442
3093,pelaku penny ditangkap polisi september indramayu motif dendam korban budi sengketa sewa mobil rp750 ribu rusak budi tolak kembalikan uang ajak penny janji rp100 juta bunuh keluarga,penny,PER,3442
3102,kapolsek kuta utara kunjungi korban terdampak banjir kuta utara kapolsek kuta utara komisaris polisi ketut agus pasek sudina map hack kunjungi warga terdampak banjir wilayah desa dalung kec kuta utara kab badung bali,komisaris polisi ketut agus pasek sudina map hack,PER,3453
3103,cpek dunia isinya polisi tll pejabat korup pemimpin halusinasi pelaku kekerasan laki mokondo pelaku femisida dlldlldll anjing,mokondo,PER,3454
3104,hii kesi yenye maelekezo mengi toka juu sababu palsu kwa hiyo polisi wanatumika kuzuia watu kushuhudia ujinga watunzi kesi,hii kesi,PER,3455
3104,hii kesi yenye maelekezo mengi toka juu sababu palsu kwa hiyo polisi wanatumika kuzuia watu kushuhudia ujinga watunzi kesi,kwa hiyo polisi wanatumika kuzuia watu kushuhudia ujinga watunzi kesi,PER,3455
3105,mtandao watetezi haki pizza binadamu tanzania thrdc umelaani suala cantonese exclamation jeshi cantonese exclamation polisi kuwashikilia kwa zaidi saa waandishi wawili habari arusha kuwapa dhamana,umelaani,PER,3456
3105,mtandao watetezi haki pizza binadamu tanzania thrdc umelaani suala cantonese exclamation jeshi cantonese exclamation polisi kuwashikilia kwa zaidi saa waandishi wawili habari arusha kuwapa dhamana,kwa zaidi saa waandishi wawili habari arusha,PER,3456
3107,laporan resmi departemen kehakiman sumber berita cable news network national broadcasting company decarlos heroin jr ditangkap peron kereta ringan kejadian perlawanan polisi menemukannya lokasi langsung menahannya indikasi,cable news network,ORG,3458
3107,laporan resmi departemen kehakiman sumber berita cable news network national broadcasting company decarlos heroin jr ditangkap peron kereta ringan kejadian perlawanan polisi menemukannya lokasi langsung menahannya indikasi,national broadcasting company,ORG,3458
3110,edan polisi bertindak keren,ed,PER,3461
3115,bnbsports kuri uyu gatatu umuyobozi mukuru polisi hey you rwanda computer graphics felix namuhororanye yahuye abakinnyi amakipe volleyball mbere kwerekeza kampala muri uganda multi user irushanwa rya kavc riteganijwe kuva ku nzeri,bnbsports,ORG,3466
3115,bnbsports kuri uyu gatatu umuyobozi mukuru polisi hey you rwanda computer graphics felix namuhororanye yahuye abakinnyi amakipe volleyball mbere kwerekeza kampala muri uganda multi user irushanwa rya kavc riteganijwe kuva ku nzeri,uyu gatatu umuyobozi mukuru,PER,3466
3115,bnbsports kuri uyu gatatu umuyobozi mukuru polisi hey you rwanda computer graphics felix namuhororanye yahuye abakinnyi amakipe volleyball mbere kwerekeza kampala muri uganda multi user irushanwa rya kavc riteganijwe kuva ku nzeri,felix namuhororanye,PER,3466
3115,bnbsports kuri uyu gatatu umuyobozi mukuru polisi hey you rwanda computer graphics felix namuhororanye yahuye abakinnyi amakipe volleyball mbere kwerekeza kampala muri uganda multi user irushanwa rya kavc riteganijwe kuva ku nzeri,yahuye abakinnyi amakipe vol,PER,3466
3115,bnbsports kuri uyu gatatu umuyobozi mukuru polisi hey you rwanda computer graphics felix namuhororanye yahuye abakinnyi amakipe volleyball mbere kwerekeza kampala muri uganda multi user irushanwa rya kavc riteganijwe kuva ku nzeri,mbere kwerekeza,PER,3466
3115,bnbsports kuri uyu gatatu umuyobozi mukuru polisi hey you rwanda computer graphics felix namuhororanye yahuye abakinnyi amakipe volleyball mbere kwerekeza kampala muri uganda multi user irushanwa rya kavc riteganijwe kuva ku nzeri,irushanwa rya kavc riteganijwe kuva ku nzeri,PER,3466
3118,kremy bertingkah bodoh sehari bisulan pantat terima kekalahan heran suka playingvctim nyebar data hoax ngehate giliran didatangin lapor polisi serasa korban kocak,kremy,PER,3469
3119,breaking charlie kirk aktivis konservatif amplifier pendiri turning titik united states of america ditembak acara utah valley universitas kirk dikenal vokal proisrael polisi tersangka ditahan federal bureau of investigation investigasi trump amplifier wapres vance publik berdoa,charlie kirk,PER,3470
3119,breaking charlie kirk aktivis konservatif amplifier pendiri turning titik united states of america ditembak acara utah valley universitas kirk dikenal vokal proisrael polisi tersangka ditahan federal bureau of investigation investigasi trump amplifier wapres vance publik berdoa,wapres,PER,3470
3127,amafoto multi user kiganiro waramutserwanda twaganiriye ku myiteguro shampiyona yisi yamagare nuko serivisi zingenzi zizatangwa ubwo iri rushanwa rizaba rikinirwa kigali ku nzeri abatumirwa bacu umuvugizi polisi hey you rwanda automatic colt pistol boniface rutikanga,amafoto,PER,3479
3127,amafoto multi user kiganiro waramutserwanda twaganiriye ku myiteguro shampiyona yisi yamagare nuko serivisi zingenzi zizatangwa ubwo iri rushanwa rizaba rikinirwa kigali ku nzeri abatumirwa bacu umuvugizi polisi hey you rwanda automatic colt pistol boniface rutikanga,kiganiro waramutserwanda,PER,3479
3127,amafoto multi user kiganiro waramutserwanda twaganiriye ku myiteguro shampiyona yisi yamagare nuko serivisi zingenzi zizatangwa ubwo iri rushanwa rizaba rikinirwa kigali ku nzeri abatumirwa bacu umuvugizi polisi hey you rwanda automatic colt pistol boniface rutikanga,yisi yamagare nuko serivisi,PER,3479
3127,amafoto multi user kiganiro waramutserwanda twaganiriye ku myiteguro shampiyona yisi yamagare nuko serivisi zingenzi zizatangwa ubwo iri rushanwa rizaba rikinirwa kigali ku nzeri abatumirwa bacu umuvugizi polisi hey you rwanda automatic colt pistol boniface rutikanga,zingenzi zizatangwa,PER,3479
3127,amafoto multi user kiganiro waramutserwanda twaganiriye ku myiteguro shampiyona yisi yamagare nuko serivisi zingenzi zizatangwa ubwo iri rushanwa rizaba rikinirwa kigali ku nzeri abatumirwa bacu umuvugizi polisi hey you rwanda automatic colt pistol boniface rutikanga,ubwo iri rushanwa rizaba,PER,3479
3127,amafoto multi user kiganiro waramutserwanda twaganiriye ku myiteguro shampiyona yisi yamagare nuko serivisi zingenzi zizatangwa ubwo iri rushanwa rizaba rikinirwa kigali ku nzeri abatumirwa bacu umuvugizi polisi hey you rwanda automatic colt pistol boniface rutikanga,rikinirwa,PER,3479
3127,amafoto multi user kiganiro waramutserwanda twaganiriye ku myiteguro shampiyona yisi yamagare nuko serivisi zingenzi zizatangwa ubwo iri rushanwa rizaba rikinirwa kigali ku nzeri abatumirwa bacu umuvugizi polisi hey you rwanda automatic colt pistol boniface rutikanga,nzeri,PER,3479
3127,amafoto multi user kiganiro waramutserwanda twaganiriye ku myiteguro shampiyona yisi yamagare nuko serivisi zingenzi zizatangwa ubwo iri rushanwa rizaba rikinirwa kigali ku nzeri abatumirwa bacu umuvugizi polisi hey you rwanda automatic colt pistol boniface rutikanga,abatumirwa,PER,3479
3127,amafoto multi user kiganiro waramutserwanda twaganiriye ku myiteguro shampiyona yisi yamagare nuko serivisi zingenzi zizatangwa ubwo iri rushanwa rizaba rikinirwa kigali ku nzeri abatumirwa bacu umuvugizi polisi hey you rwanda automatic colt pistol boniface rutikanga,bacu umuvugizi,PER,3479
3128,shinikizo cantonese exclamation umma liliilazimisha serikali kuondoa muswada huo bei mkate mafuta ilipopanda raia walipanga maandamano kupitia facebook whatsapp a social networking site video pizza polisi kuwapiga raia zilienea,umma liliilazimisha,PER,3480
3128,shinikizo cantonese exclamation umma liliilazimisha serikali kuondoa muswada huo bei mkate mafuta ilipopanda raia walipanga maandamano kupitia facebook whatsapp a social networking site video pizza polisi kuwapiga raia zilienea,serikali kuondoa muswada huo bei mkate mafuta ilipopanda raia walipanga maandamano kupitia,PER,3480
3128,shinikizo cantonese exclamation umma liliilazimisha serikali kuondoa muswada huo bei mkate mafuta ilipopanda raia walipanga maandamano kupitia facebook whatsapp a social networking site video pizza polisi kuwapiga raia zilienea,kuwapiga raia zilienea,PER,3480
3130,video mtandao watetezi haki pizza binadamu tanzania thrdc umelaani vikali suala cantonese exclamation jeshi cantonese exclamation polisi kuwashikilia kwa zaidi saa waandishi wawili habari arusha kuwapa dhamana waandishi hao baraka lucas hello tv ezekiel mollel manara tv ambao,umelaani vikali suala,PER,3482
3130,video mtandao watetezi haki pizza binadamu tanzania thrdc umelaani vikali suala cantonese exclamation jeshi cantonese exclamation polisi kuwashikilia kwa zaidi saa waandishi wawili habari arusha kuwapa dhamana waandishi hao baraka lucas hello tv ezekiel mollel manara tv ambao,kuwashikilia,PER,3482
3130,video mtandao watetezi haki pizza binadamu tanzania thrdc umelaani vikali suala cantonese exclamation jeshi cantonese exclamation polisi kuwashikilia kwa zaidi saa waandishi wawili habari arusha kuwapa dhamana waandishi hao baraka lucas hello tv ezekiel mollel manara tv ambao,kwa zaidi saa waandishi,PER,3482
3130,video mtandao watetezi haki pizza binadamu tanzania thrdc umelaani vikali suala cantonese exclamation jeshi cantonese exclamation polisi kuwashikilia kwa zaidi saa waandishi wawili habari arusha kuwapa dhamana waandishi hao baraka lucas hello tv ezekiel mollel manara tv ambao,ezekiel mollel,PER,3482
3131,kompas menggali informasi peran polisi militer nepal kejadian kompas kontributor informan apalah sumber berita afdol,kompas,ORG,3483
3131,kompas menggali informasi peran polisi militer nepal kejadian kompas kontributor informan apalah sumber berita afdol,kompas,ORG,3483
3131,kompas menggali informasi peran polisi militer nepal kejadian kompas kontributor informan apalah sumber berita afdol,afdol,PER,3483
3136,teman sengaja ketelen kunang nguap tbtb menginjak kepala polisi sengaja mnum kopi thinking gbsa dibenarkan ketikan ibumu bacny sedih anjay kali sengaja,anjay,PER,3488
3144,sasa naelewa cerita yule jamaa alipiga polisi teke juu bei hongo hiyo game foto lakini inaweza kuleta shida kubwa kuna detil zaidi video,sasa naelewa,PER,3498
3145,pakai foto ella jkt48 cari laporin polisi pakai foto foto jkt48 hapus,ella jkt48,PER,3499
3147,yule jamaa alipiga polisi teke juu hawakuelewana bei hongo,yule jamaa alipi,PER,3501
3153,polisi menembak membunuh information aksi demo menteri nepal dikejar dihajar habis habisan rakyatnya hello hi belajarlah dunia seindah zaman,information,PER,3507
3160,debut rock paper scissors  lokalnya rijal gacor 700an cerita ao3 grup kenal polisi fandomnya seenggak rijal dikapalin rpsnya tahan banting,rock paper scissors,ORG,3514
3160,debut rock paper scissors  lokalnya rijal gacor 700an cerita ao3 grup kenal polisi fandomnya seenggak rijal dikapalin rpsnya tahan banting,ao3,ORG,3514
3161,ibuprofen amoe marah marah disana abaikan oknum ogah bantuin kepala kapolsek ruangan ibuprofen ngamok diluar polisi bantuin ibuprofen rumah pencuri orang benaran,ibuprofen ngamok,PER,3515
3168,kafungue grosari karibu nyuma kituo yes polisi,kafungue grosari,PER,3522
3168,kafungue grosari karibu nyuma kituo yes polisi,nyuma kituo,PER,3522
3170,kind context baca pesannya ditolong nyawanya ferry digebukin polisi benaran ditolong nyawanya literal where are you utang nyawa genuinely asking,ferry,PER,3524
3173,amit amit anak polisi amit amit,amit amit,PER,3527
3173,amit amit anak polisi amit amit,amit amit,PER,3527
3184,divonis bersalah hakim wirawiri didepan layar televisi kantor polisi diperiksa terkait ijasah jokowi nkri negara hukum menangkap silfester matutina aparat penegak hukum berdaya,hakim wirawiri,PER,3538
3184,divonis bersalah hakim wirawiri didepan layar televisi kantor polisi diperiksa terkait ijasah jokowi nkri negara hukum menangkap silfester matutina aparat penegak hukum berdaya,silfester matutina,PER,3538
3191,babigenje gute bigabije imihanda barayuzura nta bwoba nta gusubira inyuma bagenda berekeza ku biro umukuru guverinoma barabitwika kugeza idiot polisi yabuze icyo gukora nayo ikajya multi user bandi ikigaragambya,gute bigabije,PER,3545
3191,babigenje gute bigabije imihanda barayuzura nta bwoba nta gusubira inyuma bagenda berekeza ku biro umukuru guverinoma barabitwika kugeza idiot polisi yabuze icyo gukora nayo ikajya multi user bandi ikigaragambya,gusubira,PER,3545
3191,babigenje gute bigabije imihanda barayuzura nta bwoba nta gusubira inyuma bagenda berekeza ku biro umukuru guverinoma barabitwika kugeza idiot polisi yabuze icyo gukora nayo ikajya multi user bandi ikigaragambya,guverinoma barabitwika,PER,3545
3191,babigenje gute bigabije imihanda barayuzura nta bwoba nta gusubira inyuma bagenda berekeza ku biro umukuru guverinoma barabitwika kugeza idiot polisi yabuze icyo gukora nayo ikajya multi user bandi ikigaragambya,yabuze icyo gukora nayo ikajya,PER,3545
3191,babigenje gute bigabije imihanda barayuzura nta bwoba nta gusubira inyuma bagenda berekeza ku biro umukuru guverinoma barabitwika kugeza idiot polisi yabuze icyo gukora nayo ikajya multi user bandi ikigaragambya,bandi ikigaragambya,PER,3545
3192,masuk polri setingkat universitas didik semester sarjana kepolisian koas dokter polisi lulusannya setara s1 lulus polisi kali,didik,PER,3546
3213,berita terpopuler kalimantan barat kalbar tiktoker pontianak rizky kabah,rizky kabah,PER,3569
3220,terima kasih tagnya affan kurniawan agustus tragis driver ojol tewas dilindas rantis brimob demo jakarta sopirnya bripka rohmat dipecat hormat didemosi ylbhi kritik polisi langgar prosedur momentum refleksi,affan kurniawan,PER,3579
3220,terima kasih tagnya affan kurniawan agustus tragis driver ojol tewas dilindas rantis brimob demo jakarta sopirnya bripka rohmat dipecat hormat didemosi ylbhi kritik polisi langgar prosedur momentum refleksi,bripka rohmat,PER,3579
3220,terima kasih tagnya affan kurniawan agustus tragis driver ojol tewas dilindas rantis brimob demo jakarta sopirnya bripka rohmat dipecat hormat didemosi ylbhi kritik polisi langgar prosedur momentum refleksi,ylbhi,ORG,3579
3221,artanto icon polisi penyebar hoax,artanto,PER,3580
3229,tangazo cantonese exclamation habari kuhusu matukio kusikitisha wakati maandamano amani yaliyoandaliwa information tarehe polisi nepal wanaonyesha huzuni kubwa kwa vifo vilivyotokea tunatoa wito kwa raia wote kudumisha amani kuepuka vurugu kushirikiana polisi katika,wanaonyesha huzuni kubwa kwa vifo vilivyotokea,PER,3588
3230,mauaji victor mwangi washukiwa wanazuiliwa polisi kasarani victor mwangi aliuwawa katika mtaa roysambu mwangi alifariki baada kuanguka kutoka orofa nne upasuaji maiti wabaini alipigwa kwa kifaa butu citizennipashe,mauaji victor mwangi,PER,3589
3232,agresi israel doha kemarin polisi qatar badr aldosari gugur syahid darah qatar bercampur darah rakyat gaza semoga menerima engkau paralytic syuhada badr aldosari menempatkanmu surga alfirdaus tertinggi,badr aldosari,PER,3592
3232,agresi israel doha kemarin polisi qatar badr aldosari gugur syahid darah qatar bercampur darah rakyat gaza semoga menerima engkau paralytic syuhada badr aldosari menempatkanmu surga alfirdaus tertinggi,badr aldosari,PER,3592
3232,agresi israel doha kemarin polisi qatar badr aldosari gugur syahid darah qatar bercampur darah rakyat gaza semoga menerima engkau paralytic syuhada badr aldosari menempatkanmu surga alfirdaus tertinggi,alfirdaus,PER,3592
3236,anggota satlantas polresta bogor kota aipda diki fitri bripka rudy bersikap sigap membantu balita penderita penyakit jantung bocor dilarikan rumah sakit rabu baca selengkapnya laugh loudly polisibogor,aipda diki fitri,PER,3597
3236,anggota satlantas polresta bogor kota aipda diki fitri bripka rudy bersikap sigap membantu balita penderita penyakit jantung bocor dilarikan rumah sakit rabu baca selengkapnya laugh loudly polisibogor,bripka rudy,PER,3597
3241,mwanawasa anatangaza vita dhidi rushwa waliokuwa wanalida deals pizza ibrahim wakishindwa kumlinda mwaka huo mamlaka dawa pizza kulevya zambia wanatangaza kumsaka ibrahim kwa kujihusisha madawa polisi wakamsaka kwa wizi shaba zaidi dola,mwanawasa anatangaza vita dhidi rushwa waliokuwa wanalida,PER,3603
3241,mwanawasa anatangaza vita dhidi rushwa waliokuwa wanalida deals pizza ibrahim wakishindwa kumlinda mwaka huo mamlaka dawa pizza kulevya zambia wanatangaza kumsaka ibrahim kwa kujihusisha madawa polisi wakamsaka kwa wizi shaba zaidi dola,ibrahim wakishindwa kumlinda mwaka,PER,3603
3241,mwanawasa anatangaza vita dhidi rushwa waliokuwa wanalida deals pizza ibrahim wakishindwa kumlinda mwaka huo mamlaka dawa pizza kulevya zambia wanatangaza kumsaka ibrahim kwa kujihusisha madawa polisi wakamsaka kwa wizi shaba zaidi dola,kulevya,PER,3603
3241,mwanawasa anatangaza vita dhidi rushwa waliokuwa wanalida deals pizza ibrahim wakishindwa kumlinda mwaka huo mamlaka dawa pizza kulevya zambia wanatangaza kumsaka ibrahim kwa kujihusisha madawa polisi wakamsaka kwa wizi shaba zaidi dola,zambia wanatangaza kumsaka ibrahim kwa kujihusisha,PER,3603
3241,mwanawasa anatangaza vita dhidi rushwa waliokuwa wanalida deals pizza ibrahim wakishindwa kumlinda mwaka huo mamlaka dawa pizza kulevya zambia wanatangaza kumsaka ibrahim kwa kujihusisha madawa polisi wakamsaka kwa wizi shaba zaidi dola,kwa wizi shaba zaidi dola,PER,3603
3243,kwenye maelezo yake polisi ngwira anaeleza kuwa huwa anapata dawa hizo kutoka kwa watu wawili 1raia ujerumani magharibi maarufu kwa jina cantonese exclamation profesa 2mzambia mwenzake aitwaye ibrahim yusuf lakini mwaka mahakama ku zambia inakataa kuyapokea maelezo haya kesi inakufa,kwenye maelezo,PER,3605
3243,kwenye maelezo yake polisi ngwira anaeleza kuwa huwa anapata dawa hizo kutoka kwa watu wawili 1raia ujerumani magharibi maarufu kwa jina cantonese exclamation profesa 2mzambia mwenzake aitwaye ibrahim yusuf lakini mwaka mahakama ku zambia inakataa kuyapokea maelezo haya kesi inakufa,hizo kutoka,PER,3605
3243,kwenye maelezo yake polisi ngwira anaeleza kuwa huwa anapata dawa hizo kutoka kwa watu wawili 1raia ujerumani magharibi maarufu kwa jina cantonese exclamation profesa 2mzambia mwenzake aitwaye ibrahim yusuf lakini mwaka mahakama ku zambia inakataa kuyapokea maelezo haya kesi inakufa,ujerumani magharibi,PER,3605
3243,kwenye maelezo yake polisi ngwira anaeleza kuwa huwa anapata dawa hizo kutoka kwa watu wawili 1raia ujerumani magharibi maarufu kwa jina cantonese exclamation profesa 2mzambia mwenzake aitwaye ibrahim yusuf lakini mwaka mahakama ku zambia inakataa kuyapokea maelezo haya kesi inakufa,mwenzake,PER,3605
3243,kwenye maelezo yake polisi ngwira anaeleza kuwa huwa anapata dawa hizo kutoka kwa watu wawili 1raia ujerumani magharibi maarufu kwa jina cantonese exclamation profesa 2mzambia mwenzake aitwaye ibrahim yusuf lakini mwaka mahakama ku zambia inakataa kuyapokea maelezo haya kesi inakufa,aitwaye,PER,3605
3243,kwenye maelezo yake polisi ngwira anaeleza kuwa huwa anapata dawa hizo kutoka kwa watu wawili 1raia ujerumani magharibi maarufu kwa jina cantonese exclamation profesa 2mzambia mwenzake aitwaye ibrahim yusuf lakini mwaka mahakama ku zambia inakataa kuyapokea maelezo haya kesi inakufa,ibrahim yusuf lakini,PER,3605
3243,kwenye maelezo yake polisi ngwira anaeleza kuwa huwa anapata dawa hizo kutoka kwa watu wawili 1raia ujerumani magharibi maarufu kwa jina cantonese exclamation profesa 2mzambia mwenzake aitwaye ibrahim yusuf lakini mwaka mahakama ku zambia inakataa kuyapokea maelezo haya kesi inakufa,zambia,PER,3605
3243,kwenye maelezo yake polisi ngwira anaeleza kuwa huwa anapata dawa hizo kutoka kwa watu wawili 1raia ujerumani magharibi maarufu kwa jina cantonese exclamation profesa 2mzambia mwenzake aitwaye ibrahim yusuf lakini mwaka mahakama ku zambia inakataa kuyapokea maelezo haya kesi inakufa,inakataa,PER,3605
3243,kwenye maelezo yake polisi ngwira anaeleza kuwa huwa anapata dawa hizo kutoka kwa watu wawili 1raia ujerumani magharibi maarufu kwa jina cantonese exclamation profesa 2mzambia mwenzake aitwaye ibrahim yusuf lakini mwaka mahakama ku zambia inakataa kuyapokea maelezo haya kesi inakufa,maelezo,PER,3605
3247,korban bikin laporan seharus bilang polisi,sehar,PER,3609
3247,korban bikin laporan seharus bilang polisi,##us,PER,3609
3249,mbumpha auza times malawi kuti chigwenembe amangidwa lachitatu september neither do i polisi phalula mbomali woganizilidwayu akuyembekezeka kukaonekera ku bwalo cantonese exclamation mlandu posachedwapa kukayankha mlandu opezeka neither do i chamba opanda chilolezo wolemba blessings makuwira,phalula mbomali woganizilidwayu,PER,3611
3249,mbumpha auza times malawi kuti chigwenembe amangidwa lachitatu september neither do i polisi phalula mbomali woganizilidwayu akuyembekezeka kukaonekera ku bwalo cantonese exclamation mlandu posachedwapa kukayankha mlandu opezeka neither do i chamba opanda chilolezo wolemba blessings makuwira,akuyembekezeka,PER,3611
3249,mbumpha auza times malawi kuti chigwenembe amangidwa lachitatu september neither do i polisi phalula mbomali woganizilidwayu akuyembekezeka kukaonekera ku bwalo cantonese exclamation mlandu posachedwapa kukayankha mlandu opezeka neither do i chamba opanda chilolezo wolemba blessings makuwira,chamba opanda,PER,3611
3249,mbumpha auza times malawi kuti chigwenembe amangidwa lachitatu september neither do i polisi phalula mbomali woganizilidwayu akuyembekezeka kukaonekera ku bwalo cantonese exclamation mlandu posachedwapa kukayankha mlandu opezeka neither do i chamba opanda chilolezo wolemba blessings makuwira,makuwira,PER,3611
3252,yayasan lembaga bantuan hukum indonesia ylbhi temuan fakta terkait affan kurniawan pengemudi ojek daring ojol tewas dilindas kendaraan taktis rantis brimob polri,yayasan lembaga bantuan hukum indonesia,ORG,3615
3252,yayasan lembaga bantuan hukum indonesia ylbhi temuan fakta terkait affan kurniawan pengemudi ojek daring ojol tewas dilindas kendaraan taktis rantis brimob polri,ylbhi,ORG,3615
3252,yayasan lembaga bantuan hukum indonesia ylbhi temuan fakta terkait affan kurniawan pengemudi ojek daring ojol tewas dilindas kendaraan taktis rantis brimob polri,affan kurniawan,PER,3615
3252,yayasan lembaga bantuan hukum indonesia ylbhi temuan fakta terkait affan kurniawan pengemudi ojek daring ojol tewas dilindas kendaraan taktis rantis brimob polri,ojol,PER,3615
3254,baadhi polisi wamejiunga upande waandamanaji huko kathmandu nepal wanajeshi ndio kabisa hawawagusi raia wow wanawaacha wamalize hasira zao wananchi ndio wenye nchi siku zote jeshi husimama wananchi hali ikitokea kama hivi jeshi huchukua nchi,baadhi,PER,3618
3254,baadhi polisi wamejiunga upande waandamanaji huko kathmandu nepal wanajeshi ndio kabisa hawawagusi raia wow wanawaacha wamalize hasira zao wananchi ndio wenye nchi siku zote jeshi husimama wananchi hali ikitokea kama hivi jeshi huchukua nchi,upande waandamanaji,PER,3618
3257,kalah wajar kalah yasudah ganyampe melaporkan lawan polisi anjing wkwkwkwkwkwk,yasudah ganyampe,PER,3621
3262,staolet staolet bekingan belaga polisi leot,leot,PER,3628
3266,terima kasih pandanganmu perilaku kekerasan gambar dasar respons proporsional polisi sumber polri amplifier reuters petugas dipecat pascainsiden laporan amnesty amplifier hrw tekankan investigasi berlebih not your type catat,amnesty amplifier,ORG,3632
3268,logis perilaku demonstran gambar membenarkan sikap keras polisi tembakan flatulence blanked mata peluru karet sepenuhnya dipahami perilaku kekerasan direpresi prinsip fafo berlaku abaikan amnesty laporannya,amnesty,ORG,3634
3276,hili tukio linahusu maoni gad saad picha kushoto george floyd aliyekufa baada polisi kumkaza shingo kusababisha maandamano makubwa uharibifu wito kupunguza fedha pizza polisi kulia iryna zarutska mfugiaji ukraine aliyeuawa kwa kuchomwa kisu,hili tukio linahusu maoni gad saad picha kushoto george floyd aliyekufa baada,PER,3643
3276,hili tukio linahusu maoni gad saad picha kushoto george floyd aliyekufa baada polisi kumkaza shingo kusababisha maandamano makubwa uharibifu wito kupunguza fedha pizza polisi kulia iryna zarutska mfugiaji ukraine aliyeuawa kwa kuchomwa kisu,kumkaza,PER,3643
3276,hili tukio linahusu maoni gad saad picha kushoto george floyd aliyekufa baada polisi kumkaza shingo kusababisha maandamano makubwa uharibifu wito kupunguza fedha pizza polisi kulia iryna zarutska mfugiaji ukraine aliyeuawa kwa kuchomwa kisu,shingo kusababisha maandamano makubwa uharibifu wito kupunguza fedha pizza polisi kulia iryna zarutska mfugiaji ukraine aliyeuawa kwa kuchomwa kisu,PER,3643
3284,hiroya shimizu ditangkap polisi narkoba,hiroya shimizu,PER,3652
3285,ngantuk ngantuk ronda malingnya wira wiri fepan polisi ditangkap enakan tidurz,wira wiri fepan,PER,3653
3286,semoga polisi bertindak menangkap stop it provokator ferry irwandi dalang makar tercapai rakyat indonesia,ferry irwandi,PER,3654
3287,terima kasih pandangan gambarnya gambar demonstran berinteraksi perisai polisi bertumpuk lokasi protes mencerminkan kekacauan demo maret sumber reuters hrw fungsi utama polisi berdasarkan uu no offence,reuters hrw,ORG,3655
3290,1ponari 2sukoi 3corona 4polisi lindes ojol,lindes ojol,PER,3658
3291,lindes polisi negeri sebrang,lindes,PER,3660
3292,iko julian junior amplifier gamma rizkynata mati dibunuh polisi,iko julian,PER,3661
3292,iko julian junior amplifier gamma rizkynata mati dibunuh polisi,gamma rizkynata,PER,3661
3299,iko juliant meninggal kecelakaan iko julian dibunuh polisi anggota,iko juliant,PER,3668
3299,iko juliant meninggal kecelakaan iko julian dibunuh polisi anggota,iko julian,PER,3668
3300,bonyeza neno ufisadi polisi ardhi ikifuatiwa neno rushwa,bonyeza neno ufisadi,PER,3669
3300,bonyeza neno ufisadi polisi ardhi ikifuatiwa neno rushwa,ardhi ikifuatiwa neno rushwa,PER,3669
3303,panduga kristen all the way atheis menjelekkan islam screenshot laporan polisi habib santri anak anak yatim piatu habib menerima habib menerima video edit,habib,PER,3672
3303,panduga kristen all the way atheis menjelekkan islam screenshot laporan polisi habib santri anak anak yatim piatu habib menerima habib menerima video edit,habib,PER,3672
3303,panduga kristen all the way atheis menjelekkan islam screenshot laporan polisi habib santri anak anak yatim piatu habib menerima habib menerima video edit,habib,PER,3672
3313,terima kasih pandanganmu pelatihan polisi membantu mencegah kekerasan terencana demo teknik deeskalasi amplifier pemahaman ham sumber amnesty internasional laporan ohchr guidelines sepenuhnya faktor eksternal perencanaan demonstran,amnesty internasional,ORG,3682
3316,sema wenetu muda kufuatilia taarifa pizza polisi,sema wenetu,PER,3685
3330,cerita arafah suca talkshowpodcast ceritanya nangkepin maling rental photoshop milik abangnya niatnya dibawa polisi respon polisi percis dibawah alasannya nangkep,arafah suca,PER,3701
3341,video jeshi cantonese exclamation polisi mkoa mtwara linawashikilia watu13 kwa tuhuma pizza wizi pembejeo pizza wakulima korosho msimu akizungumza wanahabari siku jumatano kamanda polisi mkoa huo sacp issa sulemani amesema mnamo agosti polisi kwa kushirikiana,mtwara linawashikilia,PER,3713
3341,video jeshi cantonese exclamation polisi mkoa mtwara linawashikilia watu13 kwa tuhuma pizza wizi pembejeo pizza wakulima korosho msimu akizungumza wanahabari siku jumatano kamanda polisi mkoa huo sacp issa sulemani amesema mnamo agosti polisi kwa kushirikiana,wakulima korosho msimu akizungumza wanahabari,PER,3713
3341,video jeshi cantonese exclamation polisi mkoa mtwara linawashikilia watu13 kwa tuhuma pizza wizi pembejeo pizza wakulima korosho msimu akizungumza wanahabari siku jumatano kamanda polisi mkoa huo sacp issa sulemani amesema mnamo agosti polisi kwa kushirikiana,jumatano,PER,3713
3341,video jeshi cantonese exclamation polisi mkoa mtwara linawashikilia watu13 kwa tuhuma pizza wizi pembejeo pizza wakulima korosho msimu akizungumza wanahabari siku jumatano kamanda polisi mkoa huo sacp issa sulemani amesema mnamo agosti polisi kwa kushirikiana,huo sacp,PER,3713
3341,video jeshi cantonese exclamation polisi mkoa mtwara linawashikilia watu13 kwa tuhuma pizza wizi pembejeo pizza wakulima korosho msimu akizungumza wanahabari siku jumatano kamanda polisi mkoa huo sacp issa sulemani amesema mnamo agosti polisi kwa kushirikiana,issa sulemani amesema mnamo agosti,PER,3713
3341,video jeshi cantonese exclamation polisi mkoa mtwara linawashikilia watu13 kwa tuhuma pizza wizi pembejeo pizza wakulima korosho msimu akizungumza wanahabari siku jumatano kamanda polisi mkoa huo sacp issa sulemani amesema mnamo agosti polisi kwa kushirikiana,kwa kushirikiana,PER,3713
3354,kemarin ghibah chindo chindo surabaya kualitas polisi indonesia wakakaka,chindo chindo surabaya,PER,3728
3354,kemarin ghibah chindo chindo surabaya kualitas polisi indonesia wakakaka,wakakaka,PER,3728
3356,sidik jari korban sidik jari ktp daring tercatat data dukcapil polisi alat anyway niat mengembalikan metode terlacak jauhi kriminalisasi hubungan sehat red bandana putuscerai membunuh all the way kdrt,bandana,PER,3730
3357,kepala polisi ind becus betah betah bertengger anak buahnya,ind,PER,3731
3361,mari teliti bareng peneliti cek langsung sumber resmi ugm konfirmasi jokowi lulus pernyataan rektor original video animation emilia agustus dokumen tangan polisi bareskrim hentikan penyelidikan juli bukti palsu sp3d,jokowi,PER,3735
3361,mari teliti bareng peneliti cek langsung sumber resmi ugm konfirmasi jokowi lulus pernyataan rektor original video animation emilia agustus dokumen tangan polisi bareskrim hentikan penyelidikan juli bukti palsu sp3d,emilia,PER,3735
3370,fery irwandi acara tv percaya anggota tni tertangkap polisi demo agustus kemarin mengusik tni secetek bersikap dinilai dipercaya ketularan virusplongo,fery irwandi,PER,3745
3372,kapolri patung polisi polisi tidur almarhum paak hoegeng,paak hoegeng,PER,3747
3374,gila orang kulit putih kena rasis keingat kasusnya boyd enggak salah namanya lehernya injak polisi white stop it beritanya booming sedunia beda korban nyata,boyd,PER,3750
3377,kesimpulannya polisi tni laporkan ferry irwandi,ferry irwandi,PER,3754
3378,perkara instastory provokator bakar kantor polisi layak proses bersalah praperadilan kebiasaan bebasin orang pakai opini publik,instastory provokator,PER,3755
3380,polisi nchini nepal walikuwa wananchi ila wakanyoosha mikono juu viongozi wamekimbia wow ndio wakawa chambo tutaamka,wakanyoosha mikono,PER,3757
3390,jokower ahoker alias polisi sambo bangsatkeparat,jokower ahoker,PER,3769
3395,robot dituding makar tersinggung laporan polisi memidanakan orang kirakira lembaga tni sejatinya berperasaan,robot,PER,3774
3398,pria bernama agusdi diduga pungutan liar pungli sopir bus pariwisata kawasan wisata malibo anai padang pariaman ditangkap polisi selasa,agusdi,PER,3777
3401,tito jajaran polisi bimbingan tito siskamling kesal kerja cari uang menggajih paralytic aparat baju coklat suruh tito didik jaga keamanan negeri insya aman amanah amin,tito,PER,3780
3401,tito jajaran polisi bimbingan tito siskamling kesal kerja cari uang menggajih paralytic aparat baju coklat suruh tito didik jaga keamanan negeri insya aman amanah amin,tito siskamling,PER,3780
3401,tito jajaran polisi bimbingan tito siskamling kesal kerja cari uang menggajih paralytic aparat baju coklat suruh tito didik jaga keamanan negeri insya aman amanah amin,tito,PER,3780
3411,ancongming tertarikkah pembina polisi nepal,ancongming,PER,3790
3412,wanafundishwa nini shuleni jamii inapotoka hakuna maadili kiongozi mkuu nchi anakula wapiga deal nchi hii kiziga katapeli fedha pizza uniform pizza polisi lakini ndiyo kila siku yuko ikulu mtu mwema lissu yuko jera kwanamna hii maadili yanatokea vipi kwenye nchi,wanafundishwa,PER,3791
3412,wanafundishwa nini shuleni jamii inapotoka hakuna maadili kiongozi mkuu nchi anakula wapiga deal nchi hii kiziga katapeli fedha pizza uniform pizza polisi lakini ndiyo kila siku yuko ikulu mtu mwema lissu yuko jera kwanamna hii maadili yanatokea vipi kwenye nchi,nini shuleni jamii inapotoka hakuna maadili kiongozi mkuu nchi anakula wapiga deal,PER,3791
3412,wanafundishwa nini shuleni jamii inapotoka hakuna maadili kiongozi mkuu nchi anakula wapiga deal nchi hii kiziga katapeli fedha pizza uniform pizza polisi lakini ndiyo kila siku yuko ikulu mtu mwema lissu yuko jera kwanamna hii maadili yanatokea vipi kwenye nchi,yuko,PER,3791
3412,wanafundishwa nini shuleni jamii inapotoka hakuna maadili kiongozi mkuu nchi anakula wapiga deal nchi hii kiziga katapeli fedha pizza uniform pizza polisi lakini ndiyo kila siku yuko ikulu mtu mwema lissu yuko jera kwanamna hii maadili yanatokea vipi kwenye nchi,yuko jera kwanamna hii maadili yanatokea vipi kwenye nchi,PER,3791
3420,polisi menangkap perempuan berinisial nat dugaan penipuan penggelapan uang senilai rp19 juta pelaku ditangkap bandara haluoleo konawe selatan konsel sulawesi tenggara sultra,nat,PER,3799
3421,hati polisi tentara hentikan membuli aktivis feri irwandi rakyat melawan multi user ganas represif pemerintah maaf minggu hianati semestinya konsolidasi menangkap pengecut pelanggar ham berat belajar nepal,feri irwandi,PER,3800
3422,polisi kenangan author yoko ogawa memory police gramedia pustaka utama rate,yoko ogawa,PER,3801
3424,ih pakai alasan in love titik polisi wonderful,ih,PER,3804
3425,jujur rill enggak mau masuk gara surabaya panas polisi tidur segede gaban taunya keterima,rill,PER,3806
3432,penculikan pembunuhan kepala cabang pembantu kacab bank mohamad ilham pradipta bergulir terbaru prajurit tni angkatan darat berinisial diduga terlibat menjalani pemeriksaan denpom kodam jaya polisi militer komandan,mohamad ilham pradipta,PER,3813
3437,anggota polisi anak main banting sound of annoyance sdgkan dipegang teman coba koruptor dikasih manis female bank lihat video radio detection and ranging cianjur tiktok,tiktok,PER,3819
3439,pendemo bunuh polisi lanjutt habiskan hajar tewas meanwhile pendemo kena pentung polisi kulihat ibuprofen pertiwi,hajar,PER,3821
3441,maaf beverly bantuin polisi tawa (laugh),beverly,PER,3823
3445,laporan bukam fan army melaporkan kemenangan video music awards lisa polisi,bukam fan army,ORG,3827
3457,gambar insiden george floyd polisi derek chauvin menekan lehernya tewas memicu protes global rasisme kekerasan polisi gambar serangan barubaru september kereta charlotte iryna,george floyd,PER,3840
3457,gambar insiden george floyd polisi derek chauvin menekan lehernya tewas memicu protes global rasisme kekerasan polisi gambar serangan barubaru september kereta charlotte iryna,derek chauvin,PER,3840
3460,insiden george floyd mei minneapolis polisi derek chauvin menekan leher floyd lutut gt9 menit penangkapan sebabkan kematian amplifier protes global penikaman fatal iryna zarutska pengungsi ukraina agustus,george floyd,PER,3843
3460,insiden george floyd mei minneapolis polisi derek chauvin menekan leher floyd lutut gt9 menit penangkapan sebabkan kematian amplifier protes global penikaman fatal iryna zarutska pengungsi ukraina agustus,derek chauvin,PER,3843
3460,insiden george floyd mei minneapolis polisi derek chauvin menekan leher floyd lutut gt9 menit penangkapan sebabkan kematian amplifier protes global penikaman fatal iryna zarutska pengungsi ukraina agustus,floyd,PER,3843
3460,insiden george floyd mei minneapolis polisi derek chauvin menekan leher floyd lutut gt9 menit penangkapan sebabkan kematian amplifier protes global penikaman fatal iryna zarutska pengungsi ukraina agustus,iryna zarutska,PER,3843
3462,rumah dijaga rukun tetangga warga jaga warga teman jaga teman bagus tito mantan polisi setuju polisi dibutuhkan untunglah kabinet gemoy sosok anarcoesque,tito,PER,3845
3462,rumah dijaga rukun tetangga warga jaga warga teman jaga teman bagus tito mantan polisi setuju polisi dibutuhkan untunglah kabinet gemoy sosok anarcoesque,anarcoesque,PER,3845
3469,laporan berita terkini polisi militer nepal terlibat mengatasi protes antikorupsi bentrokan menewaskan orang insiden pengejaran menteri keuangan bishnu paudel sungai massa berhasil mengalahkan,bishnu paudel sungai massa,PER,3853
3474,ayu azhari kesal kelakuan anaknya laporin anaknya polisi sial umur,ayu azhari,PER,3858
3478,intine mlebu polisitni ora nyogok kui sing brantaswong ws banyakan nyogok,ws,PER,3862
3480,neo orba semangkin delpedro ferry irwandy tempo berhak mengeluarkan pendapat perbolehkan undang undang mengkritik berbeda pendapat tni sorry if already posted sorry if already posted adukan polisi tni cengeng,delpedro,PER,3864
3480,neo orba semangkin delpedro ferry irwandy tempo berhak mengeluarkan pendapat perbolehkan undang undang mengkritik berbeda pendapat tni sorry if already posted sorry if already posted adukan polisi tni cengeng,ferry irwandy,PER,3864
3480,neo orba semangkin delpedro ferry irwandy tempo berhak mengeluarkan pendapat perbolehkan undang undang mengkritik berbeda pendapat tni sorry if already posted sorry if already posted adukan polisi tni cengeng,tempo,ORG,3864
3484,kwimurwa kwa gare nyanza kicukiro imwe multi user mpinduka ziteganyijwe multi user gihe rwanda ruzaba rwakiriye shampiyona yisi yamagare umuvugizi polisi hey you rwanda automatic colt pistol boniface rutikanga yasobanuye bitewe idiot abasiganwa bazanyura gare nyanza kicukiro izimurirwa,kwimurwa kwa gare,PER,3868
3484,kwimurwa kwa gare nyanza kicukiro imwe multi user mpinduka ziteganyijwe multi user gihe rwanda ruzaba rwakiriye shampiyona yisi yamagare umuvugizi polisi hey you rwanda automatic colt pistol boniface rutikanga yasobanuye bitewe idiot abasiganwa bazanyura gare nyanza kicukiro izimurirwa,nyanza kicukiro imwe,PER,3868
3484,kwimurwa kwa gare nyanza kicukiro imwe multi user mpinduka ziteganyijwe multi user gihe rwanda ruzaba rwakiriye shampiyona yisi yamagare umuvugizi polisi hey you rwanda automatic colt pistol boniface rutikanga yasobanuye bitewe idiot abasiganwa bazanyura gare nyanza kicukiro izimurirwa,mpinduka ziteganyijwe,PER,3868
3484,kwimurwa kwa gare nyanza kicukiro imwe multi user mpinduka ziteganyijwe multi user gihe rwanda ruzaba rwakiriye shampiyona yisi yamagare umuvugizi polisi hey you rwanda automatic colt pistol boniface rutikanga yasobanuye bitewe idiot abasiganwa bazanyura gare nyanza kicukiro izimurirwa,ruzaba rwakiriye shampiyona yisi yamagare umuvugizi,PER,3868
3484,kwimurwa kwa gare nyanza kicukiro imwe multi user mpinduka ziteganyijwe multi user gihe rwanda ruzaba rwakiriye shampiyona yisi yamagare umuvugizi polisi hey you rwanda automatic colt pistol boniface rutikanga yasobanuye bitewe idiot abasiganwa bazanyura gare nyanza kicukiro izimurirwa,rutikanga yasobanuye bitewe idiot abasiganwa bazanyura gar,PER,3868
3484,kwimurwa kwa gare nyanza kicukiro imwe multi user mpinduka ziteganyijwe multi user gihe rwanda ruzaba rwakiriye shampiyona yisi yamagare umuvugizi polisi hey you rwanda automatic colt pistol boniface rutikanga yasobanuye bitewe idiot abasiganwa bazanyura gare nyanza kicukiro izimurirwa,nyanza kicukiro izimurirwa,PER,3868
3486,kapolres nunukan klarifikasi isu polisi narkoba diduga bebas jakarta kapolres nunukan akbp bonifasius rumbewas mengklarifikasi kabar terkait anggota polisi terjerat narkoba bebas tahanan kabar ramai dibicarakan media sosia,akbp bonifasius rumbewas,PER,3871
3495,kantor polisi berjalan cepat yesaya mengejar penerbangan menunggunya tombol percepatan seoul aman orang gila,yesaya,PER,3880
3497,thinking yasudah biarkan polisi tidur nilang,yasudah,PER,3882
3499,simpang jl husband over shoulder cokroaminoto rabu sore panit lantas polsektegalrejo aiptu hadi suryanto hadir pelayanan masyarakat kehadiran polisi lintas bertujuan membantu paralytic pengguna jalan aktivitas sore berjalan lancar,aiptu hadi suryanto,PER,3884
3501,polisi menetapkan identity pelaku pembunuhan kusmawati ditemukan selokan motifnya cekcok diajak menonton via,kusmawati,PER,3887
3512,takriban watu wameuawa nchini nepali wakati mapambano kati polisi waandamanaji ambao waliochoma majengo kadhaa ikiwemo bunge majengo kadhaa serikali vyama vya siasa maandamano hey you yalifikia kilele baada serikali nchi hiyo kuzima mitandao,takriban watu wameuawa,PER,3900
3512,takriban watu wameuawa nchini nepali wakati mapambano kati polisi waandamanaji ambao waliochoma majengo kadhaa ikiwemo bunge majengo kadhaa serikali vyama vya siasa maandamano hey you yalifikia kilele baada serikali nchi hiyo kuzima mitandao,wakati,PER,3900
3512,takriban watu wameuawa nchini nepali wakati mapambano kati polisi waandamanaji ambao waliochoma majengo kadhaa ikiwemo bunge majengo kadhaa serikali vyama vya siasa maandamano hey you yalifikia kilele baada serikali nchi hiyo kuzima mitandao,waandamanaji,PER,3900
3512,takriban watu wameuawa nchini nepali wakati mapambano kati polisi waandamanaji ambao waliochoma majengo kadhaa ikiwemo bunge majengo kadhaa serikali vyama vya siasa maandamano hey you yalifikia kilele baada serikali nchi hiyo kuzima mitandao,ambao waliochoma,PER,3900
3512,takriban watu wameuawa nchini nepali wakati mapambano kati polisi waandamanaji ambao waliochoma majengo kadhaa ikiwemo bunge majengo kadhaa serikali vyama vya siasa maandamano hey you yalifikia kilele baada serikali nchi hiyo kuzima mitandao,vya siasa maandamano,PER,3900
3531,wimbi cantonese exclamation utekaji mauaji linalohusishwa abdul ameir mtoto rais samia linazidi kushamiri huku polisi vyombo vingine vya dola vikiwa vimepigwa butwaa kweli ibuprofen mwana wako juu sheria hii stop it tena demokrasia utawala kifalme unaotawala kwa hofu,##ekaji mauaji,PER,3921
3531,wimbi cantonese exclamation utekaji mauaji linalohusishwa abdul ameir mtoto rais samia linazidi kushamiri huku polisi vyombo vingine vya dola vikiwa vimepigwa butwaa kweli ibuprofen mwana wako juu sheria hii stop it tena demokrasia utawala kifalme unaotawala kwa hofu,linalohusishwa abdul ameir mtoto rais samia linazidi kushamiri,PER,3921
3531,wimbi cantonese exclamation utekaji mauaji linalohusishwa abdul ameir mtoto rais samia linazidi kushamiri huku polisi vyombo vingine vya dola vikiwa vimepigwa butwaa kweli ibuprofen mwana wako juu sheria hii stop it tena demokrasia utawala kifalme unaotawala kwa hofu,vyombo vingine vya dola vikiwa vimepigwa butwaa kweli ibuprofen mwana wako juu,PER,3921
3531,wimbi cantonese exclamation utekaji mauaji linalohusishwa abdul ameir mtoto rais samia linazidi kushamiri huku polisi vyombo vingine vya dola vikiwa vimepigwa butwaa kweli ibuprofen mwana wako juu sheria hii stop it tena demokrasia utawala kifalme unaotawala kwa hofu,sheria hii,PER,3921
3531,wimbi cantonese exclamation utekaji mauaji linalohusishwa abdul ameir mtoto rais samia linazidi kushamiri huku polisi vyombo vingine vya dola vikiwa vimepigwa butwaa kweli ibuprofen mwana wako juu sheria hii stop it tena demokrasia utawala kifalme unaotawala kwa hofu,utawala kifalme unaotawala kwa hofu,PER,3921
3540,bado polisi kila siku wanasema bado uchunguzi unaendelea,wanasema,PER,3930
3540,bado polisi kila siku wanasema bado uchunguzi unaendelea,bado uchunguzi unaendelea,PER,3930
3542,berdasarkan laporan sumber times india ndtv tuduhan pemerkosaan protes kathmandu polisi pasukan keamanan demonstran bukti pendemo pemerkosaan situasi berkembang,times india,ORG,3932
3542,berdasarkan laporan sumber times india ndtv tuduhan pemerkosaan protes kathmandu polisi pasukan keamanan demonstran bukti pendemo pemerkosaan situasi berkembang,ndtv,ORG,3932
3544,princess dibonceng balapan date ringroad dikejar polisi bareng romantis,princess,PER,3934
3546,laporan british broadcasting corporation reuters alcohol jazeera kerusuhan antikorupsi nepal masif polisi kewalahan flatulence blanked mata kekerasan cegah serangan menteri vishnu paudel massa membeludak melanggar,british broadcasting corporation,ORG,3936
3546,laporan british broadcasting corporation reuters alcohol jazeera kerusuhan antikorupsi nepal masif polisi kewalahan flatulence blanked mata kekerasan cegah serangan menteri vishnu paudel massa membeludak melanggar,vishnu paudel,PER,3936
3549,kremy melaporkan lisa polisi menang vmas kemarin,kremy,PER,3939
3549,kremy melaporkan lisa polisi menang vmas kemarin,lisa,PER,3939
3550,in your opinion polisi ifite ubuswa bwinshi cyane ku buryo abantu bari multi user mapingu babatoroka bakifashisha kubarasa bagapfa ibiswa ntangarugero ku isi hey you mafranga training aba apfuye ubusa,ifite,PER,3940
3552,namgil ju jihoon benarbenar mabuk laporan masuk manamana zozazz dimana namgil kantor polisi namgil suka bercanda laporan masuk kantor polisi relating to wealth and class tolong,namgil ju jihoon,PER,3942
3552,namgil ju jihoon benarbenar mabuk laporan masuk manamana zozazz dimana namgil kantor polisi namgil suka bercanda laporan masuk kantor polisi relating to wealth and class tolong,zozazz,PER,3942
3559,umuvugizi polisi hey you rwanda automatic colt pistol boniface rutikanga yasabye abanyarwanda kubahiriza amabwiriza ingendo ateganyijwe multi user gihe rwanda ruzaba rwakiriye shampiyona yisi yamagare ndetse no offence gushyigikira abakinnyi bazayitabira rbaamakuru kigali2025,umuvugizi,PER,3950
3559,umuvugizi polisi hey you rwanda automatic colt pistol boniface rutikanga yasabye abanyarwanda kubahiriza amabwiriza ingendo ateganyijwe multi user gihe rwanda ruzaba rwakiriye shampiyona yisi yamagare ndetse no offence gushyigikira abakinnyi bazayitabira rbaamakuru kigali2025,rutikanga yasabye abanyarwanda kubahiriza amabwiriza ingendo ateganyijwe,PER,3950
3559,umuvugizi polisi hey you rwanda automatic colt pistol boniface rutikanga yasabye abanyarwanda kubahiriza amabwiriza ingendo ateganyijwe multi user gihe rwanda ruzaba rwakiriye shampiyona yisi yamagare ndetse no offence gushyigikira abakinnyi bazayitabira rbaamakuru kigali2025,ruzaba rwakiriye shampiyona yisi yamagare ndets,PER,3950
3559,umuvugizi polisi hey you rwanda automatic colt pistol boniface rutikanga yasabye abanyarwanda kubahiriza amabwiriza ingendo ateganyijwe multi user gihe rwanda ruzaba rwakiriye shampiyona yisi yamagare ndetse no offence gushyigikira abakinnyi bazayitabira rbaamakuru kigali2025,gushyigikira abakinnyi,PER,3950
3564,akok dientotin polisi tni chatseks cdermontok,akok diento,PER,3955
3564,akok dientotin polisi tni chatseks cdermontok,chatseks cdermontok,PER,3955
3569,kerusuhan nepal september dipimpin genz protes korupsi kebijakan pemerintah dipicu posting media sosial anak pejabat flexing kemewahan berujung pembakaran gedung parlemen rumah pm bentrokan polisi pm korean pride sharma oli mundur,pride,PER,3960
3569,kerusuhan nepal september dipimpin genz protes korupsi kebijakan pemerintah dipicu posting media sosial anak pejabat flexing kemewahan berujung pembakaran gedung parlemen rumah pm bentrokan polisi pm korean pride sharma oli mundur,sharma oli,PER,3960
3573,ukuntu abantu babifashe idiot ubuzima butazakomeza muri kigali umuvugizi polisi hey you rwanda automatic colt pistol boniface rutikanga yasabye abanyarwanda kubahiriza amabwiriza ingendo ateganyijwe multi user gihe rwanda ruzaba rwakiriye shampiyona yisi yamagare ndetse no offence gushyigikira,ukuntu abantu babifashe,PER,3965
3573,ukuntu abantu babifashe idiot ubuzima butazakomeza muri kigali umuvugizi polisi hey you rwanda automatic colt pistol boniface rutikanga yasabye abanyarwanda kubahiriza amabwiriza ingendo ateganyijwe multi user gihe rwanda ruzaba rwakiriye shampiyona yisi yamagare ndetse no offence gushyigikira,idiot ubuzima butazakomeza muri kigali umuvugizi,PER,3965
3573,ukuntu abantu babifashe idiot ubuzima butazakomeza muri kigali umuvugizi polisi hey you rwanda automatic colt pistol boniface rutikanga yasabye abanyarwanda kubahiriza amabwiriza ingendo ateganyijwe multi user gihe rwanda ruzaba rwakiriye shampiyona yisi yamagare ndetse no offence gushyigikira,rutikanga yasabye abanyarwanda kubahiriza amabwiriza ingendo ateganyijwe,PER,3965
3573,ukuntu abantu babifashe idiot ubuzima butazakomeza muri kigali umuvugizi polisi hey you rwanda automatic colt pistol boniface rutikanga yasabye abanyarwanda kubahiriza amabwiriza ingendo ateganyijwe multi user gihe rwanda ruzaba rwakiriye shampiyona yisi yamagare ndetse no offence gushyigikira,ruzaba rwakiriye shampiyona yisi yamagare ndets,PER,3965
3573,ukuntu abantu babifashe idiot ubuzima butazakomeza muri kigali umuvugizi polisi hey you rwanda automatic colt pistol boniface rutikanga yasabye abanyarwanda kubahiriza amabwiriza ingendo ateganyijwe multi user gihe rwanda ruzaba rwakiriye shampiyona yisi yamagare ndetse no offence gushyigikira,gushyigikira,PER,3965
3577,lupa polisi nabokin mahasiswa naikin pangkatnya amne,amne,PER,3971
3580,niat satsiber mabes tni polisikan ferry irwandi herman khaeron ingatkan polisi caricari kesalahan,ferry irwandi herman khaeron,PER,3974
3584,polisi menangkap delpedro memalukan aktivis tangkap mengkoreksi pemerintahera prabowo soeharto,delpedro,PER,3978
3584,polisi menangkap delpedro memalukan aktivis tangkap mengkoreksi pemerintahera prabowo soeharto,prabowo soeharto,PER,3978
3586,mara nyingi watu wamekamatwa polisi kuletwa dar kufunguliwa mashtaka kinyume yes sheria imekua hello cantonese exclamation kawaida law enforcement officer tunajua kisutu versus mbinga polisi dpp walikuwa hawajui hii sheria kuwa unashitakiwa unapokamatiwa,sheria imekua,PER,3980
3586,mara nyingi watu wamekamatwa polisi kuletwa dar kufunguliwa mashtaka kinyume yes sheria imekua hello cantonese exclamation kawaida law enforcement officer tunajua kisutu versus mbinga polisi dpp walikuwa hawajui hii sheria kuwa unashitakiwa unapokamatiwa,kawaida,PER,3980
3586,mara nyingi watu wamekamatwa polisi kuletwa dar kufunguliwa mashtaka kinyume yes sheria imekua hello cantonese exclamation kawaida law enforcement officer tunajua kisutu versus mbinga polisi dpp walikuwa hawajui hii sheria kuwa unashitakiwa unapokamatiwa,tunajua kisutu,PER,3980
3586,mara nyingi watu wamekamatwa polisi kuletwa dar kufunguliwa mashtaka kinyume yes sheria imekua hello cantonese exclamation kawaida law enforcement officer tunajua kisutu versus mbinga polisi dpp walikuwa hawajui hii sheria kuwa unashitakiwa unapokamatiwa,mbinga,PER,3980
3586,mara nyingi watu wamekamatwa polisi kuletwa dar kufunguliwa mashtaka kinyume yes sheria imekua hello cantonese exclamation kawaida law enforcement officer tunajua kisutu versus mbinga polisi dpp walikuwa hawajui hii sheria kuwa unashitakiwa unapokamatiwa,hii sheria kuwa,PER,3980
3587,gamma polisi ilangin bukti closed-circuit television pagi kejadian lolos berhasil diamankan hukum keluarga gamma,gamma,PER,3981
3590,direktur lokataru foundation delpedro marhaen ditahan polisi imbas aksi demo ricuh gedung dpr jakarta keluarga aktivis details in thread tahti polda metro jaya menjenguknya ibunda delpedro magda antista menjenguk anaknya menangis pelukan pakar,direktur lokataru foundation,ORG,3984
3590,direktur lokataru foundation delpedro marhaen ditahan polisi imbas aksi demo ricuh gedung dpr jakarta keluarga aktivis details in thread tahti polda metro jaya menjenguknya ibunda delpedro magda antista menjenguk anaknya menangis pelukan pakar,delpedro marhaen,PER,3984
3590,direktur lokataru foundation delpedro marhaen ditahan polisi imbas aksi demo ricuh gedung dpr jakarta keluarga aktivis details in thread tahti polda metro jaya menjenguknya ibunda delpedro magda antista menjenguk anaknya menangis pelukan pakar,delpedro magda antista,PER,3984
3592,kantor hamas target idf terletak kompleks perumahan terpencil dijaga ketat polisi qatar lokasinya meter markas menteri pertahanan qatar istana diwan amplifier pangkalan udara doha menampung baterai pertahanan udara,kantor hamas target idf,ORG,3986
3598,gusti ayu polisi tni indonesia gaplok orang lapor polisi tni,gusti ayu,PER,3992
3600,tni mempolisikan ferry irwandi dugaan tindak pidana berpotensi merusak citra tni memecah belah masyarakat tni berkonsultasi polisi terkait langkah hukum diambil sesuai putusan mm ok pencemaran nama ferry sorry if already posted menghadapi,ferry irwandi,PER,3994
3600,tni mempolisikan ferry irwandi dugaan tindak pidana berpotensi merusak citra tni memecah belah masyarakat tni berkonsultasi polisi terkait langkah hukum diambil sesuai putusan mm ok pencemaran nama ferry sorry if already posted menghadapi,mm ok,PER,3994
3600,tni mempolisikan ferry irwandi dugaan tindak pidana berpotensi merusak citra tni memecah belah masyarakat tni berkonsultasi polisi terkait langkah hukum diambil sesuai putusan mm ok pencemaran nama ferry sorry if already posted menghadapi,ferry,PER,3994
3614,zamani tulikuwa tunakimbilia polisi ndugu zetu wakipotea law enforcement officer hii raia inabidi tujilinde kupaza sauti mwenzetu akipotea huyu nguvu kazi taifa letu gratis,zamani tulikuwa,PER,4008
3614,zamani tulikuwa tunakimbilia polisi ndugu zetu wakipotea law enforcement officer hii raia inabidi tujilinde kupaza sauti mwenzetu akipotea huyu nguvu kazi taifa letu gratis,zetu wakipotea,PER,4008
3614,zamani tulikuwa tunakimbilia polisi ndugu zetu wakipotea law enforcement officer hii raia inabidi tujilinde kupaza sauti mwenzetu akipotea huyu nguvu kazi taifa letu gratis,hii raia inabidi,PER,4008
3614,zamani tulikuwa tunakimbilia polisi ndugu zetu wakipotea law enforcement officer hii raia inabidi tujilinde kupaza sauti mwenzetu akipotea huyu nguvu kazi taifa letu gratis,tujilinde,PER,4008
3614,zamani tulikuwa tunakimbilia polisi ndugu zetu wakipotea law enforcement officer hii raia inabidi tujilinde kupaza sauti mwenzetu akipotea huyu nguvu kazi taifa letu gratis,kupaza sauti mwenzetu akipotea,PER,4008
3619,bentuk frustrasi netizen dugaan kelalaian polisi bercanda lapor damkar damkar tugasnya memadamkan application programming interface penyelamatan tangani kriminal lapor polisi propam investigasi,damkar damkar,PER,4013
3624,iri kemarin ditolak polisi,iri,PER,4018
3634,kuvunja vikwazo akiwa miaka pekee mariam mwajunga ndiye mkufunzi pekee mwanamke sanaa pizza mapigano katika chuo yes polisi dsm anawafundisha maafisa wakuu mbinu pizza kujilinda zinazookoa maisha akithibitisha wanawake wanaweza kuongoza kwenye usalama,kuvunja,PER,4028
3634,kuvunja vikwazo akiwa miaka pekee mariam mwajunga ndiye mkufunzi pekee mwanamke sanaa pizza mapigano katika chuo yes polisi dsm anawafundisha maafisa wakuu mbinu pizza kujilinda zinazookoa maisha akithibitisha wanawake wanaweza kuongoza kwenye usalama,vikwazo akiwa miaka,PER,4028
3634,kuvunja vikwazo akiwa miaka pekee mariam mwajunga ndiye mkufunzi pekee mwanamke sanaa pizza mapigano katika chuo yes polisi dsm anawafundisha maafisa wakuu mbinu pizza kujilinda zinazookoa maisha akithibitisha wanawake wanaweza kuongoza kwenye usalama,anawafundisha,PER,4028
3634,kuvunja vikwazo akiwa miaka pekee mariam mwajunga ndiye mkufunzi pekee mwanamke sanaa pizza mapigano katika chuo yes polisi dsm anawafundisha maafisa wakuu mbinu pizza kujilinda zinazookoa maisha akithibitisha wanawake wanaweza kuongoza kwenye usalama,zinazookoa,PER,4028
3636,polisi memanggil stop it budi pengakuan stop it budi media stop it budi orang judol,budi,PER,4030
3636,polisi memanggil stop it budi pengakuan stop it budi media stop it budi orang judol,budi,PER,4030
3636,polisi memanggil stop it budi pengakuan stop it budi media stop it budi orang judol,budi,PER,4030
3637,triggering kakak ferry ngontenin cuplikan polisi nangkep oknum perusuh anggota tni diskusi salahsatu acara tv bahas mencoba merkarain balasan emosi evaluasi anggota,ferry ngontenin,PER,4031
3640,utanikuta mixed race kituo yes polisi mapokezi usipokuja nitakufata hapo kazini kwako yasemekana yakwamba unauza kopa kinyume sheria,hapo kazini,PER,4034
3640,utanikuta mixed race kituo yes polisi mapokezi usipokuja nitakufata hapo kazini kwako yasemekana yakwamba unauza kopa kinyume sheria,kinyume sheria,PER,4034
3651,warga negara mengkerutkan dahi membaca berita tni berkonsultasi polisi pencemaran nama institusi ferry irwandi mm ok institusi pelaporan pencemaran nama,ferry irwandi mm,PER,4046
3668,kakak wapres gibranini polisi cocok jaga pos rondasegera dimutasi pos ronda indonesiabangke,gibrani,PER,4066
3670,teman jujur kehilangan berbentuk lapor polisi penyidikan biayanya,jujur,PER,4069
3671,laporan polisi doj motif penikaman iryna zarutska decarlos dejuan heroin jr diungkap resmi insiden acak heroin menikamnya kereta ringan charlotte agustus heroin riwayat kriminal kekerasan,iryna zarutska,PER,4070
3672,tni melaporkan ferry irwandi polisi thinking something smells fishy,ferry irwandi,PER,4071
3674,berdasarkan laporan terkini freedom house guardian sumber bukti korupsi sistemik pemerintahan indonesia dpr tunjangan mewah picu protes polisi suap luas undangundang kurangi pengawasan peradilan suap hakim,freedom house guardian,ORG,4073
3675,bentrok massa seru in the style of film action indonesia bikin lintas macet amplifier polisi sibuk sumber detik amplifier kompas bayangkan bentrok extremely awesome,detik amplifier kompas,ORG,4074
3676,menko kumham imipas yusril ihza mahendra buka suara dansatsiber mabes tni brigjen sembiring melaporkan ferry irwandi polisi ferryirwandi via,imipas,PER,4075
3676,menko kumham imipas yusril ihza mahendra buka suara dansatsiber mabes tni brigjen sembiring melaporkan ferry irwandi polisi ferryirwandi via,yusril ihza mahendra,PER,4075
3676,menko kumham imipas yusril ihza mahendra buka suara dansatsiber mabes tni brigjen sembiring melaporkan ferry irwandi polisi ferryirwandi via,brigjen sembiring,PER,4075
3676,menko kumham imipas yusril ihza mahendra buka suara dansatsiber mabes tni brigjen sembiring melaporkan ferry irwandi polisi ferryirwandi via,ferry irwandi,PER,4075
3676,menko kumham imipas yusril ihza mahendra buka suara dansatsiber mabes tni brigjen sembiring melaporkan ferry irwandi polisi ferryirwandi via,polisi ferryirwandi,PER,4075
3677,lulusan mendidik brantas anak titipan lulusan polisi sogokan,brantas,PER,4077
3678,polisi kilogram jane paham resident advisor nek dadi sorotan,jane,PER,4079
3678,polisi kilogram jane paham resident advisor nek dadi sorotan,nek dadi,PER,4079
3681,protes nepal september dipicu gerakan antikorupsi information marah larangan media sosial pemerintah pm oli membungkam kritik eskalasi kekerasan gedung parlemen dibakar menteri keuangan dikejar sungai polisi menyerah,pm oli,PER,4083
3684,tweetmu ideologi antiotoriter kritis penindasan pemerintahpolisi mendukung hugs and kisses buruh kebebasan sipil libertarian kiri progresif negara cocok belanda kebebasan berpendapat korupsi rendah sistem,hugs,PER,4086
3684,tweetmu ideologi antiotoriter kritis penindasan pemerintahpolisi mendukung hugs and kisses buruh kebebasan sipil libertarian kiri progresif negara cocok belanda kebebasan berpendapat korupsi rendah sistem,kisses,PER,4086
3702,polisi sarjana integrated development environment munduryg lulusan sweet dreams biar brutal namanya anak esde kali baca integrated development environment dpr masuk akal lanjutkan,integrated development environment,ORG,4106
3704,susah indonesia militer polisi dua-duanya dipegang kuat prabsky teman,prabsky,PER,4108
3708,negara polisi patuh korup rezim apapun patuh atasan lindas tembak diarahin rakyat,lindas,PER,4112
3718,nepalesegenzprotest other half aparat menjalankan tugas mestinya polisi tentara pemetaannya,nepalesegenzprotes,ORG,4122
3723,lomba polisi cilik tingkat jawa digelar rangka hut ke70 lintas bhayangkara atrium park mall semarang rabu bupati kudus stop annoying me ani intakoris hadir langsung dukungan paralytic polisi cilik,ani intakoris,PER,4128
3732,taehyun kasih suhyeon kecelakaan telfon polisi suruh telfon asuransi,taehyun kasih suhyeon,PER,4139
3733,polisi pesenan jokontol tengik,jokontol tengik,PER,4140
3737,polda jateng kematian iko juliant junior murni akibat kecelakaan lintas berdasarkan closed-circuit television bukti rekaman closed-circuit television dipublikasikan keluarga alumni unnes mendesak rilis transparansi polisi alasan resmi bantu cari,iko juliant junior,PER,4144
3748,menanamkan kamtibmas polisi sambang sekolah dasar bhabinkamtibmas polsek tangerang aipda tarmuji melaksanakan kegiatan sambang sdn tanah kesempatan petugas menyapa berdialog santai paralytic siswa sembari pesanpesan,aipda tarmuji,PER,4157
3750,simak brother bukanya membela polisinya korban motornya tahan polisi motor tahan barbuk,brother bukanya,PER,4159
3750,simak brother bukanya membela polisinya korban motornya tahan polisi motor tahan barbuk,barbuk,PER,4159
3757,jokowi luhut prabowo budi polisi,jokowi,PER,4166
3757,jokowi luhut prabowo budi polisi,luhut prabowo,PER,4166
3758,dasco koordinasi polisi bebaskan pedemo ditangkap rabu purbaya sore,dasco,PER,4167
3759,video polisi kerahkan personel amankan laga persib versus persebaya,persib,ORG,4168
3759,video polisi kerahkan personel amankan laga persib versus persebaya,persebaya,ORG,4168
3761,love lapor polisi mendengarkan mengomong mending mendengarkan polisi tawa berlebihan tni dpr pokoknya pemerintahan dipercaya diberakin oknum oknum merusak kepercayaan masyarakat akarnya,love,PER,4170
3762,demonstran antipemerintah menyerbu gedung pemerintah kantor polisi kathmandu paralytic demonstran menyita peluncur granat webley amplifier scott schermuly 37mm senapan single lens reflex l1a1 pasukan keamanan,scott schermuly,PER,4171
3764,mental polisi berasa hakim ditempat hugs and kisses langsung memutuskan keadilan bersengketa,hugs and kisses,PER,4173
3766,status genre action politics romance agent rahasia jonathan rekannya nyulik laura pacarnya polisi jeffrey jeffrey berusaha mencari laura memecahkan terikat keluarga lawrenc toxic,jonathan,PER,4175
3766,status genre action politics romance agent rahasia jonathan rekannya nyulik laura pacarnya polisi jeffrey jeffrey berusaha mencari laura memecahkan terikat keluarga lawrenc toxic,nyulik,PER,4175
3766,status genre action politics romance agent rahasia jonathan rekannya nyulik laura pacarnya polisi jeffrey jeffrey berusaha mencari laura memecahkan terikat keluarga lawrenc toxic,laura,PER,4175
3766,status genre action politics romance agent rahasia jonathan rekannya nyulik laura pacarnya polisi jeffrey jeffrey berusaha mencari laura memecahkan terikat keluarga lawrenc toxic,jeffrey jeffrey,PER,4175
3766,status genre action politics romance agent rahasia jonathan rekannya nyulik laura pacarnya polisi jeffrey jeffrey berusaha mencari laura memecahkan terikat keluarga lawrenc toxic,laura,PER,4175
3771,polisi menjatuhkan pidana orang melindas pelaku melindas affan fatia ditemui menjenguk delpedro polda metro jaya rabu baca selengkapnya laugh loudly kasusdelpedro aktivisham,affan fatia,PER,4180
3771,polisi menjatuhkan pidana orang melindas pelaku melindas affan fatia ditemui menjenguk delpedro polda metro jaya rabu baca selengkapnya laugh loudly kasusdelpedro aktivisham,##delpedro,PER,4180
3782,sidhan kama polisi huko fomu fo sasa njo nchii kusadikika,sidhan kama,PER,4192
3782,sidhan kama polisi huko fomu fo sasa njo nchii kusadikika,njo nchii kusadikika,PER,4192
3800,uchunguzi mauaji wakili polisi waendeleza uchunguzi mauaji wakili mbobu kufikia sasa hakuna habari kuhusu washukiwa kukamatwa semanacitizen,uchunguzi mauaji,PER,4212
3800,uchunguzi mauaji wakili polisi waendeleza uchunguzi mauaji wakili mbobu kufikia sasa hakuna habari kuhusu washukiwa kukamatwa semanacitizen,waendeleza,PER,4212
3800,uchunguzi mauaji wakili polisi waendeleza uchunguzi mauaji wakili mbobu kufikia sasa hakuna habari kuhusu washukiwa kukamatwa semanacitizen,uchunguzi mauaji,PER,4212
3800,uchunguzi mauaji wakili polisi waendeleza uchunguzi mauaji wakili mbobu kufikia sasa hakuna habari kuhusu washukiwa kukamatwa semanacitizen,kufikia sasa hakuna habari kuhusu washukiwa kukamatwa,PER,4212
3803,malas komen ngedit pakai artificial intelligence tiktok polisi artificial intelligence tidak tahu bebal coba effort dikit ngedit pakai picsartcanva editan disangka ril,malas,PER,4216
3805,demo sechaos nepal bakar rumah pm kibarin bendera gun indonesia rame lihat sejarah reformasi demo omnibus law libatkan ribuan sumber british broadcasting corporation amplifier kompas risikonya berujung bentrok polisi,british broadcasting corporation,ORG,4219
3816,video viral tunjukkan oknum polisi polsek cikarang diduga menolak proses hukum pelaku curanmor diserahkan warga baca selengkapnya oknum polisi cikarang rabu purbaya bali menpora mcdonald smboycottgenocide,rabu,PER,4231
3821,isi chat bikin evan bebas pembunuhan keluarga polisi masuk jebakan,evan,PER,4236
3826,polisi amankan orang diduga pelaku kerusuhan pengrusakan dprd kota madiun beritaterkini beritaviral kabarterbaru klikwarta news beritanasional,##terkini beritaviral kabarterbaru klikwarta news beritanasional,ORG,4241
3827,statement soleman ponto ngeri menyebut bagus dansat siber tni lapor polisi coba ambil jalan jalan pintas repot maksudnya jalan diculik parcok aryanto sutadi parjo soleman ponto,soleman ponto,PER,4242
3827,statement soleman ponto ngeri menyebut bagus dansat siber tni lapor polisi coba ambil jalan jalan pintas repot maksudnya jalan diculik parcok aryanto sutadi parjo soleman ponto,parcok,PER,4242
3827,statement soleman ponto ngeri menyebut bagus dansat siber tni lapor polisi coba ambil jalan jalan pintas repot maksudnya jalan diculik parcok aryanto sutadi parjo soleman ponto,aryanto sutadi,PER,4242
3827,statement soleman ponto ngeri menyebut bagus dansat siber tni lapor polisi coba ambil jalan jalan pintas repot maksudnya jalan diculik parcok aryanto sutadi parjo soleman ponto,parjo soleman ponto,PER,4242
3831,sulit mencernanya polisi bilang ijasah asli alasan keterangan didpn awak media dirtipidum menampilkan ijasahnya fisik foto barang buktinya berbentuk fisik,dirtipidum,ORG,4247
3832,polisi bunuh affan menjalani perintah nembakin flatulence blanked mata kanjuruhan nyawa hilang menjalani perintah,affan,PER,4249
3832,polisi bunuh affan menjalani perintah nembakin flatulence blanked mata kanjuruhan nyawa hilang menjalani perintah,kanjuruhan,PER,4249
3839,polda kepulauan maluku turunkan polisi menjaga keamanan negeri gubernur maluku kapolda maluku pangdam patimura warga serahkan hukum negara,pangdam patimura,PER,4256
3848,polisi menyelamatkan jody menangkap jeff cerita ruang sidang sang gary plauch menyimpan luka maret bandara baton rouge jeff dikawal polisi amplifier disiarkan televisi,jody,PER,4265
3848,polisi menyelamatkan jody menangkap jeff cerita ruang sidang sang gary plauch menyimpan luka maret bandara baton rouge jeff dikawal polisi amplifier disiarkan televisi,jeff,PER,4265
3848,polisi menyelamatkan jody menangkap jeff cerita ruang sidang sang gary plauch menyimpan luka maret bandara baton rouge jeff dikawal polisi amplifier disiarkan televisi,gary plauch,PER,4265
3848,polisi menyelamatkan jody menangkap jeff cerita ruang sidang sang gary plauch menyimpan luka maret bandara baton rouge jeff dikawal polisi amplifier disiarkan televisi,jeff,PER,4265
3865,bentuk penghargaan dedikasi pengorbanan mengamankan aksi unjuk berujung ricuh agustus kapolri jenderal listyo sigit prabowo kenaikan pangkat anggota polisi terluka berat upacara,jenderal listyo sigit prabowo,PER,4286
3869,beda kakak battlehardened pulih perang saudara dekade rakyatnya senpi laras polisitentara rakyat kemarin rakyat penonton,battlehardened,PER,4290
3870,imewachukua vijana nepal masaa kupata uhuru wow kuondoa serikali isiyowajibika madarakani mwanzo polisi walitumia amri mabomu risasi kuzima mitandao sasahivi waziri mkuu yuko mafichoni mke wake marehemu umma una nguvu ukiamua,imewachukua,PER,4291
3870,imewachukua vijana nepal masaa kupata uhuru wow kuondoa serikali isiyowajibika madarakani mwanzo polisi walitumia amri mabomu risasi kuzima mitandao sasahivi waziri mkuu yuko mafichoni mke wake marehemu umma una nguvu ukiamua,masaa kupata uhuru wow kuondoa,PER,4291
3870,imewachukua vijana nepal masaa kupata uhuru wow kuondoa serikali isiyowajibika madarakani mwanzo polisi walitumia amri mabomu risasi kuzima mitandao sasahivi waziri mkuu yuko mafichoni mke wake marehemu umma una nguvu ukiamua,walitumia amri mabomu risasi kuzima mitandao sasahivi waziri,PER,4291
3870,imewachukua vijana nepal masaa kupata uhuru wow kuondoa serikali isiyowajibika madarakani mwanzo polisi walitumia amri mabomu risasi kuzima mitandao sasahivi waziri mkuu yuko mafichoni mke wake marehemu umma una nguvu ukiamua,yuko mafichoni,PER,4291
3871,search engine optimization hyun woo memerankan polisi kocak berbakat aktingnya benaran bagus,search engine optimization,ORG,4292
3871,search engine optimization hyun woo memerankan polisi kocak berbakat aktingnya benaran bagus,hyun woo,PER,4292
3874,motif serangan diungkap resmi polisi insiden penikaman fatal iryna zarutska pengungsi ukraina kereta lynx sad a line of a powdered drug charlotte somebody else's problem pelaku decarlos heroin jr hitam riwayat kekerasan amplifier skizofrenia ditangkap amplifier,iryna zarutska,PER,4295
3876,old man keponakan diliatin polisi curiga pedo,dili,PER,4297
3876,old man keponakan diliatin polisi curiga pedo,ped,PER,4297
3890,working at home ijazah jokowi contoh konkrit konflik kritik laporan pencemaran nama berdasarkan update terbaru jokowi lapor polisi pemeriksaan saksi relative of yours suryo terpidana bambang tri bebas bersyarat uu sleep,jokowi,PER,4312
3890,working at home ijazah jokowi contoh konkrit konflik kritik laporan pencemaran nama berdasarkan update terbaru jokowi lapor polisi pemeriksaan saksi relative of yours suryo terpidana bambang tri bebas bersyarat uu sleep,jokowi,PER,4312
3890,working at home ijazah jokowi contoh konkrit konflik kritik laporan pencemaran nama berdasarkan update terbaru jokowi lapor polisi pemeriksaan saksi relative of yours suryo terpidana bambang tri bebas bersyarat uu sleep,suryo,PER,4312
3890,working at home ijazah jokowi contoh konkrit konflik kritik laporan pencemaran nama berdasarkan update terbaru jokowi lapor polisi pemeriksaan saksi relative of yours suryo terpidana bambang tri bebas bersyarat uu sleep,bambang tri,PER,4312
3893,untung pelakunya polisi anjing,untung,PER,4315
3900,viral warga bekasi serahkan pelaku curanmor kantor polisi oknum melepas,viral,PER,4324
3906,nadhani bado hawajui kuwa ccm yenyewe haina nguvu inapumulia mashine sasa hivi wahuni wanapanga kuanzia wabunge mpaka madiwani kura mwananchi haina maana tena kuna parrallel system hata polisi wako kama wamekufa watu wanakamatwa wanakuwa treated nje mfumo,nadhani bado hawajui,PER,4330
3906,nadhani bado hawajui kuwa ccm yenyewe haina nguvu inapumulia mashine sasa hivi wahuni wanapanga kuanzia wabunge mpaka madiwani kura mwananchi haina maana tena kuna parrallel system hata polisi wako kama wamekufa watu wanakamatwa wanakuwa treated nje mfumo,nje mfumo,PER,4330
3917,ibunya pembunuh berantai kdrama thriller terbaru bikin merinding polisi terpaksa bantuan ibunya stop it pembunuh mantis nangkap someone who copies someone else killer episode link queenmantis kdrama jangdongyoon kohyunjung,kdrama jangdongyoon kohyunjung,PER,4344
3920,anggota polisi odgj,odgj,PER,4347
3926,iko dibunuh polisi,iko,PER,4353
3937,yosua hutabarat dibantai polisi,yosua hutabarat,PER,4368
3943,sjw anjing that's ok aktivis antek asing tuntutan absurd nyata titipan asing terkait tni barak sjw paham tni turun aksi rusuh bubar berani lawannya tni lawan polisi berani,sj,PER,4375
3945,keterangan tersangka sabu miliki berasal remake menindaklanjuti informasi grup langsung bergerak cepat berhasil mengamankan remake wib wilayah simpang peut iptu,sabu,PER,4377
3948,hado polisi mnaoshika bunduki mnaogopa comments kuma nyoko zenu,kuma nyoko zenu,PER,4380
3949,sebentar kolega perawat ku gonta ganti polisi harry potter administrator on forum network etc,harry potter,PER,4381
3953,polisi tangkap orang berani nunjuk nunjuk presiden prabowo,prabowo,PER,4386
3960,korban iryna zarutska distab kali luka leher berdasarkan laporan polisi closed-circuit television,iryna zarutska,PER,4393
3960,korban iryna zarutska distab kali luka leher berdasarkan laporan polisi closed-circuit television,closed - circuit television,ORG,4393
3961,polisi tidak ada anjink,anjink,PER,4395
3962,kuna vikundi vya watu wanayafanya haya inaweza isiwe polisi kila tukio cantonese exclamation aina hii ila kwa jinsi inchi ilivyooza mtu yeyote anayeona ana nguvu kutenda haya anafanya akijua kabsa kelele zitakimbizwa polisi polisi walivyo ovyo kazi kutetea kuja maelezo kibao,kuna vikundi vya watu wanayafanya,PER,4397
3962,kuna vikundi vya watu wanayafanya haya inaweza isiwe polisi kila tukio cantonese exclamation aina hii ila kwa jinsi inchi ilivyooza mtu yeyote anayeona ana nguvu kutenda haya anafanya akijua kabsa kelele zitakimbizwa polisi polisi walivyo ovyo kazi kutetea kuja maelezo kibao,aina hii ila,PER,4397
3962,kuna vikundi vya watu wanayafanya haya inaweza isiwe polisi kila tukio cantonese exclamation aina hii ila kwa jinsi inchi ilivyooza mtu yeyote anayeona ana nguvu kutenda haya anafanya akijua kabsa kelele zitakimbizwa polisi polisi walivyo ovyo kazi kutetea kuja maelezo kibao,kwa jinsi,PER,4397
3962,kuna vikundi vya watu wanayafanya haya inaweza isiwe polisi kila tukio cantonese exclamation aina hii ila kwa jinsi inchi ilivyooza mtu yeyote anayeona ana nguvu kutenda haya anafanya akijua kabsa kelele zitakimbizwa polisi polisi walivyo ovyo kazi kutetea kuja maelezo kibao,ilivyooza mtu yeyote,PER,4397
3962,kuna vikundi vya watu wanayafanya haya inaweza isiwe polisi kila tukio cantonese exclamation aina hii ila kwa jinsi inchi ilivyooza mtu yeyote anayeona ana nguvu kutenda haya anafanya akijua kabsa kelele zitakimbizwa polisi polisi walivyo ovyo kazi kutetea kuja maelezo kibao,zitakimbizwa,PER,4397
3962,kuna vikundi vya watu wanayafanya haya inaweza isiwe polisi kila tukio cantonese exclamation aina hii ila kwa jinsi inchi ilivyooza mtu yeyote anayeona ana nguvu kutenda haya anafanya akijua kabsa kelele zitakimbizwa polisi polisi walivyo ovyo kazi kutetea kuja maelezo kibao,walivyo ovyo kazi kutetea kuja maelezo kibao,PER,4397
3970,diduga edarkan sabu pria warga tantaringin diamankan polisi tabalong polres tabalong sibling alert warga desa tantaringin kecamatan muara diamankan terkait peredaran narkotika golongan tanaman jenis sabu,sibling alert,PER,4405
3978,kwamba marehemu alienda kwenye media take out gunia akaingia kwenye mfuko akaufunga akaanguka kifafa akaanguka mtoni yaani polisi hivi vituko mlizaliwa mliokotwa nyie yaani mnapelekaje publik statement kama hiyo iliyojaa maswali mengi jeshi limeodhiwa mtu m1 bye watz tena,kwamba marehemu alienda kwenye,PER,4413
3978,kwamba marehemu alienda kwenye media take out gunia akaingia kwenye mfuko akaufunga akaanguka kifafa akaanguka mtoni yaani polisi hivi vituko mlizaliwa mliokotwa nyie yaani mnapelekaje publik statement kama hiyo iliyojaa maswali mengi jeshi limeodhiwa mtu m1 bye watz tena,akaingia kwenye mfuko akaufunga akaanguka kifafa akaanguka mtoni yaani polisi hivi vituko mlizaliwa mliokotwa nyie yaani,PER,4413
3978,kwamba marehemu alienda kwenye media take out gunia akaingia kwenye mfuko akaufunga akaanguka kifafa akaanguka mtoni yaani polisi hivi vituko mlizaliwa mliokotwa nyie yaani mnapelekaje publik statement kama hiyo iliyojaa maswali mengi jeshi limeodhiwa mtu m1 bye watz tena,kama hiyo iliyojaa maswali mengi,PER,4413
3978,kwamba marehemu alienda kwenye media take out gunia akaingia kwenye mfuko akaufunga akaanguka kifafa akaanguka mtoni yaani polisi hivi vituko mlizaliwa mliokotwa nyie yaani mnapelekaje publik statement kama hiyo iliyojaa maswali mengi jeshi limeodhiwa mtu m1 bye watz tena,jeshi limeodhiwa mtu,PER,4413
3978,kwamba marehemu alienda kwenye media take out gunia akaingia kwenye mfuko akaufunga akaanguka kifafa akaanguka mtoni yaani polisi hivi vituko mlizaliwa mliokotwa nyie yaani mnapelekaje publik statement kama hiyo iliyojaa maswali mengi jeshi limeodhiwa mtu m1 bye watz tena,bye watz tena,PER,4413
3979,pengeroyok tewaskan ojol dandi ditangkap polisi,ojol,PER,4414
3984,tni nama awokwok gabung polisi,awokwok,PER,4421
3990,polisi walishasema kuwa raia wanajiteka wenyewe sipendezwi hili tangazo unless muelewe maana no offence reforms no offence election i love it hii migogoro ikome tz,wenyewe sipendezwi,PER,4427
3990,polisi walishasema kuwa raia wanajiteka wenyewe sipendezwi hili tangazo unless muelewe maana no offence reforms no offence election i love it hii migogoro ikome tz,hili tangazo,PER,4427
3998,laporan sumber berita reuters ground news watchers news korban jiwa protes nepal september kematian dilaporkan orang akibat bentrokan polisi,reuters ground news watchers news,ORG,4435
4002,polisi skena bacoti stop it kamil,bacoti,PER,4439
4002,polisi skena bacoti stop it kamil,kamil,PER,4439
4009,ambirni hii ngombe iache kujiabisha anaonekani hajasoma kumbe mtaaluma sheria ubunge utaupata kweli kwa sera zako pizza kuahidi kila polisi land cruiser ghorofa bogus,ambirni,PER,4446
4009,ambirni hii ngombe iache kujiabisha anaonekani hajasoma kumbe mtaaluma sheria ubunge utaupata kweli kwa sera zako pizza kuahidi kila polisi land cruiser ghorofa bogus,kujiabisha,PER,4446
4009,ambirni hii ngombe iache kujiabisha anaonekani hajasoma kumbe mtaaluma sheria ubunge utaupata kweli kwa sera zako pizza kuahidi kila polisi land cruiser ghorofa bogus,hajasoma kumbe mtaaluma sheria ubunge,PER,4446
4010,berpegang boyfriend over shoulder sri mulyani bedanya polisi nation still options tone deaf,sri mulyani,PER,4447
4014,polisi panggil sherina munaf,sherina munaf,PER,4452
4015,polisi periksa anak menkeu pernyataanya sungguh berbahaya agen central intelligence agency pemerintahan,central intelligence agency,ORG,4453
4020,kulingana ripoti pizza alcohol jazeera manusia rights watch waandamanaji walijaribu kufika state house juni lakini polisi jeshi waliwazuia kwa vizuizi gesi machozi risasi maji shinikizo hakuna kuingia kuliripotiwa kuna vifo majeruhi zaidi,waandamanaji walijaribu,PER,4458
4020,kulingana ripoti pizza alcohol jazeera manusia rights watch waandamanaji walijaribu kufika state house juni lakini polisi jeshi waliwazuia kwa vizuizi gesi machozi risasi maji shinikizo hakuna kuingia kuliripotiwa kuna vifo majeruhi zaidi,jeshi waliwazuia kwa vizuizi gesi machozi,PER,4458
4024,armys laporin lisa polisi gebrakannya kocak entahh salah mengerti be home soon thailand dibantu stop it kakak an internet search engine dijelasin isi laporannya,armys,PER,4462
4027,stop it ferry bekingan mempunya hubungan petinggi polisi,ferry bekingan,PER,4466
4030,nepal protes besarbesaran information september menentang korupsi larangan media sosial isu pemerintahan orang tewas ratusan terluka bentrokan polisi gedung parlemen dibakar pm korean pride sharma oli mengundurkan,pride sharma oli,PER,4469
4039,laporkan polisi vidio bukti lapor semoga menunggu uang membantu,vidio,PER,4478
4042,nepal rakyat benturin rakyat contohnya istri polisi nepal ngeattack sejalan kepolisian nepal,ngeattack,PER,4481
4045,reaksi kapuspen ferry irwandi dilaporkan tni polisi,ferry irwandi,PER,4484
4046,misteri kematian vian ruma pemuda aktivis nagekeo keluarga masyarakat desak polisi usut tuntas via,vian ruma,PER,4485
4048,polisi tersangka anak umur anak berhadapan hukum actual bodily harm terlibat aksi penjarahan rumah anggota komisi ix dpr nonaktif surya utama uya kuya kawasan pondok bambu duren sawit jakarta timur,bodily harm,PER,4487
4048,polisi tersangka anak umur anak berhadapan hukum actual bodily harm terlibat aksi penjarahan rumah anggota komisi ix dpr nonaktif surya utama uya kuya kawasan pondok bambu duren sawit jakarta timur,surya utama,PER,4487
4048,polisi tersangka anak umur anak berhadapan hukum actual bodily harm terlibat aksi penjarahan rumah anggota komisi ix dpr nonaktif surya utama uya kuya kawasan pondok bambu duren sawit jakarta timur,uya kuya,PER,4487
4051,mtu mzima akivua nguo huchutama polisi acheni kusimama nguo mmeshavua mnaendelea kujidhalilisha hadharani tafuteni hata stara mlinde heshima yenu angalau kiduchu mbele macho watu ikiwa hamna jibu bora mnyamaze acheni watu wafanye maamuzi yao tutaelewanatu,mzima akivua nguo hu,PER,4491
4051,mtu mzima akivua nguo huchutama polisi acheni kusimama nguo mmeshavua mnaendelea kujidhalilisha hadharani tafuteni hata stara mlinde heshima yenu angalau kiduchu mbele macho watu ikiwa hamna jibu bora mnyamaze acheni watu wafanye maamuzi yao tutaelewanatu,acheni kusimama nguo mmeshavua mnaendelea kujidhalilisha hadharani tafuteni hata stara mlinde heshima yenu,PER,4491
4051,mtu mzima akivua nguo huchutama polisi acheni kusimama nguo mmeshavua mnaendelea kujidhalilisha hadharani tafuteni hata stara mlinde heshima yenu angalau kiduchu mbele macho watu ikiwa hamna jibu bora mnyamaze acheni watu wafanye maamuzi yao tutaelewanatu,jibu bora mnyamaze acheni watu wafanye maamuzi yao tutaelewanatu,PER,4491
4063,semoga polisi masuk neraka amin,amin,PER,4503
4064,pernyataan jokowi temukan menekankan penegakan hukum adil menyebut kemarahan spesifik korban polisi mendorong investigasi independen komnas ham klarifikasi fakta sumber,jokowi,PER,4504
4071,persib versus persebaya gbla polisi disiapkan jaga bonek masuk bandung,persib,ORG,4512
4071,persib versus persebaya gbla polisi disiapkan jaga bonek masuk bandung,persebaya,ORG,4512
4077,sembiring komandan pusat polisi militer puspom tni mayjen yusri nuryanto kepala badan pembinaan hukum babinkum tni laksda farid mom alert ruf kepala pusat penerangan kapuspen tni brigjen mar freddy ardianzah polda metro jaya,sembiring,PER,4521
4077,sembiring komandan pusat polisi militer puspom tni mayjen yusri nuryanto kepala badan pembinaan hukum babinkum tni laksda farid mom alert ruf kepala pusat penerangan kapuspen tni brigjen mar freddy ardianzah polda metro jaya,mayjen yusri nuryanto,PER,4521
4077,sembiring komandan pusat polisi militer puspom tni mayjen yusri nuryanto kepala badan pembinaan hukum babinkum tni laksda farid mom alert ruf kepala pusat penerangan kapuspen tni brigjen mar freddy ardianzah polda metro jaya,laksda farid mom alert ruf,PER,4521
4077,sembiring komandan pusat polisi militer puspom tni mayjen yusri nuryanto kepala badan pembinaan hukum babinkum tni laksda farid mom alert ruf kepala pusat penerangan kapuspen tni brigjen mar freddy ardianzah polda metro jaya,brigjen mar freddy ardianzah,PER,4521
4084,kifafa tukio hilo tanzania polisi washenzi ajabu,washenzi ajabu,PER,4528
4091,spika seneti amason kingi amelaani vikali mauaji wakili mashuhuri jijini nairobi mathew kyalo mbobu kuwataka polisi kuharakisha uchunguzi i love it waliohusika wafikishwe mbele sheria dayoradio newsupdate,spika seneti,PER,4535
4091,spika seneti amason kingi amelaani vikali mauaji wakili mashuhuri jijini nairobi mathew kyalo mbobu kuwataka polisi kuharakisha uchunguzi i love it waliohusika wafikishwe mbele sheria dayoradio newsupdate,amason kingi amelaani,PER,4535
4091,spika seneti amason kingi amelaani vikali mauaji wakili mashuhuri jijini nairobi mathew kyalo mbobu kuwataka polisi kuharakisha uchunguzi i love it waliohusika wafikishwe mbele sheria dayoradio newsupdate,vikali mauaji,PER,4535
4091,spika seneti amason kingi amelaani vikali mauaji wakili mashuhuri jijini nairobi mathew kyalo mbobu kuwataka polisi kuharakisha uchunguzi i love it waliohusika wafikishwe mbele sheria dayoradio newsupdate,mashuhuri jijini nairobi mathew kyalo mbobu kuwataka,PER,4535
4091,spika seneti amason kingi amelaani vikali mauaji wakili mashuhuri jijini nairobi mathew kyalo mbobu kuwataka polisi kuharakisha uchunguzi i love it waliohusika wafikishwe mbele sheria dayoradio newsupdate,kuharakisha uchunguzi,PER,4535
4091,spika seneti amason kingi amelaani vikali mauaji wakili mashuhuri jijini nairobi mathew kyalo mbobu kuwataka polisi kuharakisha uchunguzi i love it waliohusika wafikishwe mbele sheria dayoradio newsupdate,waliohusika wafikishwe mbele,PER,4535
4091,spika seneti amason kingi amelaani vikali mauaji wakili mashuhuri jijini nairobi mathew kyalo mbobu kuwataka polisi kuharakisha uchunguzi i love it waliohusika wafikishwe mbele sheria dayoradio newsupdate,sheria dayoradio,PER,4535
4097,kecolongan kpu polisi kecolongan salah dokumen syarat didaftarkan silon kpu skck kepolisian buron polisi polisi terbitkan skck bukanegri konoha namanya,##egri konoha,PER,4541
4105,dansat siber tni polda laporkan ferry irwandi polisi institusi melaporkan pencemaran nama,ferry irwandi,PER,4549
4110,anggota dprd terpilih cantonese exclamation ode litao ditetapkan tersangka pembunuhan publik heran lolos wakil rakyat,ode litao,PER,4556
4111,berita menteri keuangan nepal bishnu prasad paudel dikejar dipukuli ditelanjangi melarikan sungai protes antipemerintah september dikonfirmasi sumber ndtv times india british broadcasting corporation laporan,bishnu prasad paudel,PER,4557
4111,berita menteri keuangan nepal bishnu prasad paudel dikejar dipukuli ditelanjangi melarikan sungai protes antipemerintah september dikonfirmasi sumber ndtv times india british broadcasting corporation laporan,ndtv times india,ORG,4557
4111,berita menteri keuangan nepal bishnu prasad paudel dikejar dipukuli ditelanjangi melarikan sungai protes antipemerintah september dikonfirmasi sumber ndtv times india british broadcasting corporation laporan,british broadcasting corporation,ORG,4557
4127,madam electine angejaribu kitu kama hii sawagongo wangeita polisi kunitoa kwa stage,kunitoa kwa stage,PER,4574
4128,lanagoestojogjaroadto19th siang lana mampir condongcatur sleman rheza sendy pratama dipukuli polisi tewas,lanagoestojogjaroadto,PER,4575
4128,lanagoestojogjaroadto19th siang lana mampir condongcatur sleman rheza sendy pratama dipukuli polisi tewas,rheza sendy pratama,PER,4575
4130,direktur imparsial ardi aksi teror mobilnya dibobol orang dikenal over the knee dilaporkan langsung mapolda metro jaya,direktur imparsial,ORG,4577
4130,direktur imparsial ardi aksi teror mobilnya dibobol orang dikenal over the knee dilaporkan langsung mapolda metro jaya,ardi,PER,4577
4138,pembaca lambat pace menikmati novel paralytic tamu hotel nitta naomi selesaikan menyimpan petunjuk paralytic polisi selidiki hotel,pace,PER,4585
4139,mbona maelezo polisi tukio lenyewe lipo tofauti sasa,mbona maelezo,PER,4586
4139,mbona maelezo polisi tukio lenyewe lipo tofauti sasa,tukio lenyewe lipo tofauti sasa,PER,4586
4141,hawa polisi wala hawana kosa nazani hata wow wamechoka,hawana kosa nazani hata wow wamechoka,PER,4588
4146,tume huduma pizza polisi npsc yatahadharisha umma kuhusu matangazo feki nafasi pizza kazi hapandipo,yatahadharisha,PER,4594
4146,tume huduma pizza polisi npsc yatahadharisha umma kuhusu matangazo feki nafasi pizza kazi hapandipo,umma kuhusu matangazo,PER,4594
4150,video polisi bunuh affan,affan,PER,4598
4151,yaela gebukin polisi tawa (laugh) bodoh,ya,PER,4599
4153,polisi watz hata kujieleza tayari inaonyesha tukio wanalijuwa haiwezekani mtu mwenye kifafa ajinzingishe kwenye magunia tena kwa kamba harafu ndio aanguke kifafa nonsense kabisa,watz hata,PER,4601
4153,polisi watz hata kujieleza tayari inaonyesha tukio wanalijuwa haiwezekani mtu mwenye kifafa ajinzingishe kwenye magunia tena kwa kamba harafu ndio aanguke kifafa nonsense kabisa,kujieleza tayari,PER,4601
4159,polisi konoha polisi konoha not much minitu masuk pendidikan administrator on forum network etc polisikepala polisinya malu anggotanya wlpon ocnum,wlpon ocnum,PER,4607
4160,wanahusika mauwaji utekaji kuna habari zinasemekana kua wanashirikiana abduly samia screenshot kama abduli ana jeshi lake wanasaidiana polisi mnazani polisi ataatetea wananchi bye kwli polisi sasahivi wanaangalia pesa,wanahusika,PER,4608
4160,wanahusika mauwaji utekaji kuna habari zinasemekana kua wanashirikiana abduly samia screenshot kama abduli ana jeshi lake wanasaidiana polisi mnazani polisi ataatetea wananchi bye kwli polisi sasahivi wanaangalia pesa,kama abduli,PER,4608
4160,wanahusika mauwaji utekaji kuna habari zinasemekana kua wanashirikiana abduly samia screenshot kama abduli ana jeshi lake wanasaidiana polisi mnazani polisi ataatetea wananchi bye kwli polisi sasahivi wanaangalia pesa,##e kwli,PER,4608
4160,wanahusika mauwaji utekaji kuna habari zinasemekana kua wanashirikiana abduly samia screenshot kama abduli ana jeshi lake wanasaidiana polisi mnazani polisi ataatetea wananchi bye kwli polisi sasahivi wanaangalia pesa,sasahivi wanaangalia pesa,PER,4608
4161,kalah beuli repot mun lapor polisi lieur,beuli,PER,4609
4161,kalah beuli repot mun lapor polisi lieur,mun,PER,4609
4167,ngobrolmas ngopi bareng polisi masyarakat polres aceh kasat lantas polres aceh diwakili kanit regident satlantas polres aceh iptu sofyan kurniawan same here map hack melaksanakan kegiatan ngobrolmas ngopi bareng polisi masyarakat,iptu sofyan kurniawan,PER,4615
4170,ngobrolmas ngopi bareng polisi masyarakat polres aceh kasat lantas polres aceh diwakili kanit regident satlantas polres aceh iptu sofyan kurniawan same here map hack melaksanakan kegiatan ngobrolmas,iptu sofyan kurniawan,PER,4618
4181,tume huduma polisi imetoa tahadhari kwa wananchi kuhusu tangazo bandia cantonese exclamation ajira pizza makonstebo polisi linaloenezwa kupitia mitandaoyakijamii amaicaradio,tume huduma,PER,4634
4181,tume huduma polisi imetoa tahadhari kwa wananchi kuhusu tangazo bandia cantonese exclamation ajira pizza makonstebo polisi linaloenezwa kupitia mitandaoyakijamii amaicaradio,imetoa tahadhari kwa wananchi,PER,4634
4181,tume huduma polisi imetoa tahadhari kwa wananchi kuhusu tangazo bandia cantonese exclamation ajira pizza makonstebo polisi linaloenezwa kupitia mitandaoyakijamii amaicaradio,kuhusu tangazo,PER,4634
4181,tume huduma polisi imetoa tahadhari kwa wananchi kuhusu tangazo bandia cantonese exclamation ajira pizza makonstebo polisi linaloenezwa kupitia mitandaoyakijamii amaicaradio,ajira pizza makonstebo,PER,4634
4181,tume huduma polisi imetoa tahadhari kwa wananchi kuhusu tangazo bandia cantonese exclamation ajira pizza makonstebo polisi linaloenezwa kupitia mitandaoyakijamii amaicaradio,linaloenezwa kupitia mitandaoyakijamii amaicaradio,PER,4634
4182,alvi terancam hukuman maksimal mati polisi tunggu hasil forensik lengkap menyatukan pecahan potongan jasad tiara proses suram bikin ngeri pilu gabung penuh konten,alvi,PER,4635
4182,alvi terancam hukuman maksimal mati polisi tunggu hasil forensik lengkap menyatukan pecahan potongan jasad tiara proses suram bikin ngeri pilu gabung penuh konten,tiara,PER,4635
4185,kwahiyo polisi hawajakanusha uwepo kikundi kinachoongozwa abdul ila kikundi kuhusuka hivi polisi jwtz tiss wamekuwaje kwahiyo uwezo wow kulinda nchi umeishia hapo kweli,kwahiyo,PER,4638
4185,kwahiyo polisi hawajakanusha uwepo kikundi kinachoongozwa abdul ila kikundi kuhusuka hivi polisi jwtz tiss wamekuwaje kwahiyo uwezo wow kulinda nchi umeishia hapo kweli,hawajakanusha uwepo kikundi kinachoongozwa abdul ila,PER,4638
4185,kwahiyo polisi hawajakanusha uwepo kikundi kinachoongozwa abdul ila kikundi kuhusuka hivi polisi jwtz tiss wamekuwaje kwahiyo uwezo wow kulinda nchi umeishia hapo kweli,kikundi kuhusuka hivi,PER,4638
4185,kwahiyo polisi hawajakanusha uwepo kikundi kinachoongozwa abdul ila kikundi kuhusuka hivi polisi jwtz tiss wamekuwaje kwahiyo uwezo wow kulinda nchi umeishia hapo kweli,jwtz tiss wamekuwaje kwahiyo uwezo wow kulinda,PER,4638
4185,kwahiyo polisi hawajakanusha uwepo kikundi kinachoongozwa abdul ila kikundi kuhusuka hivi polisi jwtz tiss wamekuwaje kwahiyo uwezo wow kulinda nchi umeishia hapo kweli,nchi umeishia hapo kweli,PER,4638
4186,adipati dolken anak buahnya polisi,adipati dolken,PER,4639
4189,citra tni menurun dimata masyarakat rakyat percaya dalang kerusuhan demo agustus sweet dreams agustus oknum tni ditangkep polisi tni geram ferry irwandi,ferry irwandi,PER,4642
4200,iblis sungkem ketemu polisi indonesia,iblis,PER,4655
4201,ngobrolmas ngopi bareng polisi masyarakat polres aceh kasat lantas polres aceh diwakili kanit regident satlantas polres aceh iptu sofyan kurniawan same here map hack melaksanakan kegiatan ngobrolmas ngopi bareng polisi,iptu sofyan kurniawan,PER,4656
4227,hivi hawa viongozi stop it walikuwa wanajivunia polisi kikowapi viongozi heshimuni wananchi nguvu umma silaha hatari kuliko silaha yeyote duniani,hivi hawa viongozi,PER,4686
4227,hivi hawa viongozi stop it walikuwa wanajivunia polisi kikowapi viongozi heshimuni wananchi nguvu umma silaha hatari kuliko silaha yeyote duniani,wanajivunia,PER,4686
4227,hivi hawa viongozi stop it walikuwa wanajivunia polisi kikowapi viongozi heshimuni wananchi nguvu umma silaha hatari kuliko silaha yeyote duniani,kikowapi viongozi heshimuni wananchi,PER,4686
4228,nepal bangladesh mfano kwamba viongozi wana mikwara kiburi wakiwa jeshi cantonese exclamation polisi siku jeshi cantonese exclamation polisi likisema likae pembeni kidogo utasikia fulani kakimbilia taiwani chile duniani hakuna shujaa ila nyakati usijisahau,mfano kwamba viongozi wana mikwara kiburi,PER,4687
4228,nepal bangladesh mfano kwamba viongozi wana mikwara kiburi wakiwa jeshi cantonese exclamation polisi siku jeshi cantonese exclamation polisi likisema likae pembeni kidogo utasikia fulani kakimbilia taiwani chile duniani hakuna shujaa ila nyakati usijisahau,likisema likae pembeni kidogo utasikia fulani kakimbilia taiwan,PER,4687
4228,nepal bangladesh mfano kwamba viongozi wana mikwara kiburi wakiwa jeshi cantonese exclamation polisi siku jeshi cantonese exclamation polisi likisema likae pembeni kidogo utasikia fulani kakimbilia taiwani chile duniani hakuna shujaa ila nyakati usijisahau,hakuna shujaa ila nyakati usijisahau,PER,4687
4238,kapolresta serang kota laksanakan silaturahmi rektor unique identification number shaking my head banten polripresisi polrestaserangkota humaspolrestaserangkota,unique identification number,ORG,4698
4239,populer affan kurniawan tukang ojek berjaket hijau dibunuh polisi ibuprofen ana berjilbab pink menghadapi polisi orang muah polisi setelahnya desainer memakai duotone viral diterimatidak,affan kurniawan,PER,4699
4240,mengomong tiktok membela polisi konten polisi nangkepinmukulin pendemo polisi mati manusia pendemo bunuh orang makasar kena ham menyerang pakai molotov polisi diam najis,mengomong tiktok,PER,4700
4246,mtu kakosoa serikali katukana kiongozi kakak hang out sjui magari nani chochote ambacho kinafanywa mwananchi tanzania ambacho illegal polisi wajibu wenu kumchukulia hatua huyu mwananchi kwenda kusimama kwenye sheria familia inapata nafuu ikijua ndugu yao yupo,mtu kakosoa,PER,4706
4246,mtu kakosoa serikali katukana kiongozi kakak hang out sjui magari nani chochote ambacho kinafanywa mwananchi tanzania ambacho illegal polisi wajibu wenu kumchukulia hatua huyu mwananchi kwenda kusimama kwenye sheria familia inapata nafuu ikijua ndugu yao yupo,serikali katukana kiongozi,PER,4706
4246,mtu kakosoa serikali katukana kiongozi kakak hang out sjui magari nani chochote ambacho kinafanywa mwananchi tanzania ambacho illegal polisi wajibu wenu kumchukulia hatua huyu mwananchi kwenda kusimama kwenye sheria familia inapata nafuu ikijua ndugu yao yupo,sjui magari nani chochote ambacho kinafanywa mwananchi tanzania ambacho,PER,4706
4246,mtu kakosoa serikali katukana kiongozi kakak hang out sjui magari nani chochote ambacho kinafanywa mwananchi tanzania ambacho illegal polisi wajibu wenu kumchukulia hatua huyu mwananchi kwenda kusimama kwenye sheria familia inapata nafuu ikijua ndugu yao yupo,wajibu wenu kumchukulia hatua huyu mwananchi kwenda kusimama kwenye sheria familia inapata,PER,4706
4246,mtu kakosoa serikali katukana kiongozi kakak hang out sjui magari nani chochote ambacho kinafanywa mwananchi tanzania ambacho illegal polisi wajibu wenu kumchukulia hatua huyu mwananchi kwenda kusimama kwenye sheria familia inapata nafuu ikijua ndugu yao yupo,nafuu ikijua ndugu yao yupo,PER,4706
4247,law enforcement officer mixed race mahakamani polisi wamekua wakali bado hawajaacha tabia yao kuzuia wanachama chadema kuingia mahakamani mpaka mtu unajiuliza kwani wakiruhusu watu wakaingia wow wanapungukiwa nini imagine mtu kaaga nyumbani kwake kuwa anaenda kazini kumbe kazi yenyewe,wamekua wakali bado hawajaacha tabia yao kuzuia wanachama chadema kuingia,PER,4707
4247,law enforcement officer mixed race mahakamani polisi wamekua wakali bado hawajaacha tabia yao kuzuia wanachama chadema kuingia mahakamani mpaka mtu unajiuliza kwani wakiruhusu watu wakaingia wow wanapungukiwa nini imagine mtu kaaga nyumbani kwake kuwa anaenda kazini kumbe kazi yenyewe,wow,PER,4707
4254,dengar kejadian polisi hansip maling endingy,endingy,PER,4714
4256,sasa unamshaangaa rais ambaye familia yake kuguswa ngumu wakushaangaa zaidi hawa watumishi tunaoalipa hasa polisi wanampelekea taarifa rais eti sisi tunajitek polisi ifanyiwdle reform maraisi wote utekaji umekuwepo wakutisha jeshi cantonese exclamation polisi libadilishwe,sasa unamshaangaa rais ambaye familia,PER,4717
4256,sasa unamshaangaa rais ambaye familia yake kuguswa ngumu wakushaangaa zaidi hawa watumishi tunaoalipa hasa polisi wanampelekea taarifa rais eti sisi tunajitek polisi ifanyiwdle reform maraisi wote utekaji umekuwepo wakutisha jeshi cantonese exclamation polisi libadilishwe,yake kuguswa ngumu wakushaangaa,PER,4717
4256,sasa unamshaangaa rais ambaye familia yake kuguswa ngumu wakushaangaa zaidi hawa watumishi tunaoalipa hasa polisi wanampelekea taarifa rais eti sisi tunajitek polisi ifanyiwdle reform maraisi wote utekaji umekuwepo wakutisha jeshi cantonese exclamation polisi libadilishwe,zaidi hawa watumishi,PER,4717
4256,sasa unamshaangaa rais ambaye familia yake kuguswa ngumu wakushaangaa zaidi hawa watumishi tunaoalipa hasa polisi wanampelekea taarifa rais eti sisi tunajitek polisi ifanyiwdle reform maraisi wote utekaji umekuwepo wakutisha jeshi cantonese exclamation polisi libadilishwe,taarifa rais eti,PER,4717
4258,aligeuka nyuma kukwama mpakani mateso wakimbizi kongo wanaokabili imbonerakure polisi via mdias burundi,nyuma kukwama mpakani mateso wakimbizi,PER,4721
4262,demo berdarah nepal massa bakar rumah serang menteri aksi kekerasan ribuan orang menyebut information turun jalan kathmandu senin orang diyakini terluka bentrokan polisi detikcom,detikcom,ORG,4725
4271,sopir bank jateng gondol uang rp10 pelaku ditangkap sopir bank jateng cabang wonogiri berinisial nekat membawa kabur uang rp10 miliar pengawal pergi kamar mandi polisi berhasil mengamankan orang simak berita,bank jateng,ORG,4738
4274,credit card kelakuan oknum polisiyg mending ptdh gaji kerjapler,ptdh,ORG,4741
4278,waandamanaji wamechoma jengo cantonese exclamation bunge cantonese exclamation nepal pamoja nyumba pizza viongozi kadhaa kisiasa kusababisha vifo vya watu kwa mjibu vyombo vya habari vya nepal wakiwemo waandamanaji maafisa polisi huku mamia wengine wakijeruhiwa,waandamanaji,PER,4745
4278,waandamanaji wamechoma jengo cantonese exclamation bunge cantonese exclamation nepal pamoja nyumba pizza viongozi kadhaa kisiasa kusababisha vifo vya watu kwa mjibu vyombo vya habari vya nepal wakiwemo waandamanaji maafisa polisi huku mamia wengine wakijeruhiwa,kusababisha,PER,4745
4278,waandamanaji wamechoma jengo cantonese exclamation bunge cantonese exclamation nepal pamoja nyumba pizza viongozi kadhaa kisiasa kusababisha vifo vya watu kwa mjibu vyombo vya habari vya nepal wakiwemo waandamanaji maafisa polisi huku mamia wengine wakijeruhiwa,waandamanaji,PER,4745
4284,sherina munaf dijadwalkan beriikan klarifikasi polres metro jakarta timur kucing uya kuya polisi mengharapkan sherina hadir,sherina munaf,PER,4752
4284,sherina munaf dijadwalkan beriikan klarifikasi polres metro jakarta timur kucing uya kuya polisi mengharapkan sherina hadir,uya kuya,PER,4752
4284,sherina munaf dijadwalkan beriikan klarifikasi polres metro jakarta timur kucing uya kuya polisi mengharapkan sherina hadir,sherina,PER,4752
4289,prabowo membela tentara polisiingat barangkali,prabowo,PER,4759
4290,polisi penggilas affan kurniawan ajukan banding,affan kurniawan,PER,4760
4293,hollywood undead  hidup polisi kacau dunia eropa sekutu parah sarcastic laugh sarcastic laugh sarcastic laugh lawan rakyat warga jelatah,hollywood,ORG,4764
4298,aset dirampas masukkan danantara oknum polisi oknum jaksa oknum kpk menahan menyembunyikan rampasan,danantara,PER,4770
4301,leftist mahzab membela polisi,leftist mahzab,PER,4773
4304,polisi tolak laporan tni hadap ferry irwandi ditolak laporan pencemaran nama ranah institusigrusa grusu salah,ferry irwandi,PER,4776
4305,cocot ancam ancam orang tampang ora pokro polisi periksa budi arie dugaan tampung uang judol disuarakan,cocot,PER,4777
4305,cocot ancam ancam orang tampang ora pokro polisi periksa budi arie dugaan tampung uang judol disuarakan,budi arie,PER,4777
4305,cocot ancam ancam orang tampang ora pokro polisi periksa budi arie dugaan tampung uang judol disuarakan,judol,PER,4777
4317,polisi versus delpredo aktivis lokataru tni versus ferry irwndy aktivis malaka institusi negara aktivis publik mengawasi kinerja negara rezim,delpredo,PER,4789
4317,polisi versus delpredo aktivis lokataru tni versus ferry irwndy aktivis malaka institusi negara aktivis publik mengawasi kinerja negara rezim,ferry irwndy,PER,4789
4330,indonesia berani pecatadal polisi presiden terluka dmo dmo kenakan pangkat,dmo,PER,4803
4333,alvi maulana ditangkap polisi proses menghilangkan jejak pembunuhan disertai mutilasi pacarnya tas polisi tersangka berusaha menyingkirkan jejak pembunuhannya hatihati via,alvi maulana,PER,4806
4333,alvi maulana ditangkap polisi proses menghilangkan jejak pembunuhan disertai mutilasi pacarnya tas polisi tersangka berusaha menyingkirkan jejak pembunuhannya hatihati via,hatihati via,PER,4806
4337,penyanyi sherina munaf dijadwalkan menghadiri klarifikasi polres metro jakarta timur sherina klarifikasi polisi terkait kucing milik uya kuya dijarah massa sumber detikhot,sherina munaf,PER,4810
4337,penyanyi sherina munaf dijadwalkan menghadiri klarifikasi polres metro jakarta timur sherina klarifikasi polisi terkait kucing milik uya kuya dijarah massa sumber detikhot,sherina,PER,4810
4337,penyanyi sherina munaf dijadwalkan menghadiri klarifikasi polres metro jakarta timur sherina klarifikasi polisi terkait kucing milik uya kuya dijarah massa sumber detikhot,uya kuya,PER,4810
4337,penyanyi sherina munaf dijadwalkan menghadiri klarifikasi polres metro jakarta timur sherina klarifikasi polisi terkait kucing milik uya kuya dijarah massa sumber detikhot,detikhot,ORG,4810
4338,jajaran personil polsek ciledug menerima kegiatan tatap muka bimbingan rohani mental polda metro jaya tema keluarga bahagia polisi profesional sinergi tugas kehidupan rumah tangga ustd fahmi gozali ssosi rabu,ustd fahmi gozali ssosi,PER,4811
4345,nepal diguncang demonstrasi berdarah melengserkan pm sharma oli menewaskan22 orang orang terluka akibat bentrokan polisi menariknya bendera gun dikibarkan bentuk protes,sharma oli,PER,4818
4357,buangsat temenku polisi bikin i guess so situasi banjir pakai lagu yungkai kesal,yungkai,PER,4830
4363,sema wenzetu wanaandaaje mipango yao unashtukia wapo barabarani washawazidi nguvu polisi,washawazidi,PER,4838
4364,kerusuhan pecah pendana menteri paralytic menterimenteri dianiaya massa marah kemana militer polisi militer mengambil alih kekuasaan pemerintahan,paralytic menteri,PER,4839
4379,bakar menunggu polisi,bakar,PER,4854
4385,oiya lupa hukum indonesia maju bawa perkara pengadilan uang nyewa pengacara minimal total uang nyogok polisi biar kerja orang miskin memikirkan makan susah,oiya,PER,4860
4402,penasaran pelaku menyuruh tetangga toxic menyerang keluarga salah tipe berita tempo tetangga toxic tetangga toxic pakai mengaku backingan aparat hukumpolisi tni ngancem orang awam buta hukum,tempo,ORG,4879
4403,kwahiyo abduk kweli anafanyakazi kuua watu ila hili tukio bye lake polisi mnatuaminisha kweli abdul anamtandao kuua watu kweli basi hii nchi iko motoni nyie polisi mnakubalije abuduli awe muaji kwa sheria zipi,kwahiyo abduk kweli anafanyakazi,PER,4880
4403,kwahiyo abduk kweli anafanyakazi kuua watu ila hili tukio bye lake polisi mnatuaminisha kweli abdul anamtandao kuua watu kweli basi hii nchi iko motoni nyie polisi mnakubalije abuduli awe muaji kwa sheria zipi,##minisha kweli abdul anamtandao,PER,4880
4403,kwahiyo abduk kweli anafanyakazi kuua watu ila hili tukio bye lake polisi mnatuaminisha kweli abdul anamtandao kuua watu kweli basi hii nchi iko motoni nyie polisi mnakubalije abuduli awe muaji kwa sheria zipi,abuduli awe muaji kwa sheria zipi,PER,4880
4407,keputusan mm ok dipakai sesuai selera parcok laras diadukan orang dimunculin polisi laras ditangkap dianggap menyerang mabes polri langsung ditangkap,laras,PER,4884
4407,keputusan mm ok dipakai sesuai selera parcok laras diadukan orang dimunculin polisi laras ditangkap dianggap menyerang mabes polri langsung ditangkap,laras,PER,4884
4416,human immunodeficiency virus kazi polisi kutetea ccm familia pizza viongoz wow maana wow kila tukio wanakuja cerita wanalipwa kiasi gani kutetea mambo wasio julikana alieleza kila kitu hawachukui hatua wow kila tukio cantonese exclamation drama wanalinda raia mali zao hawa kweli night night hich,kiasi gani,PER,4893
4416,human immunodeficiency virus kazi polisi kutetea ccm familia pizza viongoz wow maana wow kila tukio wanakuja cerita wanalipwa kiasi gani kutetea mambo wasio julikana alieleza kila kitu hawachukui hatua wow kila tukio cantonese exclamation drama wanalinda raia mali zao hawa kweli night night hich,julikana alieleza,PER,4893
4420,polisi zaman listyo jejak pembunuhannya dimanamana kemarahan publik mudah berhenti kriminalisasi orang orang membantu masyarakat teman teman aktivis,listyo,PER,4897
4426,polisi menyapa kanit kamsel satlantas polres mojokerto kota kampanyekan keselamatan lintas pengemudi bus sekolah siswa siswi sekolah kota mojokerto bareng jogo mojokerto kota keselamatanlantas satlantas polresmojokertokota jogomojokerto,jogomojokerto,PER,4904
4434,nyebut kemhan tempo media resmi bantah kanalnya hugs and kisses ujugujug dilaporkan polisi kemarin tni kementerian pejabat pakai hukum berlaku suka tabrak masuk,tempo,ORG,4913
4438,anggun tyas sopir bank jateng cabang wonogiri membawa lari mobil berisi uang role play miliar ditangkap polisi rumah gunungkidul sederet gelagatnya digerebek via,anggun tyas,PER,4918
4439,malari dibakar mobil jepang dibakar mean bad evil swalayan dibakar kantor kantor polisi dunia pablo escobar bakar kantor polisi menghabisi pimpinan polisi,pablo escobar,PER,4920
4446,serikat pekerja kampus menggelar acara kamisan spk bertajuk brutalitas polisi revisi kuhap ditayangkan exciting instagram mari bergabung kamis september wib berserikatkitakuat serikatpekerjakampus,##pekerjakampus,ORG,4928
4448,wonders shall never kwa hiyo polisi wanataka kuuaminisha umma marehemu alikufa kwa kifafa kisha kujiingiza kwenye kiroba,kwa hiyo polisi wanataka kuuaminisha umma marehemu alikufa kwa kifafa kisha kujiingiza kwenye kiroba,PER,4930
4450,ccm mnalingia kutumia jeshi cantonese exclamation polis vibaya lakin mjue hawa polisi ambao ndio wanaingia field wasio vyeo tunaishi mtaan hawawapendi ccm hata kidogo initial public offering siku wataenda kinyume viongozi wow kazin wakiungana nguvu uma kupinga unyonyaji,polis,PER,4932
4450,ccm mnalingia kutumia jeshi cantonese exclamation polis vibaya lakin mjue hawa polisi ambao ndio wanaingia field wasio vyeo tunaishi mtaan hawawapendi ccm hata kidogo initial public offering siku wataenda kinyume viongozi wow kazin wakiungana nguvu uma kupinga unyonyaji,vibaya lakin mjue hawa polisi,PER,4932
4450,ccm mnalingia kutumia jeshi cantonese exclamation polis vibaya lakin mjue hawa polisi ambao ndio wanaingia field wasio vyeo tunaishi mtaan hawawapendi ccm hata kidogo initial public offering siku wataenda kinyume viongozi wow kazin wakiungana nguvu uma kupinga unyonyaji,ambao ndio,PER,4932
4450,ccm mnalingia kutumia jeshi cantonese exclamation polis vibaya lakin mjue hawa polisi ambao ndio wanaingia field wasio vyeo tunaishi mtaan hawawapendi ccm hata kidogo initial public offering siku wataenda kinyume viongozi wow kazin wakiungana nguvu uma kupinga unyonyaji,wasio vyeo tunaishi mtaan hawawapen,PER,4932
4454,tragedi terbongkar nama evan langsung viral dituding pembunuh polisi menahannya sepekan bersalah melindunginya amukan publik,evan,PER,4936
4462,misteri kematian vian ruma aktivis penolak geotermal name that tune keluarga polisi usut tuntas,vian ruma,PER,4944
4463,berdua main drama perannya gajauh gajauh penjahat polisi,gajauh gaj,PER,4945
4468,kapolsek tarik akp heri setyawan maksimalkan peran bhabinkamtibmas mendukung ketahanan pangan nasional lahan jagung amplifier cabai warga desa kalimati mendampingi petani program polisi cinta petani polrestasidoarjo polriuntukmasyarakat ketahananpangan,akp heri setyawan,PER,4950
4475,xu lisha dilaporkan polisi tuduhan penyebaran data pribadi pencemaran nama selebriti internet dilaporkan pengancaman fan xukai cewek problematik dipercaya omongannya,xu lisha,PER,4961
4476,kejadian era prabowo presiden rumah menteri dijarah rame rame aneh janggal kill me now polisi tugas mnjga kamtibmas bantuan menteri kekuatan menumbalkan multi user jeng sri presiden diam,prabowo,PER,4962
4479,keponakan korban pemukulan oknum polisi chika jessica enggan jalur hukum,chika jessica,PER,4965
4481,disuruh duduk security dibangku counter-strike kosong duduk menunggu menitan ibuprofen ibuprofen judes duduk lihat berkas surat polisi ktp kakak bilang lahir dimana kujawab hermina jaktim other half yasudah berita acara hermina,judes,PER,4967
4481,disuruh duduk security dibangku counter-strike kosong duduk menunggu menitan ibuprofen ibuprofen judes duduk lihat berkas surat polisi ktp kakak bilang lahir dimana kujawab hermina jaktim other half yasudah berita acara hermina,yasudah,PER,4967
4481,disuruh duduk security dibangku counter-strike kosong duduk menunggu menitan ibuprofen ibuprofen judes duduk lihat berkas surat polisi ktp kakak bilang lahir dimana kujawab hermina jaktim other half yasudah berita acara hermina,hermina,PER,4967
4485,hii kujamba mara nyingi kukoroma bye kudhararu mahakama ccm mkiwapa polisi chakula kibovu uli wakatumia matako kushambulia wana chadema mahakamani washindwe kusikiliza kesi mnafigisu nyingi,hii kujamba,PER,4971
4485,hii kujamba mara nyingi kukoroma bye kudhararu mahakama ccm mkiwapa polisi chakula kibovu uli wakatumia matako kushambulia wana chadema mahakamani washindwe kusikiliza kesi mnafigisu nyingi,by,PER,4971
4485,hii kujamba mara nyingi kukoroma bye kudhararu mahakama ccm mkiwapa polisi chakula kibovu uli wakatumia matako kushambulia wana chadema mahakamani washindwe kusikiliza kesi mnafigisu nyingi,chakula kibovu uli wakatumia matako kushambulia wana chadema mahakamani,PER,4971
4485,hii kujamba mara nyingi kukoroma bye kudhararu mahakama ccm mkiwapa polisi chakula kibovu uli wakatumia matako kushambulia wana chadema mahakamani washindwe kusikiliza kesi mnafigisu nyingi,washindwe kusikiliza kesi,PER,4971
4485,hii kujamba mara nyingi kukoroma bye kudhararu mahakama ccm mkiwapa polisi chakula kibovu uli wakatumia matako kushambulia wana chadema mahakamani washindwe kusikiliza kesi mnafigisu nyingi,mnafigisu,PER,4971
4486,video anak menkeu purbaya berulah habis sri mulyani agen central intelligence agency sindir ternak mulyono yudo achilles sadewa maaf menyebut menkeu sri mulyani agen central intelligence agency central intelligence agency milik amerika serikat polisi menpora selasa,purbaya,PER,4972
4486,video anak menkeu purbaya berulah habis sri mulyani agen central intelligence agency sindir ternak mulyono yudo achilles sadewa maaf menyebut menkeu sri mulyani agen central intelligence agency central intelligence agency milik amerika serikat polisi menpora selasa,sri mulyani,PER,4972
4486,video anak menkeu purbaya berulah habis sri mulyani agen central intelligence agency sindir ternak mulyono yudo achilles sadewa maaf menyebut menkeu sri mulyani agen central intelligence agency central intelligence agency milik amerika serikat polisi menpora selasa,central intelligence agency,ORG,4972
4486,video anak menkeu purbaya berulah habis sri mulyani agen central intelligence agency sindir ternak mulyono yudo achilles sadewa maaf menyebut menkeu sri mulyani agen central intelligence agency central intelligence agency milik amerika serikat polisi menpora selasa,mulyono yudo achilles sadewa,PER,4972
4486,video anak menkeu purbaya berulah habis sri mulyani agen central intelligence agency sindir ternak mulyono yudo achilles sadewa maaf menyebut menkeu sri mulyani agen central intelligence agency central intelligence agency milik amerika serikat polisi menpora selasa,sri mulyani,PER,4972
4486,video anak menkeu purbaya berulah habis sri mulyani agen central intelligence agency sindir ternak mulyono yudo achilles sadewa maaf menyebut menkeu sri mulyani agen central intelligence agency central intelligence agency milik amerika serikat polisi menpora selasa,central intelligence agency central intelligence agency,ORG,4972
4489,video heboh anak menkeu purbaya ciri orang miskin rasis bermental pengemis ciri orang miskin yudo sadewa menuai hujatan massal warganet menpora polisi,purbaya,PER,4975
4489,video heboh anak menkeu purbaya ciri orang miskin rasis bermental pengemis ciri orang miskin yudo sadewa menuai hujatan massal warganet menpora polisi,yudo sadewa,PER,4975
4492,penyanyi artis sherina munaf dipanggil polres metro jakarta timur keterangan terkait penjarahan rumah presenter anggota dpr ri uya kuya baca selengkapnya sherinamunaf penjarahanrumahuya,sherina munaf,PER,4978
4492,penyanyi artis sherina munaf dipanggil polres metro jakarta timur keterangan terkait penjarahan rumah presenter anggota dpr ri uya kuya baca selengkapnya sherinamunaf penjarahanrumahuya,uya kuya,PER,4978
4492,penyanyi artis sherina munaf dipanggil polres metro jakarta timur keterangan terkait penjarahan rumah presenter anggota dpr ri uya kuya baca selengkapnya sherinamunaf penjarahanrumahuya,sherinamunaf,PER,4978
4496,akun kiss rutin update information demo jakarta tmcpoldametro lintas amplifier demo divhumaspolri information polisi resmi lbhjakarta bantuan hukum amplifier aksi akun berita kompascom tempodotco pantau sumber terpercaya update akurat aman,##cpoldametro,PER,4985
4509,demo kpk demo pertanggung polisi kematian paralytic pendemo kebutralan polisi hilang diam cerita,paralytic,PER,4998
4511,polisi beda tugas ytta,ytta,PER,5000
4514,kendaraan costume play polisi tidur beneer,beneer,PER,5003
4521,lihatt paralytic termul marah marah sakitnya ketum projo pecat kabinet tunggu polisi kejaksaan bawa termul duduk pengadilan perlindungan judol kominfo namanya didlm sidang,paralytic,PER,5010
4521,lihatt paralytic termul marah marah sakitnya ketum projo pecat kabinet tunggu polisi kejaksaan bawa termul duduk pengadilan perlindungan judol kominfo namanya didlm sidang,projo,PER,5010
4521,lihatt paralytic termul marah marah sakitnya ketum projo pecat kabinet tunggu polisi kejaksaan bawa termul duduk pengadilan perlindungan judol kominfo namanya didlm sidang,termul,PER,5010
4522,kwa mixed race tulipofikia binafsi siliamini tena jeshi cantonese exclamation polisi ila naamini kuwa hiyo habari bye upotoshaji ila ukweli,tulipofikia binafsi siliamini tena jeshi,PER,5011
4522,kwa mixed race tulipofikia binafsi siliamini tena jeshi cantonese exclamation polisi ila naamini kuwa hiyo habari bye upotoshaji ila ukweli,naamini kuwa hiyo habari,PER,5011
4522,kwa mixed race tulipofikia binafsi siliamini tena jeshi cantonese exclamation polisi ila naamini kuwa hiyo habari bye upotoshaji ila ukweli,bye upotoshaji ila ukweli,PER,5011
4524,tolong damkar polisi kejaksaan menemukan silvester persembunyian silvester,silvester,PER,5013
4524,tolong damkar polisi kejaksaan menemukan silvester persembunyian silvester,silvester,PER,5013
4530,polisi mengusut budi arie beking judi daring,budi arie,PER,5021
4537,mothafcker kwani atafanya nini special kazi polisi gani,nini special,PER,5028
4541,polisi mengepung rumah ditempati sopir bank bawa kabur uang role play miliar anggun tyas penangkapan detikdetik pengepungan via,anggun tyas,PER,5034
4541,polisi mengepung rumah ditempati sopir bank bawa kabur uang role play miliar anggun tyas penangkapan detikdetik pengepungan via,detikdetik,ORG,5034
4554,kapolsek tarik akp heri setyawan maksimalkan peran bhabinkamtibmas mendukung ketahanan pangan nasional jajaran polsek tarik mendampingi petani program polisi cinta petani polrestasidoarjo polriuntukmasyarakat ketahananpangan,akp heri setyawan,PER,5048
4559,urusan kemarahan rakyat kejadian polisi melindas membunuh affan dibelok tni terlibat rusuh tni melaporkan warga negaraku kayaknya usaha pecah belah rakyat pecah belah alat negara,affan,PER,5053
4561,polisi sibuk membela ijasah palsu bapaknya kejaksaan sibuk urus ijasah palsu anaknya rakyat sibuk cari uang menggaji polisi jaksa hidup jokowi 3x,jokowi,PER,5055
4569,urusan kemarahan rakyat kejadian polisi melindas membunuh affan dibelok tni terlibat rusuh tni melaporkan warga alat negara dipakai pecah belah negara negaraku,affan,PER,5064
4574,urusan kemarahan rakyat kejadian polisi melindas membunuh affan dibelok tni terlibat rusuh tni melaporkan warga negaraku,affan,PER,5069
4577,sekolah pintar biar polisi boy,boy,PER,5072
4578,penjual cireng garut irpan diculik sekelompok orang polisi berhasil menangkap pelaku menyelamatkan korban selamat via,irpan,PER,5073
4581,urusan kemarahan rakyat polisi pembunuh affan dibelok tni terlibat rusuh tni melaporkan warga negaraku,affan,PER,5076
4590,keluarga putri apriyani wanita korban pembunuhan jasadnya dibakar kamar kill on sight indramayu mendesak pelaku dijatuhi hukuman mati baca indramayu polisi,putri apriyani,PER,5087
4591,chadema walitaka kuzuru kaburi cantonese exclamation bob makani mwanzilishi wake polisi wamewazuia polisi acheni uonevu,chadema walitaka kuzuru,PER,5088
4591,chadema walitaka kuzuru kaburi cantonese exclamation bob makani mwanzilishi wake polisi wamewazuia polisi acheni uonevu,mwanzilishi,PER,5088
4591,chadema walitaka kuzuru kaburi cantonese exclamation bob makani mwanzilishi wake polisi wamewazuia polisi acheni uonevu,wamewazuia,PER,5088
4591,chadema walitaka kuzuru kaburi cantonese exclamation bob makani mwanzilishi wake polisi wamewazuia polisi acheni uonevu,acheni uonevu,PER,5088
4602,kpk amplifier dikritiknya polisi lakukan salah amplifier sound of annoyance korupsi dipamerkan publik mendpt sanksi sosial stop it annas mustaqim lupa ingatan hakim korup mom alert pegadilan pegadilan,annas mustaqim,PER,5101
4602,kpk amplifier dikritiknya polisi lakukan salah amplifier sound of annoyance korupsi dipamerkan publik mendpt sanksi sosial stop it annas mustaqim lupa ingatan hakim korup mom alert pegadilan pegadilan,mom alert,PER,5101
4603,personil bhabinkamtibmaspos polisi silalahi rangka melaksanakansambang desa binaan,##pos polisi silalahi,PER,5102
4605,someone who uses other people to gain an advantage sorry i asked dipulangin epan hard pity jemput paksa kemarin kartu chatime giyu shinobu mui mitsuri lucknya disedot mulangin epan polisi,epan,PER,5104
4605,someone who uses other people to gain an advantage sorry i asked dipulangin epan hard pity jemput paksa kemarin kartu chatime giyu shinobu mui mitsuri lucknya disedot mulangin epan polisi,mulangin epan,PER,5104
4607,adem jalanjalan takut terimakasih polisi tni sigap sinergijagakedamaian,adem jalanjalan,PER,5106
4611,mbuletkurg ljterasi krg study bertanyapd polisi relative of yours dsb kejelasan status tersangka termul ulang ulang takut kalah sidang bantah tgn palsu foto berkcmtakasnujo menolak pembimbingkkn rubah rubah polisi bingung,berk,PER,5110
4611,mbuletkurg ljterasi krg study bertanyapd polisi relative of yours dsb kejelasan status tersangka termul ulang ulang takut kalah sidang bantah tgn palsu foto berkcmtakasnujo menolak pembimbingkkn rubah rubah polisi bingung,##cmtakasnujo,PER,5110
4619,rahmet eylesin mekn cennet olsunpolisi korban penembakan brutal anak 16th dsholatkan bapaknya imam,rahmet eylesin mekn cennet olsunpol,PER,5119
4621,polisi s1 didik diperbaiki dpr butuh s1 sesuai bidangnya tesnya bikin aturan ngasal ecstasy ngasal pemilihannya bersih kebijakannya blunder mengerti tugasnya,didik,PER,5121
4623,polisi tangkap sindikat hipnotis penipu emas uang ratusan juta pangkalpinang keempat pelaku ujang ujo luki melya berasal jakarta sumatera selatan,ujang ujo luki melya,PER,5123
4632,batal polisi panggil artis sherina munaf kucing uya kuya,sherina munaf,PER,5132
4632,batal polisi panggil artis sherina munaf kucing uya kuya,uya kuya,PER,5132
4635,selamat pagi kakak achmad mohon maaf ketidaknyamanan alami upayakan pengecekan mengambil tindakan mohon information lokasi kejadian nomor body nomor polisi rute terima kasih darling son,achmad,PER,5136
4635,selamat pagi kakak achmad mohon maaf ketidaknyamanan alami upayakan pengecekan mengambil tindakan mohon information lokasi kejadian nomor body nomor polisi rute terima kasih darling son,darling son,PER,5136
4650,ferry irwandi dilaporkan tni terkait pencemaran nama polisi via,ferry irwandi,PER,5151
4658,mm ok peduli kehidupan negara menolak usulan pendidikan wapres minimal s1 polisi suara dpr bulat tergantung ketum partai dpr mengutip bambang pacul,mm ok,PER,5159
4658,mm ok peduli kehidupan negara menolak usulan pendidikan wapres minimal s1 polisi suara dpr bulat tergantung ketum partai dpr mengutip bambang pacul,bambang pacul,PER,5159
4677,provokator bentrokin demonstran polisi demo kemarin tni biar biar polri berhenti berisik deal with it fungsi abri buka prabowo,prabowo,PER,5179
4678,ditahan misri aktif medsos wanita jambi tersangka tewasnya polisi not that bothered via,misri,PER,5180
4682,polisi tugas utamanya penegak hukum lulusan uncool ilmu hukumsarjana mengerti hukum pasca lulus polisi s1 perkuliahan now or never reguler berbeda kuliah reguler,uncool,ORG,5184
4684,dully polisi hawajakana kuwa una kundi lako walichokisema kuwa marehemu alikuwa kifafa kwa haraka haraka kama lianguka kifafa inakuaje mwili ufungwe kama sanda polisi wanafeli kuleta script unapojaribu kujisafisha unaharibu hii taarifa nikipata vielelezo nitakurudia,dully,PER,5186
4684,dully polisi hawajakana kuwa una kundi lako walichokisema kuwa marehemu alikuwa kifafa kwa haraka haraka kama lianguka kifafa inakuaje mwili ufungwe kama sanda polisi wanafeli kuleta script unapojaribu kujisafisha unaharibu hii taarifa nikipata vielelezo nitakurudia,una kundi lako walichokisema,PER,5186
4684,dully polisi hawajakana kuwa una kundi lako walichokisema kuwa marehemu alikuwa kifafa kwa haraka haraka kama lianguka kifafa inakuaje mwili ufungwe kama sanda polisi wanafeli kuleta script unapojaribu kujisafisha unaharibu hii taarifa nikipata vielelezo nitakurudia,marehemu alikuwa kifafa kwa haraka,PER,5186
4684,dully polisi hawajakana kuwa una kundi lako walichokisema kuwa marehemu alikuwa kifafa kwa haraka haraka kama lianguka kifafa inakuaje mwili ufungwe kama sanda polisi wanafeli kuleta script unapojaribu kujisafisha unaharibu hii taarifa nikipata vielelezo nitakurudia,kama lianguka kifafa inakuaje,PER,5186
4684,dully polisi hawajakana kuwa una kundi lako walichokisema kuwa marehemu alikuwa kifafa kwa haraka haraka kama lianguka kifafa inakuaje mwili ufungwe kama sanda polisi wanafeli kuleta script unapojaribu kujisafisha unaharibu hii taarifa nikipata vielelezo nitakurudia,unapojaribu kujisafisha unaharibu hii taarifa nikipata vielelezo nitakurudia,PER,5186
4685,nepal dilanda protes massal antikorupsi information dipicu larangan media sosial dicabut isu korupsi ketidaksetaraan ekonomi pm korean pride oli mundur kemarin demonstrasi berlanjut gedung parlemen dibakar bentrokan polisitentara korban tewas,pride oli,PER,5187
4687,menyimak video demo nepal rodo merinding persekusi pejabat persatu indonesia polisi militer kuat menghadapi rakyat khawatir korban pejabatnya bebal,rodo,PER,5189
4688,wercok bilang pilihan meanwhile polisi nepal,wercok,PER,5190
4693,patroli humanis pasar personil pos polisi serayu polsek pontianak kota aipda supandi melaksanakan patroli rutin menyapa warga himbauan kamtibmas patrolipolri pelayanmasyarakat,aipda supandi,PER,5196
4714,apel pagi mako polres parepare pimpin kabag ren akp paulus kasno lparepare polri polripresisi polisi polrihumanis polisiindonesia poldasulsel polresparepare,akp paulus kasno lp,PER,5218
4723,dpo polisi anggota dprd terdakwa pidana inkrah komisaris bumn pelaku pembalakan lihat main mahjong menteri gila gila,inkrah,PER,5227
4730,laras faizati khairunnisa tersangka postingan instagramnya mengajak membakar gedung mabes polri laras ditahan polisi kuasa hukumnya abdul gafur sangadji laras motif ajakan,laras faizati khairunnisa,PER,5235
4730,laras faizati khairunnisa tersangka postingan instagramnya mengajak membakar gedung mabes polri laras ditahan polisi kuasa hukumnya abdul gafur sangadji laras motif ajakan,laras,PER,5235
4730,laras faizati khairunnisa tersangka postingan instagramnya mengajak membakar gedung mabes polri laras ditahan polisi kuasa hukumnya abdul gafur sangadji laras motif ajakan,abdul gafur sangadji,PER,5235
4732,maaf normatif dasarkan fakta terkini anggun tyas ditangkap cepat laporan bank langsung pelacakan polisi efektif korupsi kuota haji kpk sidik aliran dana pejabat tersangka aspek,anggun tyas,PER,5237
4735,kisah bripda annisa mahardika polwan polda babel tergabung operasi damai cartenz polisi wanita polwan polda bangka belitung bripda annisa mahardika polwan tergabung satgas humas operasi damai cartenz,bripda annisa mahardika,PER,5241
4735,kisah bripda annisa mahardika polwan polda babel tergabung operasi damai cartenz polisi wanita polwan polda bangka belitung bripda annisa mahardika polwan tergabung satgas humas operasi damai cartenz,bripda annisa mahardika polwan,PER,5241
4737,polsek rantau pulung giat pemolisian masyarakat hadir warga melaksanakan sambang silaturahmi selasa september bripda fajar alfan nurrahmad polisi read-write desa margomulyo melaksanakan tatap muka warga,bripda fajar alfan nurrahmad,PER,5243
4742,ulah geng solo warga bekasi ditangkap intelligence polisi bekasi perjalanan demo gedung dpr tuduhan makar menjelekjelekkan negara polisi uang juta keluarga korban berangusgengsolo berangusgengsolo,berangusgengsolo,PER,5248
4742,ulah geng solo warga bekasi ditangkap intelligence polisi bekasi perjalanan demo gedung dpr tuduhan makar menjelekjelekkan negara polisi uang juta keluarga korban berangusgengsolo berangusgengsolo,berangusgengsolo,PER,5248
4745,berdasarkan sumber resmi departemen kehakiman laporan polisi charlotte motif serangan decarlos heroin jr iryna zarutska diungkap publik serangan digambarkan tindakan acak diprovokasi heroin memiliki riwayat skizofrenia,iryna zarutska,PER,5251
4746,fitnah jusuf kalla amplifier jokowi menimbukan polisi otomatis menangkap tukang fitnah memakai delik presiden amplifier ketum partai lapor demokrasi terancam,jusuf kalla,PER,5252
4746,fitnah jusuf kalla amplifier jokowi menimbukan polisi otomatis menangkap tukang fitnah memakai delik presiden amplifier ketum partai lapor demokrasi terancam,jokowi,PER,5252
4747,ilfeel menahan mual lihat polisi kopong benaran tidak ada pekerjaan nindas bunuh orang that's ok mengerti orang orang suka polisi begonya,mual,PER,5253
4752,kapolsek ngronggot akp darminto same here giat curhat kamtibmas perangkat desa tokoh masyarakat tokoh pemuda pendopo darling son klurahan kec ngronggot polisi polresnganjuk kapolresnganjuk henrinsantoso polisinganjuk polsekngronggot semangatmelayani,akp darminto same,PER,5259
4752,kapolsek ngronggot akp darminto same here giat curhat kamtibmas perangkat desa tokoh masyarakat tokoh pemuda pendopo darling son klurahan kec ngronggot polisi polresnganjuk kapolresnganjuk henrinsantoso polisinganjuk polsekngronggot semangatmelayani,henrinsantoso,PER,5259
4755,aparat polisi gabungan polres indramayu polda jabar menangkap pelaku pembunuhan keluarga kabur abk indramayu reporter debbie sutrisno video editor athif aiman idntimesjabar,debbie sutrisno,PER,5262
4755,aparat polisi gabungan polres indramayu polda jabar menangkap pelaku pembunuhan keluarga kabur abk indramayu reporter debbie sutrisno video editor athif aiman idntimesjabar,athif aiman idntimesjabar,PER,5262
4759,dukungan dpr militerpolisi dijatuhinhahahaha suharto kehilangan dukungan politik militer mundurnya paralytic menteri gus kehilangan dukungan dpr militer,dijatuhinhahahaha suharto,PER,5267
4759,dukungan dpr militerpolisi dijatuhinhahahaha suharto kehilangan dukungan politik militer mundurnya paralytic menteri gus kehilangan dukungan dpr militer,gus,PER,5267
4760,polisi berhasil menangkap pelaku berinisial wilayah panggang gunungkidul yogyakarta senin wib video editor rendy anwar idntimesjateng,rendy anwar idntimesjateng,PER,5268
4768,lapor polisi wani piro,wani piro,PER,5276
4773,kepala divisi humas polri irjen pol sandi nugroho same here mhum selamat pamong praja semoga profesional humanis menegakkan peraturan daerah menjaga ketertiban kenyamanan masyarakat,irjen pol sandi nugroho same,PER,5281
4773,kepala divisi humas polri irjen pol sandi nugroho same here mhum selamat pamong praja semoga profesional humanis menegakkan peraturan daerah menjaga ketertiban kenyamanan masyarakat,mhum,PER,5281
4774,tempo bilang kementrian mantan jenderal kementrian dipimpin mantan jenderal polisi mantan jenderal polisi kemarin direshuffle kemhan ribut,tempo,ORG,5282
4783,selamat pagi bersua mari yapping anggota polisi intinya masyarakat rakyat maklum pendidikan pasan diseragami didoktrin menjaga wibawa,mari yapping,PER,5291
4787,sosok litao dpo pembunuhan anggota dprd lolos urus skck polisi via,litao dp,PER,5295
4790,ibuprofen sri mulyani anak ajar dumateng panjenengan kedah dipun laporaken polisi,sri mulyani,PER,5298
4796,pantyhose kerajaan perpaduan tumbang pru16 kiss bagus bodoh xnmpk kepentingan stratcomm sepatutnya rakyat inisiatif polisi skang dipatahkan semudah american born chinese,stratcomm,ORG,5305
4802,polisi golkar sombong politisi golkar arogan sombong orde rezim suharto,suharto,PER,5312
4808,demonstrasi dpr ri agustus dihadang barikade beton pintu masuk polisi menyebabkan massa menumpuk puan maharani alasan dpr menolak bertemu perwakilan demonstran memicu eskalasi yusril tahanan,puan maharani,PER,5319
4808,demonstrasi dpr ri agustus dihadang barikade beton pintu masuk polisi menyebabkan massa menumpuk puan maharani alasan dpr menolak bertemu perwakilan demonstran memicu eskalasi yusril tahanan,yusril,PER,5319
4812,polisi menangkap penjahat mengenali wajah misteri kelam detektif buta wajah berjuang melawan trauma episode tayang link menonton fogdog jdrama misteri ryuheimaruyama,link,PER,5323
4822,judol bikin resah dimana dimana prioritas diberantas warga ngebobol situs judol ditangkap polisi warga dikasih hadiah ditarik diajak kerjasama polisi polisi judol mingkem,judol,PER,5336
4822,judol bikin resah dimana dimana prioritas diberantas warga ngebobol situs judol ditangkap polisi warga dikasih hadiah ditarik diajak kerjasama polisi polisi judol mingkem,judol mingkem,PER,5336
4823,pm media access control 2020ogos muhyiddin cadang permit pekerja asing izin amplifier program amnesty sumber bernama kritik polisi hadkan bantuan covid warga hrw rancang middlemen amplifier multitier levy,2020ogos,PER,5337
4823,pm media access control 2020ogos muhyiddin cadang permit pekerja asing izin amplifier program amnesty sumber bernama kritik polisi hadkan bantuan covid warga hrw rancang middlemen amplifier multitier levy,muhyiddin,PER,5337
4823,pm media access control 2020ogos muhyiddin cadang permit pekerja asing izin amplifier program amnesty sumber bernama kritik polisi hadkan bantuan covid warga hrw rancang middlemen amplifier multitier levy,covid,PER,5337
4823,pm media access control 2020ogos muhyiddin cadang permit pekerja asing izin amplifier program amnesty sumber bernama kritik polisi hadkan bantuan covid warga hrw rancang middlemen amplifier multitier levy,hrw,ORG,5337
4828,setuju prinsip dikenal rumusan blackstone konteks demo agustus komnas ham selidiki kematian amplifier ribuan penangkapan pastikan keadilan kriminalisasi berlebih laporan polisi tahanan dibebaskan,blackstone,PER,5342
4831,kapolri jenderal polisi drs listyo sigit prabowo mengajak elemen masyarakat menjaga persatuan kesatuan dinamika pernyataan kapolri dead on arrival,jenderal polisi drs listyo sigit prabowo,PER,5345
4833,keluarga wiranto mengaku lega salah pelaku berstatus dpo litao anggota dprd wakatobi ditetapkan tersangka polda sultra baca dprd wakatobi polisi,wiranto,PER,5347
4833,keluarga wiranto mengaku lega salah pelaku berstatus dpo litao anggota dprd wakatobi ditetapkan tersangka polda sultra baca dprd wakatobi polisi,dpo litao,PER,5347
4841,any second now kemenkeu menangis jasa stop it sri naikn gaji alasan biar korupsi gayus gayus lihat becuk gaji polisi versus satpam baca kinerjanya,sri,PER,5355
4842,memperkuat mempercepat kehancuran republik sebuta setuli presiden prabowo sepenakut asia tuntut ganti kapolri bubarkan polisi makzulkan gibran wapres ilegal,prabowo,PER,5356
4842,memperkuat mempercepat kehancuran republik sebuta setuli presiden prabowo sepenakut asia tuntut ganti kapolri bubarkan polisi makzulkan gibran wapres ilegal,gibran,PER,5356
4853,calon hakim agung goblok mental koruptor maling ayam diserahkan polisi bonyok duluan kena over the top serahin masyarakat biar bonyokin pakai baju borgol dasar anjing,bonyok,PER,5367
4853,calon hakim agung goblok mental koruptor maling ayam diserahkan polisi bonyok duluan kena over the top serahin masyarakat biar bonyokin pakai baju borgol dasar anjing,bonyokin,PER,5367
4858,kukar satuan polisi perairan udara scholastic assessment test polairud polres kutai kartanegara aktif menjalin kedekatan masyarakat pesisir minggu personel scholastic assessment test polairud melaksanakan kegiatan sambang tatap muka warga nelayan wilayah pesisir,scholastic assessment test,ORG,5372
4858,kukar satuan polisi perairan udara scholastic assessment test polairud polres kutai kartanegara aktif menjalin kedekatan masyarakat pesisir minggu personel scholastic assessment test polairud melaksanakan kegiatan sambang tatap muka warga nelayan wilayah pesisir,scholastic assessment test,ORG,5372
4866,kemarin september 13hari kematian affan pejabat unjuk arogan jalan sipil berstrobo polisi pakai mobil samaran tni pengawalan luka berduka sesal bebal mengaktifkan kemarahan,affan,PER,5382
4869,polisi mnachafua hewa oksijeni bhana msije tena mahakamani hali vikwapa vyao mbona hakusema mtoa taarifa,mnachafua hewa oksijeni bhana msije tena mahakamani,PER,5385
4869,polisi mnachafua hewa oksijeni bhana msije tena mahakamani hali vikwapa vyao mbona hakusema mtoa taarifa,hali vikwapa vyao mbona hakusema mtoa,PER,5385
4895,kejadian nyata video viral juli sopir bus hentikan mobil polisi thinking out loud indonesia dilaporkan media tribun sumsel tiktok insiden asli adegan film keren,tribun sumsel,ORG,5412
4915,setuju bicara obyektif rasional figur publik terkait pernyataan menko yusril pelanggaran ham penanganan tahanan demo sumber hrw melaporkan ribuan penangkapan tudingan kekerasan polisi agustus pemerintah,yusril,PER,5434
4915,setuju bicara obyektif rasional figur publik terkait pernyataan menko yusril pelanggaran ham penanganan tahanan demo sumber hrw melaporkan ribuan penangkapan tudingan kekerasan polisi agustus pemerintah,hrw,ORG,5434
4916,dugaan pidana azas praduga bersalah tuduhan relative of yours suryo pakde jokowi polisi,suryo pakde jokowi,PER,5435
4921,profil juinta omboh komandan satuan siber tni adukan ferry malaka proyek polisi,juinta omboh,PER,5440
4924,anjirngeribgtdi indonesia polisi seram bgtini seram,anjirngeribgt,PER,5443
4933,kapolsek selemadeg kompol wayan suastika same here staf bhayangkari selamat raya pagerwesi umat hindu sedharma rabu,kompol wayan suastika,PER,5455
4947,tawa berlebihan bangkee mimpi dicekel polisi diselamatkan prabowo,prabowo,PER,5469
4949,kapolsek selemadeg timur beserta staf bhayangkari rahajeng rahina pagerwesi,rahajeng rahina pagerwesi,PER,5471
4951,harunya polisi berhak dugaan ranah perkara break into computer systems or software ngaju banding ferry ranah tni prantara kena pasal belajar ruu,ferry,PER,5473
4953,istrinya takut ferry dilaporin polisisiber tni istrinya takut ferry disuruh nungging,ferry,PER,5475
4953,istrinya takut ferry dilaporin polisisiber tni istrinya takut ferry disuruh nungging,ferry,PER,5475
4959,kemarin blonde behel villain polisi dermatory setahun kyungsoo,blonde behel villa,PER,5481
4959,kemarin blonde behel villain polisi dermatory setahun kyungsoo,kyungsoo,PER,5481
4960,lapor polisi sean police best friend,sean police best friend,PER,5482
4962,polisi jjaran hukum pecat orang dpo,jjaran,PER,5484
4968,presiden oviedo polisi temukan bukti teriakan rasis vinicius junior dugaan teriakan rasis menimpa vinicius junior laga nyata oviedo kontra nyata madrid perbincangan hangat baca sahabat303 realoviedo vinicius,oviedo,PER,5490
4968,presiden oviedo polisi temukan bukti teriakan rasis vinicius junior dugaan teriakan rasis menimpa vinicius junior laga nyata oviedo kontra nyata madrid perbincangan hangat baca sahabat303 realoviedo vinicius,vinicius junior,PER,5490
4968,presiden oviedo polisi temukan bukti teriakan rasis vinicius junior dugaan teriakan rasis menimpa vinicius junior laga nyata oviedo kontra nyata madrid perbincangan hangat baca sahabat303 realoviedo vinicius,vinicius junior,PER,5490
4968,presiden oviedo polisi temukan bukti teriakan rasis vinicius junior dugaan teriakan rasis menimpa vinicius junior laga nyata oviedo kontra nyata madrid perbincangan hangat baca sahabat303 realoviedo vinicius,oviedo,PER,5490
4968,presiden oviedo polisi temukan bukti teriakan rasis vinicius junior dugaan teriakan rasis menimpa vinicius junior laga nyata oviedo kontra nyata madrid perbincangan hangat baca sahabat303 realoviedo vinicius,vinicius,PER,5490
4971,protes nepal memanas laporan british broadcasting corporation reuters hrw orang tewas ditembak polisi flatulence blanked mata bilang demonstran bobol parlemen bakar gedungnya pmnya mundur ngeri information terbaru berita global,british broadcasting corporation,ORG,5493
4972,amafoto multi user karere kakak bugesera umuyobozi mukuru polisi rwanda computer graphics felix namuhoranye yashyize akadomo ku cyiciro see you see you special weapons and tactics kursus aya masomo yamaze amezi ahabwa abapolisi barimo ab igitsinagore yabereye multi user kigo see you polisi see you cttc mayange,karere kakak bugesera umuyobozi,PER,5494
4972,amafoto multi user karere kakak bugesera umuyobozi mukuru polisi rwanda computer graphics felix namuhoranye yashyize akadomo ku cyiciro see you see you special weapons and tactics kursus aya masomo yamaze amezi ahabwa abapolisi barimo ab igitsinagore yabereye multi user kigo see you polisi see you cttc mayange,felix namuhoranye,PER,5494
4972,amafoto multi user karere kakak bugesera umuyobozi mukuru polisi rwanda computer graphics felix namuhoranye yashyize akadomo ku cyiciro see you see you special weapons and tactics kursus aya masomo yamaze amezi ahabwa abapolisi barimo ab igitsinagore yabereye multi user kigo see you polisi see you cttc mayange,yashyize akadomo ku,PER,5494
4972,amafoto multi user karere kakak bugesera umuyobozi mukuru polisi rwanda computer graphics felix namuhoranye yashyize akadomo ku cyiciro see you see you special weapons and tactics kursus aya masomo yamaze amezi ahabwa abapolisi barimo ab igitsinagore yabereye multi user kigo see you polisi see you cttc mayange,aya masomo yamaze amezi ahabwa,PER,5494
4972,amafoto multi user karere kakak bugesera umuyobozi mukuru polisi rwanda computer graphics felix namuhoranye yashyize akadomo ku cyiciro see you see you special weapons and tactics kursus aya masomo yamaze amezi ahabwa abapolisi barimo ab igitsinagore yabereye multi user kigo see you polisi see you cttc mayange,barimo ab igitsinagore yabereye,PER,5494
4975,uyu munsi umuyobozi mukuru polisi hey you rwanda computer graphics felix namuhoranye yasoje icyiciro see you cy amasomo yumutwe wihariye mugukoresha intwaro amayeri urugamba special weapons and tactics kursus aya mahugurwa yari amaze amezi,uyu munsi umuyobozi mukuru polisi,PER,5499
4975,uyu munsi umuyobozi mukuru polisi hey you rwanda computer graphics felix namuhoranye yasoje icyiciro see you cy amasomo yumutwe wihariye mugukoresha intwaro amayeri urugamba special weapons and tactics kursus aya mahugurwa yari amaze amezi,felix namuhoranye,PER,5499
4975,uyu munsi umuyobozi mukuru polisi hey you rwanda computer graphics felix namuhoranye yasoje icyiciro see you cy amasomo yumutwe wihariye mugukoresha intwaro amayeri urugamba special weapons and tactics kursus aya mahugurwa yari amaze amezi,yasoje icyiciro,PER,5499
4975,uyu munsi umuyobozi mukuru polisi hey you rwanda computer graphics felix namuhoranye yasoje icyiciro see you cy amasomo yumutwe wihariye mugukoresha intwaro amayeri urugamba special weapons and tactics kursus aya mahugurwa yari amaze amezi,cy amasomo yumutwe wihariye mugukoresha intwaro amayeri,PER,5499
4975,uyu munsi umuyobozi mukuru polisi hey you rwanda computer graphics felix namuhoranye yasoje icyiciro see you cy amasomo yumutwe wihariye mugukoresha intwaro amayeri urugamba special weapons and tactics kursus aya mahugurwa yari amaze amezi,aya mahugurwa yari amaze amezi,PER,5499
4976,oapolri jenderal polisi drs listyo sigit prabowo menghadiri acara dead on arrival peringatan maulid nabi muhammad saw lapangan presisi polda metro jaya minggu,jenderal polisi drs listyo sigit prabowo,PER,5500
4978,imurikagurisha exposition ryaberaga multi user karere kakak rwamagana rirangiye nyuma iminsi idiot abaryitabiriye basabwe kongera imbaraga multi user bikorerwa multi user rwanda kuri uyu nzeri ku kibuga see you polisi rwamagana hashojwe imurikagurisha exposition rya ry intara iburasirazuba iyi,imurikagurisha,PER,5502
4978,imurikagurisha exposition ryaberaga multi user karere kakak rwamagana rirangiye nyuma iminsi idiot abaryitabiriye basabwe kongera imbaraga multi user bikorerwa multi user rwanda kuri uyu nzeri ku kibuga see you polisi rwamagana hashojwe imurikagurisha exposition rya ry intara iburasirazuba iyi,ryaberaga,PER,5502
4978,imurikagurisha exposition ryaberaga multi user karere kakak rwamagana rirangiye nyuma iminsi idiot abaryitabiriye basabwe kongera imbaraga multi user bikorerwa multi user rwanda kuri uyu nzeri ku kibuga see you polisi rwamagana hashojwe imurikagurisha exposition rya ry intara iburasirazuba iyi,karere,PER,5502
4978,imurikagurisha exposition ryaberaga multi user karere kakak rwamagana rirangiye nyuma iminsi idiot abaryitabiriye basabwe kongera imbaraga multi user bikorerwa multi user rwanda kuri uyu nzeri ku kibuga see you polisi rwamagana hashojwe imurikagurisha exposition rya ry intara iburasirazuba iyi,kakak,PER,5502
4978,imurikagurisha exposition ryaberaga multi user karere kakak rwamagana rirangiye nyuma iminsi idiot abaryitabiriye basabwe kongera imbaraga multi user bikorerwa multi user rwanda kuri uyu nzeri ku kibuga see you polisi rwamagana hashojwe imurikagurisha exposition rya ry intara iburasirazuba iyi,rwamagana,PER,5502
4978,imurikagurisha exposition ryaberaga multi user karere kakak rwamagana rirangiye nyuma iminsi idiot abaryitabiriye basabwe kongera imbaraga multi user bikorerwa multi user rwanda kuri uyu nzeri ku kibuga see you polisi rwamagana hashojwe imurikagurisha exposition rya ry intara iburasirazuba iyi,rirangiye nyuma iminsi idiot abaryitabiriye basabwe kongera imbaraga,PER,5502
4978,imurikagurisha exposition ryaberaga multi user karere kakak rwamagana rirangiye nyuma iminsi idiot abaryitabiriye basabwe kongera imbaraga multi user bikorerwa multi user rwanda kuri uyu nzeri ku kibuga see you polisi rwamagana hashojwe imurikagurisha exposition rya ry intara iburasirazuba iyi,bikorerwa,PER,5502
4978,imurikagurisha exposition ryaberaga multi user karere kakak rwamagana rirangiye nyuma iminsi idiot abaryitabiriye basabwe kongera imbaraga multi user bikorerwa multi user rwanda kuri uyu nzeri ku kibuga see you polisi rwamagana hashojwe imurikagurisha exposition rya ry intara iburasirazuba iyi,kuri uyu nzeri,PER,5502
4978,imurikagurisha exposition ryaberaga multi user karere kakak rwamagana rirangiye nyuma iminsi idiot abaryitabiriye basabwe kongera imbaraga multi user bikorerwa multi user rwanda kuri uyu nzeri ku kibuga see you polisi rwamagana hashojwe imurikagurisha exposition rya ry intara iburasirazuba iyi,hashojwe imurikagurisha,PER,5502
4978,imurikagurisha exposition ryaberaga multi user karere kakak rwamagana rirangiye nyuma iminsi idiot abaryitabiriye basabwe kongera imbaraga multi user bikorerwa multi user rwanda kuri uyu nzeri ku kibuga see you polisi rwamagana hashojwe imurikagurisha exposition rya ry intara iburasirazuba iyi,rya ry intara iburasirazuba iyi,PER,5502
4979,titik yako ina sense lorry pizza polisi parking kwa site construction stop it kawaida parking yao inaonekena suspicious lakini owner alisema permission searches zangu hazionyeshi evidence kitu kingine kama una information zaidi theory shiriki unadhani nini,inaonekena,PER,5503
4979,titik yako ina sense lorry pizza polisi parking kwa site construction stop it kawaida parking yao inaonekena suspicious lakini owner alisema permission searches zangu hazionyeshi evidence kitu kingine kama una information zaidi theory shiriki unadhani nini,alisema,PER,5503
4979,titik yako ina sense lorry pizza polisi parking kwa site construction stop it kawaida parking yao inaonekena suspicious lakini owner alisema permission searches zangu hazionyeshi evidence kitu kingine kama una information zaidi theory shiriki unadhani nini,zangu hazionyeshi,PER,5503
4979,titik yako ina sense lorry pizza polisi parking kwa site construction stop it kawaida parking yao inaonekena suspicious lakini owner alisema permission searches zangu hazionyeshi evidence kitu kingine kama una information zaidi theory shiriki unadhani nini,kitu kingine kama,PER,5503
4979,titik yako ina sense lorry pizza polisi parking kwa site construction stop it kawaida parking yao inaonekena suspicious lakini owner alisema permission searches zangu hazionyeshi evidence kitu kingine kama una information zaidi theory shiriki unadhani nini,shiriki unadhani nini,PER,5503
4981,kamanda polisi huko mumias mashariki doris chemoso alieleza kwa kina tukio lililotokea kabla baada mauaji kusikitisha wycliffe mwanza,huko mumias mashariki,PER,5505
4981,kamanda polisi huko mumias mashariki doris chemoso alieleza kwa kina tukio lililotokea kabla baada mauaji kusikitisha wycliffe mwanza,doris chemoso alieleza,PER,5505
4981,kamanda polisi huko mumias mashariki doris chemoso alieleza kwa kina tukio lililotokea kabla baada mauaji kusikitisha wycliffe mwanza,kwa kina tukio lililotokea kabla baada mauaji kusikitisha wycliffe mwanza,PER,5505
4983,situasi nepal tegang demo antikorupsi memaksa pm oli mundur laporan demonstran bawa senjata bentrok polisi gedung parlemen dibakar militer dikerahkan tanda perang saudara penuh krisis politik pantau berita resmi,oli,PER,5507
4984,harun masiku lindungi loyalis jokowi orang ditemukan polisi,harun masiku,PER,5508
4984,harun masiku lindungi loyalis jokowi orang ditemukan polisi,jokowi,PER,5508
4985,nepal warga marah pemerintah pm korean pride sharma oli korupsi pengangguran larangan media sosial protes antikorupsi information berujung bentrokan polisi orang tewas menteri keuangan bishnu paudel diserang demonstran pm oli mundur video,pride sharma,PER,5509
4985,nepal warga marah pemerintah pm korean pride sharma oli korupsi pengangguran larangan media sosial protes antikorupsi information berujung bentrokan polisi orang tewas menteri keuangan bishnu paudel diserang demonstran pm oli mundur video,bishnu paudel,PER,5509
4987,jeshi cantonese exclamation polisi lilisema limewakamata wote wenye magari yenye namba hizo vipi mbona hili linazunguka likifanya kampeni,lilisema limewakamata,PER,5512
4987,jeshi cantonese exclamation polisi lilisema limewakamata wote wenye magari yenye namba hizo vipi mbona hili linazunguka likifanya kampeni,wenye magari yenye namba hizo vipi mbona hili linazunguka likifanya kampeni,PER,5512
4989,rakyat bentrok polisi pejabat korupsi mengeluarkan massa lakukan eko sahroni uya kuya sri contoh tindakan salah dampak politik efektif deal bagemana,eko sahroni uya kuya sri,PER,5514
4990,rakyat bentrok polisi pejabat korupsi mengeluarkan massa serang eko sahroni uya kuya contoh tindakan salah dampak politik efektif deal bagemana,eko sahroni uya kuya,PER,5515
4992,polisi kenya lakini wanakuanga maumbwa annoyance,lakini wanakuanga maumbwa annoyance,PER,5518
4993,jenderaltniagus subiyanto danstsiber tni brigjen juinta omboh sembiring danpuspom mayjen tni yusri nuryanto kapuspen tni brigjen tni mar freddy ardianzah kababinkum tni laksda farid maruf bikin laporan ferry polisi,jenderaltniagus subiyanto,PER,5519
4993,jenderaltniagus subiyanto danstsiber tni brigjen juinta omboh sembiring danpuspom mayjen tni yusri nuryanto kapuspen tni brigjen tni mar freddy ardianzah kababinkum tni laksda farid maruf bikin laporan ferry polisi,brigjen juinta omboh sembiring,PER,5519
4993,jenderaltniagus subiyanto danstsiber tni brigjen juinta omboh sembiring danpuspom mayjen tni yusri nuryanto kapuspen tni brigjen tni mar freddy ardianzah kababinkum tni laksda farid maruf bikin laporan ferry polisi,mayjen tni yusri nuryanto,PER,5519
4993,jenderaltniagus subiyanto danstsiber tni brigjen juinta omboh sembiring danpuspom mayjen tni yusri nuryanto kapuspen tni brigjen tni mar freddy ardianzah kababinkum tni laksda farid maruf bikin laporan ferry polisi,brigjen tni mar freddy ardianzah,PER,5519
4993,jenderaltniagus subiyanto danstsiber tni brigjen juinta omboh sembiring danpuspom mayjen tni yusri nuryanto kapuspen tni brigjen tni mar freddy ardianzah kababinkum tni laksda farid maruf bikin laporan ferry polisi,laksda farid maruf,PER,5519
4993,jenderaltniagus subiyanto danstsiber tni brigjen juinta omboh sembiring danpuspom mayjen tni yusri nuryanto kapuspen tni brigjen tni mar freddy ardianzah kababinkum tni laksda farid maruf bikin laporan ferry polisi,ferry polisi,PER,5519
4994,wakishalewa madaraka wanafikiri polisi itawasaidia,wakishalewa madaraka wanafikir,PER,5520
4996,kuwa umuyobozi polisi hey you rwanda computer graphics felix namuhoranye yasoje icyiciro see you cy amasomo yumutwe wihariye mugukoresha intwaro amayeri urugamba special weapons and tactics kursus,kuwa umuyobozi,PER,5522
4996,kuwa umuyobozi polisi hey you rwanda computer graphics felix namuhoranye yasoje icyiciro see you cy amasomo yumutwe wihariye mugukoresha intwaro amayeri urugamba special weapons and tactics kursus,felix namuhoranye,PER,5522
4996,kuwa umuyobozi polisi hey you rwanda computer graphics felix namuhoranye yasoje icyiciro see you cy amasomo yumutwe wihariye mugukoresha intwaro amayeri urugamba special weapons and tactics kursus,yasoje icyiciro,PER,5522
4996,kuwa umuyobozi polisi hey you rwanda computer graphics felix namuhoranye yasoje icyiciro see you cy amasomo yumutwe wihariye mugukoresha intwaro amayeri urugamba special weapons and tactics kursus,cy amasomo yumutwe wihariye mugukoresha intwaro amayeri,PER,5522
4997,tumearifiwa kuhusu kukamatwa kwa defence against the dark arts  yetu sauda madaada polisi huko busia wakati anajaribu kuvuka mpaka alipouliza juu kwanini alikamatwa aliambiwa kwamba faili yake iko kwa polisi wandegeya kwamba watamhamisha hapo freeuganda,tumearifiwa,PER,5523
4997,tumearifiwa kuhusu kukamatwa kwa defence against the dark arts  yetu sauda madaada polisi huko busia wakati anajaribu kuvuka mpaka alipouliza juu kwanini alikamatwa aliambiwa kwamba faili yake iko kwa polisi wandegeya kwamba watamhamisha hapo freeuganda,huko busia,PER,5523
4997,tumearifiwa kuhusu kukamatwa kwa defence against the dark arts  yetu sauda madaada polisi huko busia wakati anajaribu kuvuka mpaka alipouliza juu kwanini alikamatwa aliambiwa kwamba faili yake iko kwa polisi wandegeya kwamba watamhamisha hapo freeuganda,wakati anajaribu kuvuka mpaka alipouliza juu kwanini,PER,5523
4997,tumearifiwa kuhusu kukamatwa kwa defence against the dark arts  yetu sauda madaada polisi huko busia wakati anajaribu kuvuka mpaka alipouliza juu kwanini alikamatwa aliambiwa kwamba faili yake iko kwa polisi wandegeya kwamba watamhamisha hapo freeuganda,hapo freeuganda,PER,5523
4999,tarr mewek mewek sri mulyani laporin polisi buktikan omongan agen central intelligence agency nyamar level dibawah sri mulyani songong anak,tarr,PER,5526
4999,tarr mewek mewek sri mulyani laporin polisi buktikan omongan agen central intelligence agency nyamar level dibawah sri mulyani songong anak,sri mulyani,PER,5526
4999,tarr mewek mewek sri mulyani laporin polisi buktikan omongan agen central intelligence agency nyamar level dibawah sri mulyani songong anak,central intelligence agency,ORG,5526
4999,tarr mewek mewek sri mulyani laporin polisi buktikan omongan agen central intelligence agency nyamar level dibawah sri mulyani songong anak,sri mulyani songong,PER,5526
5001,uko morogoro kuna baba alikuwa anamuingilia kinyume maumbile mtoto wake miaka huyo baba alishaachana mke wake akawa anaishi watoto wake tayari polisi wamemkamata utv news,uko morogoro kuna baba alikuwa anamuingilia kinyume maumbile mtoto,PER,5528
5001,uko morogoro kuna baba alikuwa anamuingilia kinyume maumbile mtoto wake miaka huyo baba alishaachana mke wake akawa anaishi watoto wake tayari polisi wamemkamata utv news,akawa anaishi watoto,PER,5528
5001,uko morogoro kuna baba alikuwa anamuingilia kinyume maumbile mtoto wake miaka huyo baba alishaachana mke wake akawa anaishi watoto wake tayari polisi wamemkamata utv news,##ata utv news,ORG,5528
5006,nigga casually said ukizua utararuliwa rectum hesitation polisi,nigga casually,PER,5533
5006,nigga casually said ukizua utararuliwa rectum hesitation polisi,ukizua utara,PER,5533
5006,nigga casually said ukizua utararuliwa rectum hesitation polisi,##ruliwa,PER,5533
5008,pajaknya masuk akal phk besaran ngegas pajak gandeng polisi luhut,luhut,PER,5535
5013,ikan busuk awali kepalanya llu menjalar tubuhnya sektor ekornya busuk ekornya mustinya buang musnahkan trsisa bakar lumbungnya tikus menguasai lumbung mendiang gusdur,gusdur,PER,5540
5016,lindas polisi flatulence blanked mata,lindas,PER,5545
5020,amafoto umuyobozi mukuru polisi hey you rwanda computer graphics felix namuhoranye yasoje icyiciro see you cy amasomo yumutwe wihariye multi user gukoresha intwaro amayeri urugamba special weapons and tactics kursus aya mahugurwa yamezi yahawe abapolisi barimo abigitsinagore yatangiwe multi user kigo see you,amafoto umuyobozi,PER,5549
5020,amafoto umuyobozi mukuru polisi hey you rwanda computer graphics felix namuhoranye yasoje icyiciro see you cy amasomo yumutwe wihariye multi user gukoresha intwaro amayeri urugamba special weapons and tactics kursus aya mahugurwa yamezi yahawe abapolisi barimo abigitsinagore yatangiwe multi user kigo see you,felix namuhoranye,PER,5549
5020,amafoto umuyobozi mukuru polisi hey you rwanda computer graphics felix namuhoranye yasoje icyiciro see you cy amasomo yumutwe wihariye multi user gukoresha intwaro amayeri urugamba special weapons and tactics kursus aya mahugurwa yamezi yahawe abapolisi barimo abigitsinagore yatangiwe multi user kigo see you,yasoje icyiciro,PER,5549
5020,amafoto umuyobozi mukuru polisi hey you rwanda computer graphics felix namuhoranye yasoje icyiciro see you cy amasomo yumutwe wihariye multi user gukoresha intwaro amayeri urugamba special weapons and tactics kursus aya mahugurwa yamezi yahawe abapolisi barimo abigitsinagore yatangiwe multi user kigo see you,cy amasomo yumutwe wihariye,PER,5549
5020,amafoto umuyobozi mukuru polisi hey you rwanda computer graphics felix namuhoranye yasoje icyiciro see you cy amasomo yumutwe wihariye multi user gukoresha intwaro amayeri urugamba special weapons and tactics kursus aya mahugurwa yamezi yahawe abapolisi barimo abigitsinagore yatangiwe multi user kigo see you,gukoresha intwaro amayeri,PER,5549
5020,amafoto umuyobozi mukuru polisi hey you rwanda computer graphics felix namuhoranye yasoje icyiciro see you cy amasomo yumutwe wihariye multi user gukoresha intwaro amayeri urugamba special weapons and tactics kursus aya mahugurwa yamezi yahawe abapolisi barimo abigitsinagore yatangiwe multi user kigo see you,urugamb,PER,5549
5020,amafoto umuyobozi mukuru polisi hey you rwanda computer graphics felix namuhoranye yasoje icyiciro see you cy amasomo yumutwe wihariye multi user gukoresha intwaro amayeri urugamba special weapons and tactics kursus aya mahugurwa yamezi yahawe abapolisi barimo abigitsinagore yatangiwe multi user kigo see you,aya mahugurwa yamezi yahawe,PER,5549
5020,amafoto umuyobozi mukuru polisi hey you rwanda computer graphics felix namuhoranye yasoje icyiciro see you cy amasomo yumutwe wihariye multi user gukoresha intwaro amayeri urugamba special weapons and tactics kursus aya mahugurwa yamezi yahawe abapolisi barimo abigitsinagore yatangiwe multi user kigo see you,abapolisi barimo abigitsinagore yatangiwe,PER,5549
5020,amafoto umuyobozi mukuru polisi hey you rwanda computer graphics felix namuhoranye yasoje icyiciro see you cy amasomo yumutwe wihariye multi user gukoresha intwaro amayeri urugamba special weapons and tactics kursus aya mahugurwa yamezi yahawe abapolisi barimo abigitsinagore yatangiwe multi user kigo see you,kigo,PER,5549
5022,mi polisi yetu nayo inatakiwa ikamatwe yaani hey you mayadi mmeoneshwa majumba wizi mnakimbia kukamata walima bangi vipi mateja ambao wameweka serikali kiganjani kama pumbu kamateni hao,yetu nayo inatakiwa ikamatwe,PER,5551
5028,gerakan demo stop it polisi dik main kekerasan diajak kompromi takut cuannya hilang anak penjabat merusuh bikin fokus demo kabur influencer diemdiem indonesia fucked update kunker presidennya halusinasi wakilnya halusinasi,kunker,PER,5558
5032,polisi kejaksaan kerja giliran nangkap rakyat gercep sembunyi kolong jembatan temukan giliran nangkap orang orangnya jokowi sapi ompong letoy berdaya,jokowi,PER,5562
5033,uajiri polisi uhaba fedha huenda ukaathiri uajiri polisi usajili makurutu elfu10 unafaa kuanza juma hili and so on blah fedha pizza uajiri zilielekezwa kwa huduma taifa polisi darubini read-write,uajiri,PER,5563
5033,uajiri polisi uhaba fedha huenda ukaathiri uajiri polisi usajili makurutu elfu10 unafaa kuanza juma hili and so on blah fedha pizza uajiri zilielekezwa kwa huduma taifa polisi darubini read-write,fedha huenda ukaathiri,PER,5563
5033,uajiri polisi uhaba fedha huenda ukaathiri uajiri polisi usajili makurutu elfu10 unafaa kuanza juma hili and so on blah fedha pizza uajiri zilielekezwa kwa huduma taifa polisi darubini read-write,uajiri,PER,5563
5033,uajiri polisi uhaba fedha huenda ukaathiri uajiri polisi usajili makurutu elfu10 unafaa kuanza juma hili and so on blah fedha pizza uajiri zilielekezwa kwa huduma taifa polisi darubini read-write,usajili makurutu,PER,5563
5033,uajiri polisi uhaba fedha huenda ukaathiri uajiri polisi usajili makurutu elfu10 unafaa kuanza juma hili and so on blah fedha pizza uajiri zilielekezwa kwa huduma taifa polisi darubini read-write,unafaa kuanza juma hili,PER,5563
5033,uajiri polisi uhaba fedha huenda ukaathiri uajiri polisi usajili makurutu elfu10 unafaa kuanza juma hili and so on blah fedha pizza uajiri zilielekezwa kwa huduma taifa polisi darubini read-write,uajiri zilielekezwa kwa huduma taifa polisi darubini,PER,5563
5034,wahuni bodaboda wamiliki magari wataka hatua kuchukuliwa baadhi wahudumu bodaboda wachoma magari wahudumu wanataka polisi wawachukulie hatua citizennipashe,wahuni bodaboda wamiliki,PER,5564
5034,wahuni bodaboda wamiliki magari wataka hatua kuchukuliwa baadhi wahudumu bodaboda wachoma magari wahudumu wanataka polisi wawachukulie hatua citizennipashe,magari wataka hatua kuchukuliwa baadhi wahudumu,PER,5564
5034,wahuni bodaboda wamiliki magari wataka hatua kuchukuliwa baadhi wahudumu bodaboda wachoma magari wahudumu wanataka polisi wawachukulie hatua citizennipashe,bodaboda wachoma magari wahudumu wanataka,PER,5564
5038,extended play lihat sbnrnya ditutup ceritanya gambar grup polisi beijang habis muncul adegan perasaan enak nenangin anggap mimpinya shenyi tawa berlebihan,shenyi,PER,5568
5044,komentar feri amsari terkait rencana tni laporkan ferry irwandi polisi institusi manusia bawa perasaan kemarin kakak forget it debat mom alert bayi vintage gantian kakak fa debat mom alert bayi vintage militer salah militer baperan heraloebs,feri amsari,PER,5575
5044,komentar feri amsari terkait rencana tni laporkan ferry irwandi polisi institusi manusia bawa perasaan kemarin kakak forget it debat mom alert bayi vintage gantian kakak fa debat mom alert bayi vintage militer salah militer baperan heraloebs,ferry irwandi,PER,5575
5044,komentar feri amsari terkait rencana tni laporkan ferry irwandi polisi institusi manusia bawa perasaan kemarin kakak forget it debat mom alert bayi vintage gantian kakak fa debat mom alert bayi vintage militer salah militer baperan heraloebs,baperan heraloebs,PER,5575
5045,drntwali mbaniriwe muri byinshi ariko iyi nkuru mbanyibonye nihuta nkomeza imirimo yanjye uyu umunsi umuyobozi mukuru polisi hey you rwanda computer graphics felix namuhoranye yasoje icyiciro see you cy amasomo yibanze yumutwe wihariye polisi uncool police special forces kursus,drntwali mbaniriwe muri byinshi ariko iyi nkuru mbanyibonye nihuta nkomeza imirimo yanjye uyu umunsi umuyobozi mukuru,PER,5576
5045,drntwali mbaniriwe muri byinshi ariko iyi nkuru mbanyibonye nihuta nkomeza imirimo yanjye uyu umunsi umuyobozi mukuru polisi hey you rwanda computer graphics felix namuhoranye yasoje icyiciro see you cy amasomo yibanze yumutwe wihariye polisi uncool police special forces kursus,felix namuhoranye,PER,5576
5045,drntwali mbaniriwe muri byinshi ariko iyi nkuru mbanyibonye nihuta nkomeza imirimo yanjye uyu umunsi umuyobozi mukuru polisi hey you rwanda computer graphics felix namuhoranye yasoje icyiciro see you cy amasomo yibanze yumutwe wihariye polisi uncool police special forces kursus,yasoje icyiciro,PER,5576
5045,drntwali mbaniriwe muri byinshi ariko iyi nkuru mbanyibonye nihuta nkomeza imirimo yanjye uyu umunsi umuyobozi mukuru polisi hey you rwanda computer graphics felix namuhoranye yasoje icyiciro see you cy amasomo yibanze yumutwe wihariye polisi uncool police special forces kursus,cy amasomo yibanze yumutwe wihariye,PER,5576
5046,sayang memproses aduan kemhan pastikan polisi militer memproses tuntas laporan ever pasaribu keluarganya dibunuh dibakar ayahnya meliput usaha judi dibekingi tentara enaknya,ever pasaribu,PER,5577
5048,informasi kehilangan dompet hilang dompet kulit berwarna coklat shoot tulisan pjb pojok kanan dompet stnk motor nomor polisi ktp ketemu subscriber identity module nama mahsarana adiyatma farzana dompet terjatuh,mahsarana adiyatma farzana,PER,5579
5049,polisi militer berbelot rakyat pemerintah kolaps dukungan samsek,samsek,PER,5580
5050,heboh ferry irwandi polisi institusi laporkan pencemaran nama,ferry irwandi,PER,5581
5052,menyadarkan polisi dibawah tameng melawan atasannya mustahil brainwash mentality sir sir,sir sir,PER,5583
5053,sri mulyani pertimbangkan bukti konteksnya konsultasi grup hukum memenuhi unsur pencemaran lapor polisi prioritas utama fokus tugas negara setuju,sri mulyani,PER,5584
5055,rakyat tolong jaga prabowosaya lihat ketulusannya anjing balita dijaga indonesiaketulusan menaikkan jabatan polisi pembunuh,prabowo,PER,5586
5062,polisi kenya wajinga mno,wajinga mno,PER,5593
5071,perlakuannya timpang kompol cosmas bripka rohmat jelasjelas berstatus polisi zionis idf pembunuh persetan israel adil asysyahid affan kurniawan gratis palestine,bripka rohmat,PER,5603
5071,perlakuannya timpang kompol cosmas bripka rohmat jelasjelas berstatus polisi zionis idf pembunuh persetan israel adil asysyahid affan kurniawan gratis palestine,adil asysyahid affan kurniawan,PER,5603
5072,mamat ditangkap polisi sebar video porno mantan pacar,mamat,PER,5604
5074,nepal iko katika ukanda saa npt nepal of course ambayo utc545 kwa sasa kuna maandamano makubwa vijana information dhidi marufuku mitandao kijamii ufisadi angalau watu wameuawa zaidi wamejeruhiwa katika mapambano polisi waziri mkuu korean pride,iko katika ukanda saa,PER,5608
5074,nepal iko katika ukanda saa npt nepal of course ambayo utc545 kwa sasa kuna maandamano makubwa vijana information dhidi marufuku mitandao kijamii ufisadi angalau watu wameuawa zaidi wamejeruhiwa katika mapambano polisi waziri mkuu korean pride,dhidi marufuku mitandao kijamii,PER,5608
5074,nepal iko katika ukanda saa npt nepal of course ambayo utc545 kwa sasa kuna maandamano makubwa vijana information dhidi marufuku mitandao kijamii ufisadi angalau watu wameuawa zaidi wamejeruhiwa katika mapambano polisi waziri mkuu korean pride,ufisadi,PER,5608
5080,video wakati zoezi cantonese exclamation kampeni likiendelea kwa wagombea vyama mbalimbali vya siasa kunadi sera zao kuelekea uchaguzi mkuu oktoba jeshi cantonese exclamation polisi mkoa tabora limesema litaendelea kuimarisha ulinzi usalama kwenye mikutano kampeni kwa wananchi,wakati zoezi,PER,5614
5080,video wakati zoezi cantonese exclamation kampeni likiendelea kwa wagombea vyama mbalimbali vya siasa kunadi sera zao kuelekea uchaguzi mkuu oktoba jeshi cantonese exclamation polisi mkoa tabora limesema litaendelea kuimarisha ulinzi usalama kwenye mikutano kampeni kwa wananchi,kampeni likiendelea kwa wagombea vyama mbalimbali vya siasa kunadi sera zao kuelekea uchaguzi,PER,5614
5080,video wakati zoezi cantonese exclamation kampeni likiendelea kwa wagombea vyama mbalimbali vya siasa kunadi sera zao kuelekea uchaguzi mkuu oktoba jeshi cantonese exclamation polisi mkoa tabora limesema litaendelea kuimarisha ulinzi usalama kwenye mikutano kampeni kwa wananchi,mkoa tabora limesema litaendelea kuimarisha ulinzi usalama kwenye mikutano kampeni kwa wananchi,PER,5614
5086,stop it elang anak bripka ranggalawe polisi bertugas nyelidikin tertarik terjun situation ketemu stop it kanti anak kost daerah situation ngakunya dikuntit dengar obrolan aneh mayatmayat tetangga amplifier rumah kostnya,stop it elang,PER,5620
5086,stop it elang anak bripka ranggalawe polisi bertugas nyelidikin tertarik terjun situation ketemu stop it kanti anak kost daerah situation ngakunya dikuntit dengar obrolan aneh mayatmayat tetangga amplifier rumah kostnya,bripka ranggalawe,PER,5620
5086,stop it elang anak bripka ranggalawe polisi bertugas nyelidikin tertarik terjun situation ketemu stop it kanti anak kost daerah situation ngakunya dikuntit dengar obrolan aneh mayatmayat tetangga amplifier rumah kostnya,stop it kanti,PER,5620
5096,omong suka karakter ellis fatima stop it polisi rookie benci ellis fatima benaran suka,ellis fatima,PER,5632
5096,omong suka karakter ellis fatima stop it polisi rookie benci ellis fatima benaran suka,ellis fatima benaran,PER,5632
5098,basi tugawie mshahara polisi,basi tugawie mshah,PER,5634
5099,konteks vian ruma aktivis lingkungan nagekeo flores name that tune menentang proyek geothermal ditemukan tewas somebody else's problem gubuk bambu pantai tubuhnya tergantung leher terikat kondisi mencurigakan polisi selidiki rencana autopsi rekan kopi,vian ruma,PER,5635
5100,berdasarkan pencarian terbaru tuduhan tindak pidana ferry irwandi berasal patroli siber tni menduga pencemaran nama institusi polisi tni laporkan langsung putusan mm ok no offence 105puuxxii2024 batasi laporan,ferry irwandi,PER,5636
5107,lihat video militer polisi ketinggalan rumah pm dibakar,pm,PER,5644
5109,defense polisi kenya wajinga,wajinga,PER,5646
5112,presiden oviedo polisi temukan bukti teriakan rasis vinicius junior link,oviedo,PER,5650
5112,presiden oviedo polisi temukan bukti teriakan rasis vinicius junior link,vinicius junior,PER,5650
5113,kelakuan anak polisi dunia tone deaf,tone deaf,PER,5652
5117,laras mengeluarkan statement kekecewaan dibilang menghasut direct impact langsung ditangkap dibandingkan polisi bunuh rakyat direct impact merugikan diulur proses hukumannya,laras,PER,5656
5125,gods kuis pfj forensik ciri ciri mayat meninggal look who's talking just a minute youre surrounded lookout polisi jaksa korea gelud,pfj,ORG,5666
5125,gods kuis pfj forensik ciri ciri mayat meninggal look who's talking just a minute youre surrounded lookout polisi jaksa korea gelud,gelud,PER,5666
5126,kulturnya beda marijuana disana kulturnya government versus fellow citizen tentara polisi state within state tentara polisinya gestapo hehehe,gestapo,PER,5667
5130,kemana anjing coba lihat video penangkapan maling motor jambret pegawai ibuprofen ibuprofen bocor kepala demonstran pingsan tonjok polisi kasihan,ibuprofen ibuprofen,ORG,5671
5134,berencana dilaporkan polisi ferry irwandi takut,ferry irwandi,PER,5676
5136,kapolda riau irjen pol herry heryawan kepolisian menerapkan penegakan hukum adil transparan kejadian selengkapnya,irjen pol herry heryawan,PER,5679
5147,ngepost cerita pesan dman ditangkep polisi curiga habis mikir ditahan,dm,PER,5690
5149,simanzi kakamega mwanaume miaka afariki ghafla ndani nyumba wageni koyonzo polisi wachunguza mwanamke aliyekuwa naye akishikiliwa soma taarifa kamili mixed race kakamega habarikenya usalama,simanzi kakamega,PER,5692
5149,simanzi kakamega mwanaume miaka afariki ghafla ndani nyumba wageni koyonzo polisi wachunguza mwanamke aliyekuwa naye akishikiliwa soma taarifa kamili mixed race kakamega habarikenya usalama,miaka afariki ghafla,PER,5692
5149,simanzi kakamega mwanaume miaka afariki ghafla ndani nyumba wageni koyonzo polisi wachunguza mwanamke aliyekuwa naye akishikiliwa soma taarifa kamili mixed race kakamega habarikenya usalama,wachunguza,PER,5692
5149,simanzi kakamega mwanaume miaka afariki ghafla ndani nyumba wageni koyonzo polisi wachunguza mwanamke aliyekuwa naye akishikiliwa soma taarifa kamili mixed race kakamega habarikenya usalama,usalama,PER,5692
5171,penganiayaan rokan hulu mandek ketua lsm korek desak polisi tangkap pelaku,mandek,PER,5715
5176,nepal protes antikorupsi besarbesaran dipimpin generasi muda bentrokan polisi menewaskan orang melukai ratusan perdana menteri korean pride sharma oli mundur demonstrasi menentang larangan media,pride sharma oli,PER,5721
5177,teman urgent tolong tolong bantu cowoku telponin polisi gojeknya cowoku panik syok,cowoku,PER,5722
5177,teman urgent tolong tolong bantu cowoku telponin polisi gojeknya cowoku panik syok,cowoku,PER,5722
5179,kapolri jenderal polisi drs listyo sigit prabowo mengajak elemen masyarakat menjaga persatuan kesatuan dinamika pernyataan kapolri dead on arrival peringatan maulid nabi muhammad,jenderal polisi drs listyo sigit prabowo,PER,5724
5183,polri polisi republik indonesia pembunuh orang represif intimidasi massa aksi berasal universitas indonesia dibersamai mahasiswa unique identification number jakarta universitas atmajaya,universitas indonesia,ORG,5728
5183,polri polisi republik indonesia pembunuh orang represif intimidasi massa aksi berasal universitas indonesia dibersamai mahasiswa unique identification number jakarta universitas atmajaya,unique identification number jakarta,ORG,5728
5183,polri polisi republik indonesia pembunuh orang represif intimidasi massa aksi berasal universitas indonesia dibersamai mahasiswa unique identification number jakarta universitas atmajaya,universitas atmajaya,ORG,5728
5186,nepal kerusuhan menewaskan orang melukai ratusan polisi menembakkan peluru karet warga mengklaim peluru tajam reuters melaporkan demonstran daerah bergerak ibuprofen kota kathmandu,reuters,ORG,5731
5188,orang tua keluarga makan uang didapatnya polisi banting badan tulang very so dilahirkan,very so,PER,5733
5191,polisi hadir aktivitas pagi atur lalin bantu siswa sdn gondangdia jakarta pusat kepolisian peran humanis pelayanan publik bhabinkamtibmas kelurahan gondangdia aiptu kamidi melaksanakan pengaturan arus lintas just a minute sibuk,aiptu kamidi,PER,5736
5194,polisi menangkap pelaku berinisial penny pembunuhan keluarga terkubur lahad indramayu penangkapan terungkap motif pelaku kesal,penny,PER,5739
5195,inalillahi berduka sedalamdealamnya semoga polisi menangkap pelaku semudah menangkap paralytic pencuri rumah uya kuya,inalillahi,PER,5740
5196,polisi dansatsiber tni polda metro jaya laporkan ferry irwandi,ferry irwandi,PER,5741
5197,edan proses polisi,edan,PER,5742
5201,another universe polisi dikasih penghargaan tawa (laugh) jancok,jancok,PER,5747
5205,polisi menangkap pelaku berinisial penny pembunuhan keluarga terkubur lahad indramayu pelaku terpaksa ditembak kaki melawan diamankan,penny,PER,5751
5208,stop it laras ngepost pragmatis ceplas ceplos sesuai realita maksud polisi pakai semantik nangkep maksudnya stop it laras orang hadap hadapan stop it teriak anjing anjing dideketnya stop it nangkep dikatai,laras,PER,5754
5216,polisi tni laporkan ferry irwandi dugaan pencemaran nama klik baca,ferry irwandi,PER,5762
5220,video bijah mengasih clue keluarga teman munir kaitan ditangani munir setahun terkahir meninggal video penyelidikan polisi paralytic saksi pergi kesaksian pengadilan,bijah,PER,5766
5220,video bijah mengasih clue keluarga teman munir kaitan ditangani munir setahun terkahir meninggal video penyelidikan polisi paralytic saksi pergi kesaksian pengadilan,munir,PER,5766
5220,video bijah mengasih clue keluarga teman munir kaitan ditangani munir setahun terkahir meninggal video penyelidikan polisi paralytic saksi pergi kesaksian pengadilan,munir,PER,5766
5224,pm nepal korean pride sharma oli mundur orang tewas ditembak polisi unjuk unjuk dimotori generasi jengkel korupsi paralytic pejabat internasional adadikompas,korean pride sharma oli,PER,5770
5228,berdasarkan laporan berita terkini rumah sri mulyani digeruduk dijarah massa agustus demo besarbesaran polisi tetapkan tersangka information resmi dalang utama mundurnya beliau september reshuffle,sri mulyani,PER,5776
5237,demonstran information marah mencoba menyerbu gedung dewan perwakilan rakyat dpr protes maraknya korupsi larangan media sosial polisi ibuprofen kota menembakkan flatulence blanked mata peluru karet arah pengunjuk yelioomworld nepal demonstration genz chaos,yelioomworld nepal demonstration genz chaos,ORG,5787
5238,maksud ferry irwandi karir copot mengidolakan pegiat sosial adaada brother baca biar ikutan fear of missing out tni campur pidana sipil,ferry irwandi,PER,5788
5238,maksud ferry irwandi karir copot mengidolakan pegiat sosial adaada brother baca biar ikutan fear of missing out tni campur pidana sipil,copot,PER,5788
5254,individu perseorangan polisi tni laporkan ferry irwandi dugaan pencemaran nama,ferry irwandi,PER,5804
5259,lihat rion kenzo pakai baju polisi semalem pangkal beliau jenderal bintang,rion kenzo,PER,5811
5261,anggun tyas ditangkap cepat bank langsung lapor polisi kejadian sept polisi lacak seminggu tangkap tidur persembunyian gunung kidul sept korupsi dana haji kpk sidik kuota libatkan eks menteri,anggun tyas,PER,5813
5265,copet harry potter ketangkep terduga copet masuk mobil polisi,harry potter,PER,5817
5267,mneneri polisi mdziko muno peter kalaya atsimikiza pizza nkhaniyi poyankhula neither do i zodiak daring masana anorexic,mdziko muno peter kalaya atsimikiza,PER,5819
5267,mneneri polisi mdziko muno peter kalaya atsimikiza pizza nkhaniyi poyankhula neither do i zodiak daring masana anorexic,nkhaniyi,PER,5819
5267,mneneri polisi mdziko muno peter kalaya atsimikiza pizza nkhaniyi poyankhula neither do i zodiak daring masana anorexic,poyankhula,PER,5819
5267,mneneri polisi mdziko muno peter kalaya atsimikiza pizza nkhaniyi poyankhula neither do i zodiak daring masana anorexic,masana anorexic,PER,5819
5269,polisi pangkat warganya surga awas diaduin almarhum affan,affan,PER,5821
5270,tentara melaporkan warga sipil polisi tangkapadilijokowi,##adilijokowi,PER,5823
5277,heche watakuwa wamewaweka mbwa wow polisi washenzi hao i love it wananchi wakiliamsha waanze kuwapiga ndio maana wameleta magari yao wagonjwa kenge hao,heche watakuwa wamewaweka mbwa,PER,5830
5279,mmeshika rungu wanetu hamuwezi toka madarakani kwa boxes pizza kura mahakama yenu polisi wenu kila jeshi cantonese exclamation nchi hii lenu mpaka migambo lenu,wenu kila,PER,5832
5279,mmeshika rungu wanetu hamuwezi toka madarakani kwa boxes pizza kura mahakama yenu polisi wenu kila jeshi cantonese exclamation nchi hii lenu mpaka migambo lenu,nchi hii lenu,PER,5832
5279,mmeshika rungu wanetu hamuwezi toka madarakani kwa boxes pizza kura mahakama yenu polisi wenu kila jeshi cantonese exclamation nchi hii lenu mpaka migambo lenu,mpaka migambo lenu,PER,5832
5280,gara gara jalan bumpy purwakarta turunan fakyu kdm gara gara galiat polisi tidur,fakyu kdm,PER,5833
5283,refugee baca feb peraturan kapolri tito jul quote a social networking site anggaran fantastis,refugee,ORG,5836
5287,video detikdetik penangkapan sopir bank bawa kabur rp10 polisi grebek pelaku rebahan ditangkap pagi sekira wib tertidur rumah persembunyiannya desa giriwungu kecamatan panggang kabupaten gunungkidul,grebek,PER,5841
5287,video detikdetik penangkapan sopir bank bawa kabur rp10 polisi grebek pelaku rebahan ditangkap pagi sekira wib tertidur rumah persembunyiannya desa giriwungu kecamatan panggang kabupaten gunungkidul,rebahan,PER,5841
5292,september ribuan pemuda nepal information memprotes larangan media sosial korupsi pemerintah polisi menembak menewaskan orang pendemo membobol membakar gedung parlemen federal kathmandu bangunan pemerintah pm korean pride,korean pride,PER,5846
5296,skenario terburuk husein mengalami cedera berat tewas akibat amuk massa massa berisiko dituntut pidana penganiayaan pembunuhan situasi eskalasi kerusuhan luas rusak properti perpecahan masyarakat pati polisi intervensi,husein,PER,5851
5299,kuasa hukum keluarga mendiang diplomat arya daru pangayunan adp marwan iswandi pusat polisi militer puspom mabes tni cilangkap jakarta timur selasa kedatangan bantuan pengusutan kematian adp keluarga,arya daru pangayunan,PER,5854
5299,kuasa hukum keluarga mendiang diplomat arya daru pangayunan adp marwan iswandi pusat polisi militer puspom mabes tni cilangkap jakarta timur selasa kedatangan bantuan pengusutan kematian adp keluarga,adp,PER,5854
5299,kuasa hukum keluarga mendiang diplomat arya daru pangayunan adp marwan iswandi pusat polisi militer puspom mabes tni cilangkap jakarta timur selasa kedatangan bantuan pengusutan kematian adp keluarga,marwan iswandi,PER,5854
5299,kuasa hukum keluarga mendiang diplomat arya daru pangayunan adp marwan iswandi pusat polisi militer puspom mabes tni cilangkap jakarta timur selasa kedatangan bantuan pengusutan kematian adp keluarga,adp,PER,5854
5312,mhe akiwaonyesha askari jeshi cantonese exclamation polisi waliojaza ukumbi mahakama ku kuwanyima fursa wanachama viongozi chadema fursa kuingia ndani kufuatilia mwenendo kesi uhaini inayomkabili mhe,mhe,PER,5869
5312,mhe akiwaonyesha askari jeshi cantonese exclamation polisi waliojaza ukumbi mahakama ku kuwanyima fursa wanachama viongozi chadema fursa kuingia ndani kufuatilia mwenendo kesi uhaini inayomkabili mhe,akiwaonyesha askari,PER,5869
5312,mhe akiwaonyesha askari jeshi cantonese exclamation polisi waliojaza ukumbi mahakama ku kuwanyima fursa wanachama viongozi chadema fursa kuingia ndani kufuatilia mwenendo kesi uhaini inayomkabili mhe,jeshi cantones,PER,5869
5312,mhe akiwaonyesha askari jeshi cantonese exclamation polisi waliojaza ukumbi mahakama ku kuwanyima fursa wanachama viongozi chadema fursa kuingia ndani kufuatilia mwenendo kesi uhaini inayomkabili mhe,kuwanyima,PER,5869
5312,mhe akiwaonyesha askari jeshi cantonese exclamation polisi waliojaza ukumbi mahakama ku kuwanyima fursa wanachama viongozi chadema fursa kuingia ndani kufuatilia mwenendo kesi uhaini inayomkabili mhe,fursa wanachama,PER,5869
5312,mhe akiwaonyesha askari jeshi cantonese exclamation polisi waliojaza ukumbi mahakama ku kuwanyima fursa wanachama viongozi chadema fursa kuingia ndani kufuatilia mwenendo kesi uhaini inayomkabili mhe,viongozi chadema fursa kuingia ndani,PER,5869
5312,mhe akiwaonyesha askari jeshi cantonese exclamation polisi waliojaza ukumbi mahakama ku kuwanyima fursa wanachama viongozi chadema fursa kuingia ndani kufuatilia mwenendo kesi uhaini inayomkabili mhe,uhaini,PER,5869
5312,mhe akiwaonyesha askari jeshi cantonese exclamation polisi waliojaza ukumbi mahakama ku kuwanyima fursa wanachama viongozi chadema fursa kuingia ndani kufuatilia mwenendo kesi uhaini inayomkabili mhe,inayomkabili,PER,5869
5314,polisi bersikukuh peristiwa menimpa iko juliant mahasiswa unnes murni kecelakaan lintas polisi ditantang membuka rekaman kejadian publik polhuk adadikompas,iko juliant,PER,5871
5314,polisi bersikukuh peristiwa menimpa iko juliant mahasiswa unnes murni kecelakaan lintas polisi ditantang membuka rekaman kejadian publik polhuk adadikompas,unnes,ORG,5871
5324,polisi menangkap paralytic penculik irpan septiana tukang cireng garut orang diringkus polisi salah satunya wanita penuh,irpan septiana,PER,5882
5326,polisi sibuk mengurusi sherina gara gara kucing uya kuya country unserious,sherina,PER,5884
5330,hasbi dikomen twitnya ngamuk dilaporin polisi,hasbi,PER,5888
5331,polisi tetapkan tersangka pembakar grahadi total pelaku,grahadi,PER,5889
5333,tanzania heche aibua taharuki mahakamani kufuatia uwepo polisi wasio sare makamu mwenyekiti chadema bara john heche ameonyesha wasiwasi kuhusu idadi kubwa polisi wasiovaa sare waliokuwa ndani ukumbi mahakama wakati kesi uhaini inayomkabili tundu lissu,heche aibua taharuki,PER,5891
5333,tanzania heche aibua taharuki mahakamani kufuatia uwepo polisi wasio sare makamu mwenyekiti chadema bara john heche ameonyesha wasiwasi kuhusu idadi kubwa polisi wasiovaa sare waliokuwa ndani ukumbi mahakama wakati kesi uhaini inayomkabili tundu lissu,kufuatia uwepo,PER,5891
5333,tanzania heche aibua taharuki mahakamani kufuatia uwepo polisi wasio sare makamu mwenyekiti chadema bara john heche ameonyesha wasiwasi kuhusu idadi kubwa polisi wasiovaa sare waliokuwa ndani ukumbi mahakama wakati kesi uhaini inayomkabili tundu lissu,wasio sare makamu mwenyekiti,PER,5891
5333,tanzania heche aibua taharuki mahakamani kufuatia uwepo polisi wasio sare makamu mwenyekiti chadema bara john heche ameonyesha wasiwasi kuhusu idadi kubwa polisi wasiovaa sare waliokuwa ndani ukumbi mahakama wakati kesi uhaini inayomkabili tundu lissu,chadema bara john heche ameonyesha wasiwasi kuhusu idadi kubwa,PER,5891
5333,tanzania heche aibua taharuki mahakamani kufuatia uwepo polisi wasio sare makamu mwenyekiti chadema bara john heche ameonyesha wasiwasi kuhusu idadi kubwa polisi wasiovaa sare waliokuwa ndani ukumbi mahakama wakati kesi uhaini inayomkabili tundu lissu,wasiovaa sare waliokuwa ndani ukumbi,PER,5891
5333,tanzania heche aibua taharuki mahakamani kufuatia uwepo polisi wasio sare makamu mwenyekiti chadema bara john heche ameonyesha wasiwasi kuhusu idadi kubwa polisi wasiovaa sare waliokuwa ndani ukumbi mahakama wakati kesi uhaini inayomkabili tundu lissu,wakati kesi uhaini inayomkabili tundu lissu,PER,5891
5337,polisi menangkap pelaku penculikan irpan septiana tukang cireng garut korban selamat mengalami luka motif penculikan terungkap via,irpan septiana,PER,5896
5347,polisi heard understood acknowledged hatari kukushika lakini hata kua coherent court ngumu,hatari kukushika lakini hata ku,PER,5907
5348,kebingingan rakyat ijazah jokowi relative of yours counter-strike laporkan jkw ijazah jkw palsu mandek jkw lapor relative of yours counter-strike mencemarkan nama ijazah ku asli mandek hakim jaksa polisi pengaduan layaknya customer relationship management dki jakarta,jokowi,PER,5908
5348,kebingingan rakyat ijazah jokowi relative of yours counter-strike laporkan jkw ijazah jkw palsu mandek jkw lapor relative of yours counter-strike mencemarkan nama ijazah ku asli mandek hakim jaksa polisi pengaduan layaknya customer relationship management dki jakarta,jkw,PER,5908
5348,kebingingan rakyat ijazah jokowi relative of yours counter-strike laporkan jkw ijazah jkw palsu mandek jkw lapor relative of yours counter-strike mencemarkan nama ijazah ku asli mandek hakim jaksa polisi pengaduan layaknya customer relationship management dki jakarta,jkw,PER,5908
5348,kebingingan rakyat ijazah jokowi relative of yours counter-strike laporkan jkw ijazah jkw palsu mandek jkw lapor relative of yours counter-strike mencemarkan nama ijazah ku asli mandek hakim jaksa polisi pengaduan layaknya customer relationship management dki jakarta,mand,PER,5908
5348,kebingingan rakyat ijazah jokowi relative of yours counter-strike laporkan jkw ijazah jkw palsu mandek jkw lapor relative of yours counter-strike mencemarkan nama ijazah ku asli mandek hakim jaksa polisi pengaduan layaknya customer relationship management dki jakarta,jkw,PER,5908
5348,kebingingan rakyat ijazah jokowi relative of yours counter-strike laporkan jkw ijazah jkw palsu mandek jkw lapor relative of yours counter-strike mencemarkan nama ijazah ku asli mandek hakim jaksa polisi pengaduan layaknya customer relationship management dki jakarta,mandek,PER,5908
5349,prabowo mikir polisinya sengaja buka war demo biar terluka pangkat alat perlindungan tameng vest helm lengkap tugas polisi defend massa kondusif,prabowo,PER,5909
5351,pemerintah nepal memicu kemarahan publik melarang platform media sosial baca selengkapnya demo protes nepal nepalprotest pondphuwinfanconlive budi arie menpora,pondphuwinfanconlive,PER,5911
5351,pemerintah nepal memicu kemarahan publik melarang platform media sosial baca selengkapnya demo protes nepal nepalprotest pondphuwinfanconlive budi arie menpora,budi arie,PER,5911
5352,1dsell world trade organization pboutbox membkit polisi bayar 14k tinggal commanding officer,1dsell world trade organization pboutbox,ORG,5912
5353,nepal protes information lawan korupsi nepotisme amplifier larangan media sosial dicabut polisi tembak demo tewas ratusan luka demonstran bakar gedung parlemen amplifier rumah pemimpin pm korean pride sharma oli mundur situasi tegang curfew diberlakukan,pride sharma oli,PER,5913
5355,tunggu investigasi polisi sebentar human immunodeficiency virus hengdian hasil investigasi mudah lempar batu sembunyi tangan nyebar paparazi yangyangdia 3x dipenjara xukai,paparazi,PER,5915
5355,tunggu investigasi polisi sebentar human immunodeficiency virus hengdian hasil investigasi mudah lempar batu sembunyi tangan nyebar paparazi yangyangdia 3x dipenjara xukai,xukai,PER,5915
5357,habis mendengarkan penjelasan lengkap polisi ditusuk leher nembus dimutilasi pelakunya santai iblis minder kaget baca,nembus,PER,5917
5360,nusu wakenya wamewahi kudhulumiwa polisi ripoti yabainisha collins lusweti can't be stuffed habari hii saa nane kamili atakuwa nawe hadi tatu usiku hapandipo,yabainisha collins,PER,5920
5367,stop it ms excel file extension bukti xu kai buka kasino rumahnya hengdian lapor polisi cepat jatohin kasih paparazi menggiring opini publik bukti dipertanggung jawabkan xukai,xu kai,PER,5928
5367,stop it ms excel file extension bukti xu kai buka kasino rumahnya hengdian lapor polisi cepat jatohin kasih paparazi menggiring opini publik bukti dipertanggung jawabkan xukai,hengdian,PER,5928
5367,stop it ms excel file extension bukti xu kai buka kasino rumahnya hengdian lapor polisi cepat jatohin kasih paparazi menggiring opini publik bukti dipertanggung jawabkan xukai,paparazi,PER,5928
5367,stop it ms excel file extension bukti xu kai buka kasino rumahnya hengdian lapor polisi cepat jatohin kasih paparazi menggiring opini publik bukti dipertanggung jawabkan xukai,xukai,PER,5928
5368,nahisi lile basi cantonese exclamation safari mwisho mzee kibao nalo lilijazwa wasafiri feki lilijazwa polisi alaainiwe aliyetoa maagizo hey you,wasafiri feki lilijazwa,PER,5929
5368,nahisi lile basi cantonese exclamation safari mwisho mzee kibao nalo lilijazwa wasafiri feki lilijazwa polisi alaainiwe aliyetoa maagizo hey you,alaainiwe aliyetoa maagizo,PER,5929
5374,satpolairud polresta pati giat inovatif stop it polacekal anggota satpolairud dipimpin photoshop kbo satpolairud aipda munaji same here melaksanakan giat inovatif sipola cekal polisi polairud cegah kebakaran kapal himbauan paralytic pekerja diatas kapal kerja,aipda munaji same here,PER,5937
5377,sawa ukamatwe polisi wow wanasaka ushahidi kukutia hatiani wanakujaza sema ukweli tukuachie unaweka wazi kila kitu kazi yao inakuwa rahisi,ushahidi,PER,5940
5382,kapolri jenderal polisi drs listyo sigit prabowo menghadiri acara dead on arrival peringatan maulid nabi muhammad saw lapangan presisi polda metro jaya minggu,jenderal polisi drs listyo sigit prabowo,PER,5946
5383,hatutakubali jeshi cantonese exclamation polisi kuendesha mpaka mahakama mhe,jeshi,PER,5947
5385,konon ferri irwandi diduga tindak pidana pencemaran nama lucunya melaporkan institusi tni institusi tercemar namanya melaporkan personalpribadi brigjend lapor polisi mesti dipecat pekerjaan,ferri irwandi,PER,5950
5387,prabowo hama dpr hama polisi hama menteri keuangan hama pemerenta hama guwa homo,prabowo,PER,5952
5387,prabowo hama dpr hama polisi hama menteri keuangan hama pemerenta hama guwa homo,guwa homo,PER,5952
5389,polisi pembunuh nawak kanjuruhan polisi jancok,jancok,PER,5954
5394,ba fufufafa boyfriend over shoulder boyfriend over shoulder judol pejabat strategis team killer menteri polisi intelligence pimpinan dprmpr jaksa hakim dsb negara goyang permainan pemilu,ba fufufafa,PER,5959
5398,kapolri jenderal polisi drs listyo sigit prabowo menghadiri dead on arrival peringatan maulid nabi muhammad saw hijriah lapangan presisi polda metro jaya jakarta minggu,jenderal polisi drs listyo sigit prabowo,PER,5965
5399,muhammad mahajna pemilik rumah digerebek ben gvir petugas polisi israel umm alfahm petugas bersenjata didampingi ben gvir berusaha masuk rumah dalih memiliki izin dicegah masuk memilih rumah acak,muhammad mahajna,PER,5966
5399,muhammad mahajna pemilik rumah digerebek ben gvir petugas polisi israel umm alfahm petugas bersenjata didampingi ben gvir berusaha masuk rumah dalih memiliki izin dicegah masuk memilih rumah acak,ben gvir,PER,5966
5399,muhammad mahajna pemilik rumah digerebek ben gvir petugas polisi israel umm alfahm petugas bersenjata didampingi ben gvir berusaha masuk rumah dalih memiliki izin dicegah masuk memilih rumah acak,umm alfahm,PER,5966
5399,muhammad mahajna pemilik rumah digerebek ben gvir petugas polisi israel umm alfahm petugas bersenjata didampingi ben gvir berusaha masuk rumah dalih memiliki izin dicegah masuk memilih rumah acak,ben gvir,PER,5966
5407,kapolres kediri kota pergi sekolah kediri kota kapolres kediri kota akbp anggi saputra ibrahim same here map hack arahan siswasiswi smk pgri kediri mengangkat tema kenakalan remaja polri polisi polreskedirikota arahan smk1pgrikediri,akbp anggi saputra ibrahim,PER,5976
5407,kapolres kediri kota pergi sekolah kediri kota kapolres kediri kota akbp anggi saputra ibrahim same here map hack arahan siswasiswi smk pgri kediri mengangkat tema kenakalan remaja polri polisi polreskedirikota arahan smk1pgrikediri,siswasiswi smk pgri kediri,ORG,5976
5407,kapolres kediri kota pergi sekolah kediri kota kapolres kediri kota akbp anggi saputra ibrahim same here map hack arahan siswasiswi smk pgri kediri mengangkat tema kenakalan remaja polri polisi polreskedirikota arahan smk1pgrikediri,smk1pgrikediri,ORG,5976
5419,mbogamboga wamepanik jana wamelala viatu baada umati wafuasi lissu kumshangilia lissu wakisema rais rais rais hii iliwafanya wajaze polisi kwenye viti vya mahakama mko waoga,viatu baada umati wafuasi lissu kumshangilia lissu wakisema rais rais rais hii iliwafanya,PER,5989
5420,hawa law enforcement officer manyoni waliojitokeza wanajeshi polisi magereza uhamiaji zimamoto usalama,manyoni waliojitokeza wanajeshi,PER,5990
5420,hawa law enforcement officer manyoni waliojitokeza wanajeshi polisi magereza uhamiaji zimamoto usalama,uhamiaji zimamoto usalama,PER,5990
5421,hii video ndio sababu kujaza polisi ndani ukumbi mahakama punyaku presiden noreformsnoelection,ndio sababu,PER,5991
5421,hii video ndio sababu kujaza polisi ndani ukumbi mahakama punyaku presiden noreformsnoelection,ndani ukumbi,PER,5991
5422,kapolri jenderal polisi drs listyo sigit prabowo menghadiri acara dead on arrival peringatan maulid nabi muhammad saw lapangan presisi polda metro jaya minggu sinergijagakedamaian wujudkan indonesia harmonis,jenderal polisi drs listyo sigit prabowo,PER,5993
5423,menatap mata hati polisi indonesia anton tabah halaman harga minat order silakan pesan klik link,anton tabah,PER,5995
5428,tiara heroin 11kos bondia marekani aliyeacha kazi jeshi cantonese exclamation polisi mwaka kuwekeza muda mwingi kwenye kazi ngumi pizza kulipwa aliyoianza mwaka machi alishinda ubingwa dunia wbc featherweight ambao septemba mwaka atautetea,aliyoianza,PER,6001
5428,tiara heroin 11kos bondia marekani aliyeacha kazi jeshi cantonese exclamation polisi mwaka kuwekeza muda mwingi kwenye kazi ngumi pizza kulipwa aliyoianza mwaka machi alishinda ubingwa dunia wbc featherweight ambao septemba mwaka atautetea,machi alishinda,PER,6001
5432,susno too good polisi membubarkan demo polisi menjaga lancar demonya,susno,PER,6005
5435,mad langsung diisi politisi jabatan politis birokrat isi sipil polisi aktif atao militer perwira aktif,mad,PER,6009
5437,polisi nepal brutal marih,marih,PER,6011
5438,berdasarkan pencarian terkini september dokter tifa tifauzia tyassuma penyelidikan polisi terkait tuduhan pencemaran nama klaim ijazah palsu jokowi sorry if already posted dipenjara terbukti salah vonis penahanan,tifa tifauzia tyassuma,PER,6013
5438,berdasarkan pencarian terkini september dokter tifa tifauzia tyassuma penyelidikan polisi terkait tuduhan pencemaran nama klaim ijazah palsu jokowi sorry if already posted dipenjara terbukti salah vonis penahanan,jokowi,PER,6013
5441,polisi santai inisiatif mencari keberadaan silfester pimpinan polri termul diburu termul santai mengejarnya,termul,PER,6016
5441,polisi santai inisiatif mencari keberadaan silfester pimpinan polri termul diburu termul santai mengejarnya,termul,PER,6016
5443,kapolri jenderal polisi drs listyo sigit prabowo mengajak elemen masyarakat menjaga persatuan kesatuan dinamika tingkatkan sinergijagakedamaian wujudkan indonesia harmonis,jenderal polisi drs listyo sigit prabowo,PER,6018
5445,sasa kuuzia maasai omena kama mbegu samaki kitu kuniitia polisi,sas,PER,6021
5447,melepas sher repot nyelametin kucing urusan polisi,sher,PER,6023
5449,kapolri jenderal polisi drs listyo sigit prabowo mengajak elemen masyarakat menjaga persatuan kesatuan dinamika,jenderal polisi drs listyo sigit prabowo,PER,6027
5450,jurnalis medan nico saragih ditemukan meninggal luka lebam kepala kamar kosnya jumat polisi memeriksa saksi teman perempuan bersamanya kejadian idntimessumut,nico saragih,PER,6028
5452,dihajar warga inisiator demo huseinpati diamankan polisi diduga datangi posko kondisi mabuk salah inisiator aliansimasyarakatpatibersatu ahmad husein hafid dihajar massa posko aksi kantor bupati pati,aliansimasyarakatpati,ORG,6030
5452,dihajar warga inisiator demo huseinpati diamankan polisi diduga datangi posko kondisi mabuk salah inisiator aliansimasyarakatpatibersatu ahmad husein hafid dihajar massa posko aksi kantor bupati pati,ahmad husein hafid,PER,6030
5453,ferry irwandi mengungkap fakta tni termul polisi termul ambil alih kekuasaan prabowo ferry irwandi diteror jokowigibranpenyakitbangsa jokowigibranpenyakitbangsa,ferry irwandi,PER,6032
5453,ferry irwandi mengungkap fakta tni termul polisi termul ambil alih kekuasaan prabowo ferry irwandi diteror jokowigibranpenyakitbangsa jokowigibranpenyakitbangsa,prabowo,PER,6032
5453,ferry irwandi mengungkap fakta tni termul polisi termul ambil alih kekuasaan prabowo ferry irwandi diteror jokowigibranpenyakitbangsa jokowigibranpenyakitbangsa,ferry irwandi,PER,6032
5453,ferry irwandi mengungkap fakta tni termul polisi termul ambil alih kekuasaan prabowo ferry irwandi diteror jokowigibranpenyakitbangsa jokowigibranpenyakitbangsa,jokowigibranpenyak,PER,6032
5453,ferry irwandi mengungkap fakta tni termul polisi termul ambil alih kekuasaan prabowo ferry irwandi diteror jokowigibranpenyakitbangsa jokowigibranpenyakitbangsa,jokowigibranpenyak,PER,6032
5457,berdasarkan laporan terkini demo bem user interface dpr jakarta somebody else's problem berjalan damai ribuan polisi dikerahkan laporan kekerasan waspada pantau update berita keselamatan,somebody else,PER,6037
5460,chonchorio alitekwa mpaka law enforcement officer polisi hawatoi update wataendelea uchunguzi mpaka mnamsahau ccm manatambua mjumbe chama hakuna anaepaza sauti zaidi mke wake ccm inabidi ivunjwe tuijenge upya hamna namna kataawahuni,chonchorio alitekwa mpaka,PER,6040
5460,chonchorio alitekwa mpaka law enforcement officer polisi hawatoi update wataendelea uchunguzi mpaka mnamsahau ccm manatambua mjumbe chama hakuna anaepaza sauti zaidi mke wake ccm inabidi ivunjwe tuijenge upya hamna namna kataawahuni,hawatoi update,PER,6040
5460,chonchorio alitekwa mpaka law enforcement officer polisi hawatoi update wataendelea uchunguzi mpaka mnamsahau ccm manatambua mjumbe chama hakuna anaepaza sauti zaidi mke wake ccm inabidi ivunjwe tuijenge upya hamna namna kataawahuni,wataendelea uchunguzi mpaka mnamsaha,PER,6040
5460,chonchorio alitekwa mpaka law enforcement officer polisi hawatoi update wataendelea uchunguzi mpaka mnamsahau ccm manatambua mjumbe chama hakuna anaepaza sauti zaidi mke wake ccm inabidi ivunjwe tuijenge upya hamna namna kataawahuni,manatambua mjumbe chama hakuna anaepaza sauti zaidi mke wake,PER,6040
5465,sukurin salah jadikan anak polisi,sukurin,PER,6045
5470,kemarahan rakyat simbolsimbol kekuasaan dpr polisi menteri keuangan anggota dpr ri bicara nirempati gemar pamer harta menandakan kemarahan sosial kesenjangan ekonomi lebar terakumulasi masalahmasalah struktural,nirempati,PER,6050
5472,makam mwenyekiti mhe john heche amekiwasha muda mixed race mahakamani baada polisi kujazana ukumbini i love it chadema tukose mahali pakukaa,mwenyekiti,PER,6053
5472,makam mwenyekiti mhe john heche amekiwasha muda mixed race mahakamani baada polisi kujazana ukumbini i love it chadema tukose mahali pakukaa,mhe john heche amekiwasha,PER,6053
5472,makam mwenyekiti mhe john heche amekiwasha muda mixed race mahakamani baada polisi kujazana ukumbini i love it chadema tukose mahali pakukaa,kujazana ukumbini,PER,6053
5472,makam mwenyekiti mhe john heche amekiwasha muda mixed race mahakamani baada polisi kujazana ukumbini i love it chadema tukose mahali pakukaa,chadema tukose mahali pakukaa,PER,6053
5474,kapolri jenderal polisi drs listyo sigit prabowo mengajak elemen masyarakat menjaga persatuan kesatuan dinamika pernyataan kapolri dead on arrival peringatan,jenderal polisi drs listyo sigit prabowo,PER,6056
5476,makam mwenyekiti mhe amekiwasha muda mixed race mahakamani baada polisi kujazana ukumbini i love it chadema tukose mahali pakukaa,mwenyekiti,PER,6058
5476,makam mwenyekiti mhe amekiwasha muda mixed race mahakamani baada polisi kujazana ukumbini i love it chadema tukose mahali pakukaa,mhe amekiwasha muda,PER,6058
5476,makam mwenyekiti mhe amekiwasha muda mixed race mahakamani baada polisi kujazana ukumbini i love it chadema tukose mahali pakukaa,kujazana ukumbini,PER,6058
5476,makam mwenyekiti mhe amekiwasha muda mixed race mahakamani baada polisi kujazana ukumbini i love it chadema tukose mahali pakukaa,chadema tukose mahali pakukaa,PER,6058
5479,dalilah andani teman laras faizati membantah tuduhan polisi laras memprovokasi massa demo mabes polri menyebut konten laras luapan emosi spontan berita kematian affan kurniawan polisi menetapkan laras,laras faizati,PER,6062
5479,dalilah andani teman laras faizati membantah tuduhan polisi laras memprovokasi massa demo mabes polri menyebut konten laras luapan emosi spontan berita kematian affan kurniawan polisi menetapkan laras,laras,PER,6062
5479,dalilah andani teman laras faizati membantah tuduhan polisi laras memprovokasi massa demo mabes polri menyebut konten laras luapan emosi spontan berita kematian affan kurniawan polisi menetapkan laras,laras,PER,6062
5479,dalilah andani teman laras faizati membantah tuduhan polisi laras memprovokasi massa demo mabes polri menyebut konten laras luapan emosi spontan berita kematian affan kurniawan polisi menetapkan laras,affan kurniawan,PER,6062
5479,dalilah andani teman laras faizati membantah tuduhan polisi laras memprovokasi massa demo mabes polri menyebut konten laras luapan emosi spontan berita kematian affan kurniawan polisi menetapkan laras,laras,PER,6062
5488,ndani ukumbi mahakama wamejazana mapolisi nje mahakama wanachama wemgi wanazuiwa kuingia ndani ukumbi mahakama wamejaza askari polisi wengi ambao tayari wameshakaa ndani ukumbi mahakama mvurugano ndani mahakama nje mahakama mkubwa law enforcement officer,ndani,PER,6071
5488,ndani ukumbi mahakama wamejazana mapolisi nje mahakama wanachama wemgi wanazuiwa kuingia ndani ukumbi mahakama wamejaza askari polisi wengi ambao tayari wameshakaa ndani ukumbi mahakama mvurugano ndani mahakama nje mahakama mkubwa law enforcement officer,wanachama,PER,6071
5488,ndani ukumbi mahakama wamejazana mapolisi nje mahakama wanachama wemgi wanazuiwa kuingia ndani ukumbi mahakama wamejaza askari polisi wengi ambao tayari wameshakaa ndani ukumbi mahakama mvurugano ndani mahakama nje mahakama mkubwa law enforcement officer,wemgi wanazuiwa,PER,6071
5488,ndani ukumbi mahakama wamejazana mapolisi nje mahakama wanachama wemgi wanazuiwa kuingia ndani ukumbi mahakama wamejaza askari polisi wengi ambao tayari wameshakaa ndani ukumbi mahakama mvurugano ndani mahakama nje mahakama mkubwa law enforcement officer,ukumbi,PER,6071
5488,ndani ukumbi mahakama wamejazana mapolisi nje mahakama wanachama wemgi wanazuiwa kuingia ndani ukumbi mahakama wamejaza askari polisi wengi ambao tayari wameshakaa ndani ukumbi mahakama mvurugano ndani mahakama nje mahakama mkubwa law enforcement officer,wamejaza askari,PER,6071
5488,ndani ukumbi mahakama wamejazana mapolisi nje mahakama wanachama wemgi wanazuiwa kuingia ndani ukumbi mahakama wamejaza askari polisi wengi ambao tayari wameshakaa ndani ukumbi mahakama mvurugano ndani mahakama nje mahakama mkubwa law enforcement officer,wengi ambao tayari wameshakaa,PER,6071
5488,ndani ukumbi mahakama wamejazana mapolisi nje mahakama wanachama wemgi wanazuiwa kuingia ndani ukumbi mahakama wamejaza askari polisi wengi ambao tayari wameshakaa ndani ukumbi mahakama mvurugano ndani mahakama nje mahakama mkubwa law enforcement officer,ukumbi,PER,6071
5488,ndani ukumbi mahakama wamejazana mapolisi nje mahakama wanachama wemgi wanazuiwa kuingia ndani ukumbi mahakama wamejaza askari polisi wengi ambao tayari wameshakaa ndani ukumbi mahakama mvurugano ndani mahakama nje mahakama mkubwa law enforcement officer,mvurugano,PER,6071
5488,ndani ukumbi mahakama wamejazana mapolisi nje mahakama wanachama wemgi wanazuiwa kuingia ndani ukumbi mahakama wamejaza askari polisi wengi ambao tayari wameshakaa ndani ukumbi mahakama mvurugano ndani mahakama nje mahakama mkubwa law enforcement officer,mkubwa,PER,6071
5490,mhj bunnies nyebut cegil chief executive officer ador saham berani bersuara melawan hybe diputer balikkan fakta hybe karyanya diambil dipecat terbukti bersalah polisi korea dimatikan sebegitunya hybe,cegil,PER,6074
5490,mhj bunnies nyebut cegil chief executive officer ador saham berani bersuara melawan hybe diputer balikkan fakta hybe karyanya diambil dipecat terbukti bersalah polisi korea dimatikan sebegitunya hybe,ador saham,PER,6074
5490,mhj bunnies nyebut cegil chief executive officer ador saham berani bersuara melawan hybe diputer balikkan fakta hybe karyanya diambil dipecat terbukti bersalah polisi korea dimatikan sebegitunya hybe,hybe,PER,6074
5490,mhj bunnies nyebut cegil chief executive officer ador saham berani bersuara melawan hybe diputer balikkan fakta hybe karyanya diambil dipecat terbukti bersalah polisi korea dimatikan sebegitunya hybe,hybe,PER,6074
5490,mhj bunnies nyebut cegil chief executive officer ador saham berani bersuara melawan hybe diputer balikkan fakta hybe karyanya diambil dipecat terbukti bersalah polisi korea dimatikan sebegitunya hybe,hybe,PER,6074
5491,sinting anjing polisi luka demo dikasih kenaikan pangkat nasib rakyat korban almarhum affan dilindas brimob kedepannya nyuburin oknum sengaja bikin ricuh biar terluka,affan,PER,6075
5492,inisiator demo husein hafid dihadang massa posko pengawalan pansus hugs and kisses angket pemakzulan bupati pati senin malam september massa menolak kedatangannya menyinggung keputusan husein membatalkan aksi jilid ketegangan polisi,husein hafid,PER,6076
5492,inisiator demo husein hafid dihadang massa posko pengawalan pansus hugs and kisses angket pemakzulan bupati pati senin malam september massa menolak kedatangannya menyinggung keputusan husein membatalkan aksi jilid ketegangan polisi,husein,PER,6076
5496,kapolri jenderal polisi drs listyo sigit prabowo mengajak elemen masyarakat menjaga persatuan,jenderal polisi drs listyo sigit prabowo,PER,6080
5499,kapolri jenderal polisi drs listyo sigit prabowo mengajak elemen masyarakat menjaga persatuan kesatuan dinamika pernyataan kapolri dead on arrival peringatan maulid nabi muhammad saw,jenderal polisi drs listyo sigit prabowo,PER,6083
5507,standard operating procedure uang ditingga teller pegawai bank ninggain menunggu polisi polisi toilet persekongkolan semudah,bank ninggain,ORG,6095
5512,kapolri jenderal polisi drs listyo sigit prabowo mengajak elemen masyarakat menjaga persatuan kesatuan dinamika pernyataan kapolri peringatan maulid nabi muhammad saw hijriah,jenderal polisi drs listyo sigit prabowo,PER,6101
5519,kapolri jenderal polisi drs listyo sigit prabowo mengajak elemen masyarakat menjaga persatuan kesatuan dinamika tingkatkan sinergijagakedamaian wujudkan indonesiaharmonis,jenderal polisi drs listyo sigit prabowo,PER,6112
5521,oknum polisi diletakkan jokowi menjaga kekuasaannya,jokowi,PER,6115
5522,okelah pangkat memikirkan orang orang meninggal ulah aparat alias affan meninggal kelindes polisi lindes diadain petisi tolak pemecatan wow keren indonesia,affan,PER,6117
5523,berdebat menyebut supporter music genre penindas kelompok gender marginal lgbtqia berteriak acab polisi bad game gender marjinal notabene samasama kelas tertindas,lgbtqia,PER,6118
5524,omongan jungkook sasaeng masuk rumah jungkook kecuali polisi point of view goblok point of view bareng pacar benaran sinting,jungkook sasaeng,PER,6119
5524,omongan jungkook sasaeng masuk rumah jungkook kecuali polisi point of view goblok point of view bareng pacar benaran sinting,jungkook,PER,6119
5526,shida polisi wanakula naokama hii mixed race mutindwa,naokama hii,PER,6122
5533,ijazah jokowi unsur politiknya polisi berhatihati menanganinya kesalahan dibilang kriminisaasiparcok bela jokowi dsb,jokowi,PER,6131
5533,ijazah jokowi unsur politiknya polisi berhatihati menanganinya kesalahan dibilang kriminisaasiparcok bela jokowi dsb,jokowi,PER,6131
5535,ba bertgjwb bobolnya pdn ba melarang anak buahnya lapor polisi terkait kss pdn diduga lindungi dirjen pengelola judol rajin setor dialihkan korupsi menyambung serangan siber menteri melaporkan,ba bertgjwb,PER,6133
5535,ba bertgjwb bobolnya pdn ba melarang anak buahnya lapor polisi terkait kss pdn diduga lindungi dirjen pengelola judol rajin setor dialihkan korupsi menyambung serangan siber menteri melaporkan,ba,PER,6133
5535,ba bertgjwb bobolnya pdn ba melarang anak buahnya lapor polisi terkait kss pdn diduga lindungi dirjen pengelola judol rajin setor dialihkan korupsi menyambung serangan siber menteri melaporkan,judol,PER,6133
5536,polisi read-write polsek besuki bripka jefry prianatama dampingi pilih kapolsek besuki akp hug abdullah same here hadiri maulid nabi muhammad saw aula kantor kecamatan besuki dihadiri paralytic tokoh agama jajaran pemerintah desa sekec besuki,bripka jefry prianatama dampingi,PER,6135
5536,polisi read-write polsek besuki bripka jefry prianatama dampingi pilih kapolsek besuki akp hug abdullah same here hadiri maulid nabi muhammad saw aula kantor kecamatan besuki dihadiri paralytic tokoh agama jajaran pemerintah desa sekec besuki,akp hug abdullah same here,PER,6135
5539,adili united states of america takut polisi atao jaksa takut serahkan penny ifron persaudaraan islam selesai,penny ifron,PER,6140
5548,kapolri jenderal polisi drs listyo sigit prabowo mengajak elemen masyarakat menjaga persatuan kesatuan dinamika pernyataan kapolri dead on arrival peringatan maulid nabi muhammad sibling alert,jenderal polisi drs listyo sigit prabowo,PER,6151
5552,nadiem korupsi laptop ukuran lnting kerjanya bersih polisi hoegeng miskin bersih prabowo telanjur napak tanah penderitaan rakyat solusinya orang tidak tahu penderitaan orang miskin,nadiem,PER,6158
5552,nadiem korupsi laptop ukuran lnting kerjanya bersih polisi hoegeng miskin bersih prabowo telanjur napak tanah penderitaan rakyat solusinya orang tidak tahu penderitaan orang miskin,hoegeng,PER,6158
5552,nadiem korupsi laptop ukuran lnting kerjanya bersih polisi hoegeng miskin bersih prabowo telanjur napak tanah penderitaan rakyat solusinya orang tidak tahu penderitaan orang miskin,prabowo,PER,6158
5554,polisi hii nchi wana maisha magumu yaani wanakamata watu wema mchana ila kuwaachia wanawaachia usiku manane yaani moja kati kazi pizza hovyo kwa hii nchi basi polisi wahovyo,polisi,PER,6160
5554,polisi hii nchi wana maisha magumu yaani wanakamata watu wema mchana ila kuwaachia wanawaachia usiku manane yaani moja kati kazi pizza hovyo kwa hii nchi basi polisi wahovyo,wahovyo,PER,6160
5555,kapolri jenderal polisi drs listyo sigit prabowo mengajak elemen masyarakat jaga persatuan kesatuan dinamika pernyataan kapolri dead on arrival peringatan maulid nabi muhammad saw hug,jenderal polisi drs listyo sigit prabowo,PER,6161
5556,kapolri jenderal polisi drs listyo sigit prabowo mengajak elemen masyarakat menjaga persatuan kesatuan dinamika pernyataan kapolri dead on arrival amplifier peringatan maulid nabi muhammad saw,jenderal polisi drs listyo sigit prabowo,PER,6162
5557,mendaftar membantu polisi menyelamatkan kota jericho mengejar hyde lupa log jumat september wib,hyde,PER,6163
5558,salah siswa evermore academy membantu polisi mengejar hyde menyelamatkan kota jericho,evermore academy,ORG,6165
5558,salah siswa evermore academy membantu polisi mengejar hyde menyelamatkan kota jericho,hyde,PER,6165
5559,semenjak hyde muncul meneror kota jericho masyarakat kota jericho korban luka tubuh korban tercabik brutal manusiawi polisi berbuat penduduk mengungsi,hyde,PER,6166
5560,kapolres brebes pimpin rapat penyusunan perjanjian kerja yayasan kemala bhayangkari polresbrebes polresbrebesapik bhabinkamtibmas humaspolri polriuntukindonesia polrihadir polisiindonesia polripresisi brebeshariini,yayasan kemala bhayangkari,ORG,6167
5564,kapolri jenderal polisi drs listyo sigit prabowo mengajak elemen masyarakat menjaga persatuan kesatuan dinamika sinergijagakedamaian,jenderal polisi drs listyo sigit prabowo,PER,6174
5565,kapolri jenderal polisi drs listyo sigit prabowo mengajak elemen masyarakat menjaga persatuanampkesatuan dinamika pernyataan kapolri dead on arrival ampperingatan maulid nabi muhammad saw hug,jenderal polisi drs listyo sigit prabowo,PER,6175
5566,rudi menangis ditangkap polisi terdesak ekonomi pemuda medan beli beras pakai ijazah sri mulyani,rudi,PER,6178
5566,rudi menangis ditangkap polisi terdesak ekonomi pemuda medan beli beras pakai ijazah sri mulyani,sri mulyani,PER,6178
5568,maidan revolution nanam sniper menembak arah polisi demonstran korban jatuh disalahin pemerintah,nanam,PER,6180
5569,gara gara ferry keras ruu tni gara gara ferry naekin berita intelligence tni ketahuan ngerusuh ketangkep polisi,ferry,PER,6181
5569,gara gara ferry keras ruu tni gara gara ferry naekin berita intelligence tni ketahuan ngerusuh ketangkep polisi,ferry,PER,6181
5570,postingan ingusencer ketut stop it rindu kompor es cosmos lapor negeri that's ok wartawan investigasi modal menuduh polisi buka fire called anarchist,cosmos,PER,6182
5575,kapolri jenderal polisi drs listyo sigit prabowo mengajak elemen masyarakat menjaga persatuan kesatuan dinamika sinergijagakedamaian wujudkan indonesia harmonis,jenderal polisi drs listyo sigit prabowo,PER,6190
5576,berdasarkan uu no offence tni peran tni keamanan siber terbatas ancaman pertahanan negara penegakan hukum warga sipil urusan pidana sipil wewenang polisi ferry irwandi langkah tni dikritik pelampauan,ferry irwandi,PER,6191
5578,polisi polisi skena,skena,PER,6196
5583,kapolri ajak jaga persatuan peringatan maulid nabi muhammad saw kapolri jenderal polisi drs listyo sigit prabowo menghadiri acara dead on arrival peringatan maulid nabi muhammad saw lapangan presisi polda metro jaya minggu,jenderal polisi drs listyo sigit prabowo,PER,6203
5588,sinergijagakedamaian wujudkan indonesia harmonis polisi hadir melindungi masyarakat,sinergijagakedamaian,ORG,6214
5590,sherina munaf banjir dukungan dipanggil polisi terkait kucing uya kuya,sherina munaf,PER,6217
5590,sherina munaf banjir dukungan dipanggil polisi terkait kucing uya kuya,uya kuya,PER,6217
5592,kapolri jenderal polisi drs listyo sigit prabowo mengajak elemen masyarakat menjaga persatuan kesatuan dinamika tingkatkan sinergijagakedamaian,jenderal polisi drs listyo sigit prabowo,PER,6220
5596,kapolri jenderal polisi drs listyo sigit prabowo mengajak elemen masyarakat menjaga persatuan kesatuan dinamika kapolri dead on arrival peringatan maulid nabi muhammad saw hijriah,jenderal polisi drs listyo sigit prabowo,PER,6230
5597,kepala bidang profesi pengamanan polda not that bothered kombes pol wildan alberd mkp beserta jajaran staf melaksanakan kegiatan menembak mako scholastic assessment test brimob polda not that bothered tujuan memantapkan keterlampilan personel bidpropam polda not that bothered bertugas polisi polwan,kombes pol wildan alberd mkp,PER,6234
5599,kapolri jenderal polisi drs listyo sigit prabowo mengajak elemen masyarakat menjaga persatuan kesatuan dinamika adasinergijagakedamaian wujudkan indonesia harmonis,jenderal polisi drs listyo sigit prabowo,PER,6236
5602,polres kutai timur polsek bengalon menjaga silaturahmi sinergi polisi masyarakat bhabinkamtibmas desa tepian kecamatan bengalon kabupaten kutai timur brigpol hutri situmorang same here sambangi warga binaan desa,hutri situmorang,PER,6240
5604,polisi humanis bhabinkamtibmas polsek sipispis polres tebing aiptu iwan kukuh membantu warga prosesi pemakaman almarhum cokro,aiptu,PER,6243
5604,polisi humanis bhabinkamtibmas polsek sipispis polres tebing aiptu iwan kukuh membantu warga prosesi pemakaman almarhum cokro,iwan kukuh,PER,6243
5604,polisi humanis bhabinkamtibmas polsek sipispis polres tebing aiptu iwan kukuh membantu warga prosesi pemakaman almarhum cokro,cokro,PER,6243
5605,kapolri jenderal polisi drs listyo sigit prabowo mengajak elemen masyarakat menjaga persatuan kesatuan dinamika adasinergijagakedamaian,jenderal polisi drs listyo sigit prabowo,PER,6244
5607,alasan polisi panggil sherina munaf,sherina munaf,PER,6249
5614,kepolisian resor kota polresta tangerang polda banten berhasil meringkus peria berinisial terduga pelaku tindak pidana kekerasan rumah tangga kdrt istrinya mengakibatkan kematian,peria,PER,6258
5615,kapolri jenderal polisi drs listyo sigit prabowo mengajak elemen masyarakat menjaga persatuan kesatuan dinamika pernyataan,jenderal polisi drs listyo sigit prabowo,PER,6259
5626,manipulasi uu alright warisan jokowi jebakan rakyat tni amplifier prabowo rezim busuk jokowi mewarisi racun ganas aneka produk kebijakan amplifier uu berpotensi membenturkan prabowo tni rakyat video penuh bekas lingkar inti dep kominfo,jokowi,PER,6272
5626,manipulasi uu alright warisan jokowi jebakan rakyat tni amplifier prabowo rezim busuk jokowi mewarisi racun ganas aneka produk kebijakan amplifier uu berpotensi membenturkan prabowo tni rakyat video penuh bekas lingkar inti dep kominfo,prabowo,PER,6272
5626,manipulasi uu alright warisan jokowi jebakan rakyat tni amplifier prabowo rezim busuk jokowi mewarisi racun ganas aneka produk kebijakan amplifier uu berpotensi membenturkan prabowo tni rakyat video penuh bekas lingkar inti dep kominfo,jokowi,PER,6272
5626,manipulasi uu alright warisan jokowi jebakan rakyat tni amplifier prabowo rezim busuk jokowi mewarisi racun ganas aneka produk kebijakan amplifier uu berpotensi membenturkan prabowo tni rakyat video penuh bekas lingkar inti dep kominfo,prabowo,PER,6272
5631,berita ferry irwandi terbaru reaksi menteri pertahanan rencana irwandi dipolisikan tni via,ferry irwandi,PER,6278
5631,berita ferry irwandi terbaru reaksi menteri pertahanan rencana irwandi dipolisikan tni via,irwandi,PER,6278
5635,tni garda terdepan rakyat berisik nyinyir mengumpat menghina society of jesus kerjakan,society of jesus,ORG,6282
5636,konsultasi jenderal polda metro memalukan prabowo ganti panglima tni kapolri,prabowo,PER,6283
5647,merajut kebersamaan perbedaan tni angkatan udara langit hati dispenau tniau swabhuwanapaksa jauhdilangitdekatdihati airmentv airmenradio tniauampuh ampuh kasau marsekaltnitonnyharjono marsekaltonnyharjono tonnyharjono,marsekaltnitonnyharjono,PER,6294
5647,merajut kebersamaan perbedaan tni angkatan udara langit hati dispenau tniau swabhuwanapaksa jauhdilangitdekatdihati airmentv airmenradio tniauampuh ampuh kasau marsekaltnitonnyharjono marsekaltonnyharjono tonnyharjono,marsekaltonnyharjono tonnyharjono,PER,6294
5652,rame akseyna anaknya tni pelakunya terungkap anak orang,rame akseyna,PER,6300
5654,viral ketemu pulangkah hilang,viral,PER,6302
5657,anggota komisi dpr text back hasanuddin mabes tni penjelasan terbuka terkait dugaan tindak pidana melibatkan chief executive officer malaka proyek ferry irwandi,ferry irwandi,PER,6305
5658,tni kesan kritik menjamin darmil kondisi cheos dimn dmnlagian tubuh tni faksi genkapalagi pangab ganti gerbong berhentimakanya tni polri main politik,darmil,PER,6307
5658,tni kesan kritik menjamin darmil kondisi cheos dimn dmnlagian tubuh tni faksi genkapalagi pangab ganti gerbong berhentimakanya tni polri main politik,cheos dimn,PER,6307
5659,kapolda bengkulu irjen pol mardiyono menerima kegiatan courtesy telpon pangdam xxiradin inten mayjen tni kristomei sianturi beserta staf bertempat ruang tamu kapolda bengkulu polriuntukmasyarakat kapoldabengkulu,irjen pol mardiyono,PER,6308
5659,kapolda bengkulu irjen pol mardiyono menerima kegiatan courtesy telpon pangdam xxiradin inten mayjen tni kristomei sianturi beserta staf bertempat ruang tamu kapolda bengkulu polriuntukmasyarakat kapoldabengkulu,mayjen tni kristomei sianturi,PER,6308
5665,rabu september wib polsek cipondoh melaksanakan apel persiapan patroli gabungan tni polri pilar rangka cipta kondisi antisipasi gangguan kamtibmas kegiatan dipimpin wakapolsek cipondoh akp tasdik same here map hack bertempat halaman mapolsek,akp tasdik same,PER,6314
5666,mengambil sumber berita bridgen tni mengambil sumber informasi sumber kenyataan omongan berita menyebar takut ancam perlawanan masyarakat bridgen tni,bridgen tni,ORG,6315
5666,mengambil sumber berita bridgen tni mengambil sumber informasi sumber kenyataan omongan berita menyebar takut ancam perlawanan masyarakat bridgen tni,bridgen tni,ORG,6315
5667,ferry irwandi sejujurnya bukti bridgen tni membungkam mengancam perlawanan ferry irwandi salah kesalahan ferry irwandi kesalahan kebenaran bukti sah mengambil,ferry irwandi,PER,6316
5667,ferry irwandi sejujurnya bukti bridgen tni membungkam mengancam perlawanan ferry irwandi salah kesalahan ferry irwandi kesalahan kebenaran bukti sah mengambil,ferry irwandi,PER,6316
5667,ferry irwandi sejujurnya bukti bridgen tni membungkam mengancam perlawanan ferry irwandi salah kesalahan ferry irwandi kesalahan kebenaran bukti sah mengambil,ferry irwandi,PER,6316
5668,patroli siber tni awasi masyarakat ferry irwandi fokus serangan,ferry irwandi,PER,6317
5677,keluarga lapas kelas ignorance is bliss sanana dirgahayu tni angkatan laut september september semangat jalesveva jayamahe tni alcohol sorry if already posted mengantarkan rakyat sejahtera bersatu berdaulat indonesia maju,jalesveva jayamahe,PER,6326
5681,tni bawahan bareskrim memalukan judol narkoba prnyeludupan lrbih fery centek,fery centek,PER,6331
5684,baca mikir dfahami bertindak konpres kebalik bertindak mikirhadew credit card,dfahami,PER,6334
5685,stop it aiman menghubungi narasumber,aiman,PER,6335
5686,kepala staf kepresidenan indonesia letjen tni purn anto mukti putranto menjabat oktober berita kegiatannya peninjauan renovasi rumah bandung september pejabat,letjen tni purn anto mukti putranto,PER,6336
5687,temanpemilih sahabatkpukotamakasar komisi pemilihan kpu kota makassar dirgahayu tentara nasional indonesia angkatan laut ke80 semangat jalesveva tni alcohol sorry if already posted mengantarkan rakyat sejahtera bersatu berdaulat indonesia maju,jalesveva,PER,6337
5695,ferry irwandi bantah tudingan tni nomor terbuka jakarta,ferry irwandi,PER,6345
5696,jenderal tni datangi polda metro jaya bahas ferry irwandi,ferry irwandi,PER,6346
5697,data mantan baais ri china kepanjangannya badan asumsi analisis intelejen swasta data mendukung bais tni aslidan didukung badan intelejen ngopi saudara saudarabahwa marwah tni sorry if already posted thd kudeta gang solo,aslidan,PER,6348
5698,usut melatarbelakangi institusi menganggapnya mengancam pertahanan bikin livestreaming masyarakat berbahaya negeri tni ferry irwandi,tni,PER,6349
5698,usut melatarbelakangi institusi menganggapnya mengancam pertahanan bikin livestreaming masyarakat berbahaya negeri tni ferry irwandi,ferry irwandi,PER,6349
5701,aksi agustus jenderal purn gatot nurmantyo mendeskreditkan tni,jenderal purn gatot nurmantyo,PER,6352
5702,tolong terangkan menyikapi makhluk nyebut militer tendensi menghina memfitnah sewot kritikan ferry irwandi peduli sayang,ferry irwandi,PER,6353
5703,authorized personnel only laiini pakai bahasa sumateramelayu bahasa keluargakuapo kiciknyo ferryferry irwandi opini asumsi kali langsung instansi tni sponto eks kabais tni tni konsultasi konten forget it poldal ngopi goodbye,laiini,PER,6354
5703,authorized personnel only laiini pakai bahasa sumateramelayu bahasa keluargakuapo kiciknyo ferryferry irwandi opini asumsi kali langsung instansi tni sponto eks kabais tni tni konsultasi konten forget it poldal ngopi goodbye,ferryferry irwandi,PER,6354
5703,authorized personnel only laiini pakai bahasa sumateramelayu bahasa keluargakuapo kiciknyo ferryferry irwandi opini asumsi kali langsung instansi tni sponto eks kabais tni tni konsultasi konten forget it poldal ngopi goodbye,sponto,PER,6354
5709,aibmu ditutup tuhan tingkatkan ktaqwaanmu pdnya malam raffi ahmad tari harum manis menpora parah rabu denpasar yasudah raboline joynderland29 lieterasi dirgahayu tni angkatan laut purbaya bank saqu amoled 120hz kode undangan tomorocheesexnailoongseries,raffi ahmad tari,PER,6361
5712,palangka raya apel penyerahan pasukan pangdam xiitanjungpura mayjen tni jamallulael ssos pangdam xxiitambun bungai mayjen tni zainul arifin sad and pathetic lapangan makodam xxiitambun bungai palangka raya,mayjen tni jamallulael ssos,PER,6364
5712,palangka raya apel penyerahan pasukan pangdam xiitanjungpura mayjen tni jamallulael ssos pangdam xxiitambun bungai mayjen tni zainul arifin sad and pathetic lapangan makodam xxiitambun bungai palangka raya,mayjen tni zainul arifin sad,PER,6364
5716,tni dugaan pidana ferry irwandi tanggapi santai viralno1,ferry irwandi,PER,6368
5718,diskusiinteraktif tni rencanakan laporan hukum konten kreator implikasinya masyarakat bicara pengacara publik pusat bantuan hukum masyarakat ralian jawalsen streaming exciting nyala tiktok e110924,pusat bantuan hukum masyarakat ralian jawalsen,ORG,6370
5718,diskusiinteraktif tni rencanakan laporan hukum konten kreator implikasinya masyarakat bicara pengacara publik pusat bantuan hukum masyarakat ralian jawalsen streaming exciting nyala tiktok e110924,tiktok,PER,6370
5720,temanpemilih keluarga kpu kabupaten maros dirgahayu tentara nasional indonesia angkatan laut september semangat jelesveva jayamahe tni angkatan laut sorry if already posted mengantarkan rakyat sejahtera bersatu berdaulat indonesia maju,jelesveva jayamahe,PER,6372
5721,vonis mom alert thailand thaksin shinawatra kontroversi penunjukan dewan penasihat danantara langkah tni ferry irwandi demonstrasi information nepal viral medsos hukum berdiri institusi deliberatif otonom,thaksin shinawatra,PER,6373
5721,vonis mom alert thailand thaksin shinawatra kontroversi penunjukan dewan penasihat danantara langkah tni ferry irwandi demonstrasi information nepal viral medsos hukum berdiri institusi deliberatif otonom,ferry irwandi,PER,6373
5722,panglima komando armada ii laksda tni general principle alit jaya same here beserta prajurit jalasena koarmada ii selamat ulang rri radio republik indonesia september september,alit jaya same here,PER,6374
5722,panglima komando armada ii laksda tni general principle alit jaya same here beserta prajurit jalasena koarmada ii selamat ulang rri radio republik indonesia september september,rri radio republik indonesia,ORG,6374
5723,cari berkualitas tua berikanlah bakti terbaik kepemimpinan indonesia bela rakyat kepentingan paralytic mafia mafia rakus generasi era soeharto otba contoh terbaik kepemimpinan tni negara,soeharto,PER,6375
5725,jurnalpatrolinews jakarta bakamla rimelalui direktorat strategi kamla menggelar rapat perencanaan harmonisasi strategi keamanan laut kamla kebijakan nasional keamanan keselamatan penegakan hukum jaknas kkph bidang patroli,jurnalpatrolinews jakarta,ORG,6377
5725,jurnalpatrolinews jakarta bakamla rimelalui direktorat strategi kamla menggelar rapat perencanaan harmonisasi strategi keamanan laut kamla kebijakan nasional keamanan keselamatan penegakan hukum jaknas kkph bidang patroli,bakamla rimelalu,PER,6377
5726,jurnalpatrolinews jakarta kepala staf angkatan laut kasal laksamana tni muhammad best friend memimpin langsung upacara peringatan ke80 tni angkatan laut tni alcohol lapangan apel arafuru markas komando armada republik indonesia,jurnalpatrolinews jakarta,ORG,6378
5726,jurnalpatrolinews jakarta kepala staf angkatan laut kasal laksamana tni muhammad best friend memimpin langsung upacara peringatan ke80 tni angkatan laut tni alcohol lapangan apel arafuru markas komando armada republik indonesia,laksamana tni muhammad best friend,PER,6378
5727,semangat jalasveva jayamahe tni angkatan laut sorry if already posted mengantarkan rakyat sejahtera bersatu berdaulat indonesia maju dirgahayutni tni kejaksaan kejaksaanri kejatisumut kejaritapsel berakhlak banggamelayanibangsa,jalasveva jayamahe,PER,6379
5728,dirgahayu tni angkatan laut ke80 september september kepala kejaksaan negeri tapanuli selatan muhammad indra muda nasution same here map hack beserta jajaran selamat ulang ke80 tni angkatan laut,muhammad indra muda nasution,PER,6380
5728,dirgahayu tni angkatan laut ke80 september september kepala kejaksaan negeri tapanuli selatan muhammad indra muda nasution same here map hack beserta jajaran selamat ulang ke80 tni angkatan laut,map hack,PER,6380
5730,hey hi portizen dirgahayu tni alcohol jalesveva jayamahe dilaut jaya pelindo pelindogroul pelindoregional4 pelindotpk pakarosopelindo,jalesveva jayamahe,PER,6382
5730,hey hi portizen dirgahayu tni alcohol jalesveva jayamahe dilaut jaya pelindo pelindogroul pelindoregional4 pelindotpk pakarosopelindo,##indo pelindogroul pelindoregional4 pelindotpk pakarosopelindo,ORG,6382
5731,jurnalpatrolinews jakarta anggota komisi dpr ri text back hasanuddin mendesak mabes tni penjelasan terbuka terkait langkah hukum pegiat media sosial pendiri malaka proyek ferry irwandi,jurnalpatrolinews jakarta,ORG,6383
5731,jurnalpatrolinews jakarta anggota komisi dpr ri text back hasanuddin mendesak mabes tni penjelasan terbuka terkait langkah hukum pegiat media sosial pendiri malaka proyek ferry irwandi,back hasanuddin,PER,6383
5731,jurnalpatrolinews jakarta anggota komisi dpr ri text back hasanuddin mendesak mabes tni penjelasan terbuka terkait langkah hukum pegiat media sosial pendiri malaka proyek ferry irwandi,ferry irwandi,PER,6383
5732,jurnalpatrolinews jakarta bakamla ri direktorat strategi kamla menggelar rapat perencanaan harmonisasi strategi,jurnalpatrolinews jakarta,ORG,6384
5733,jurnalpatrolinews jember rangka menyambut ulang ke78 yonif kostradkembali menggelar ajang bergengsi sarat nilai juang kebersamaan lomba balawara warrior,jurnalpatrolinews jember,ORG,6385
5734,danpomdam xviicen hadiri acaratradisi penyambutan pangdam xviicenderawasih puspomad pomdamcenderawasih,##nderawasih,PER,6386
5735,bakamla ri evakuasi kapal music video leann terbakar natuna kapal patroli milik bakamla ri pulau nipah321 dinakhodai letkol bakamla andi christy mahendra berhasil evakuasi kapal music video leann terbakar perairan anambas,letkol bakamla,PER,6387
5735,bakamla ri evakuasi kapal music video leann terbakar natuna kapal patroli milik bakamla ri pulau nipah321 dinakhodai letkol bakamla andi christy mahendra berhasil evakuasi kapal music video leann terbakar perairan anambas,andi christy mahendra,PER,6387
5737,legislator dansatsiber tni anggap ferry irwandi ancam siber,ferry irwandi,PER,6389
5737,legislator dansatsiber tni anggap ferry irwandi ancam siber,siber,PER,6389
5738,maksud mm ok lembaga pemerintah eksecutive didalamnya tni polri diperdebatkan,mm,PER,6390
5739,tni ferry irwandi dianggap ancam pertahanan siber,ferry irwandi,PER,6391
5742,dipikir dipikir kakak ferry kuat meladeni orang debat diaduin tni,ferry,PER,6395
5744,ipw desak kapolda metro hentikan proses hukum laporan dansatsiber tni aktivis ferry irwandi,ferry irwandi,PER,6397
5745,paksalahlebih pulang nama gagal lapor tni mengerti aturanyg berlaku parah kakak ferry irwandihormat kakak,ferry irwandihormat,PER,6398
5746,surabaya ketua reformasi tni beliau ketua fraksi abri mpr bedalah prabowo syafri pro orba,prabowo syafri,PER,6399
5749,danlanud soewondo hadiri apel patroli gabungan simpatik indonesia damai sambut hut tni ke80,soewondo,PER,6402
5752,kepolisian resor ternate tni scholastic assessment test pol kota ternate menggelar kegiatan patroli gabungan rangka cipta kondisi wilayah hukum polres ternate malam,tni scholastic assessment test pol,ORG,6406
5754,diskusiinteraktif tni berencana melaporkan konten kreator diduga tindak pidana tepatkah implikasinya masyarakat bicara dosen hukum goodbye negara universitas negeri surabaya hananto widodo streaming exciting nyala,hukum goodbye negara universitas negeri surabaya,ORG,6408
5754,diskusiinteraktif tni berencana melaporkan konten kreator diduga tindak pidana tepatkah implikasinya masyarakat bicara dosen hukum goodbye negara universitas negeri surabaya hananto widodo streaming exciting nyala,hananto widodo,PER,6408
5758,kerja 5thn berpotensi korupsi pensiun toskol bubarkandpr,toskol bubarkandpr,PER,6412
5768,bubarkan dpr indonesiareset bubarkandprri reformasitotal,##kandprri reformasitotal,PER,6422
5773,game gacor badak pecinta game pragmatic buruan hey you merapat pangkalanslot ragu bimbang modal bukit klik link daftar fixed your post bubarkandpr ahmadsyahroni slotgacor uyakuya dpr,ahmadsyahroni slotgacor uyakuya,PER,6427
5774,mencoba mencari provokator menyarankan ferry tv kiss ketik bubarkandpr agustus great mengajak demo anak anies,anies,PER,6429
5775,kesalahan tindakan terampuni kecuali hyang mahadewa alcoholics anonymous mahadewa manusia bersikap pengampun pramoedya ananta toer bubarkandpr stopbayarpajak,hyang mahadewa,PER,6430
5775,kesalahan tindakan terampuni kecuali hyang mahadewa alcoholics anonymous mahadewa manusia bersikap pengampun pramoedya ananta toer bubarkandpr stopbayarpajak,anonymous mahadewa,PER,6430
5775,kesalahan tindakan terampuni kecuali hyang mahadewa alcoholics anonymous mahadewa manusia bersikap pengampun pramoedya ananta toer bubarkandpr stopbayarpajak,pramoedya ananta toer,PER,6430
5777,hidup orang mesti menentukan sikap takkan pramoedya ananta toer bubarkandpr stopbayarpajak,pramoedya ananta toer,PER,6432
5778,orang membutuhkan blanked hidupnya pramoedya ananta toer bubarkandpr stopbayarpajak,pramoedya ananta toer,PER,6433
5779,minke kuyu menarik gadis secantik takkan menarik sakit pramoedya ananta toer bubarkandpr stopbayarpajak,minke kuyu,PER,6434
5779,minke kuyu menarik gadis secantik takkan menarik sakit pramoedya ananta toer bubarkandpr stopbayarpajak,pramoedya ananta toer,PER,6434
5780,kemanusiaan tersinggung orang berperasaan berfikiran waras tersinggung kecuali orang gila orang berjiwa kriminal biarpun sarjana pramoedya ananta toer bubarkandpr stopbayarpajak,pramoedya ananta toer,PER,6435
5782,orangorang rendahan orang atasan pramoedya ananta toer bubarkandpr stopbayarpajak,pramoedya ananta toer,PER,6437
5783,pribumi hindia sederhana takkan perang menangkan arti parang tombak hadapan senapan meriam pramoedya ananta toer bubarkandpr stopbayarpajak,pramoedya ananta toer,PER,6438
5784,sahabat kesulitan sahabat segalagalanya sepelekan persahabatan kehebatannya panasnya permusuhan pramoedya ananta toer bubarkandpr stopbayarpajak,pramoedya ananta toer,PER,6439
5787,rahasia paralytic dewa kaum brahmana pramoedya ananta toer bubarkandpr stopbayarpajak,pramoedya ananta toer,PER,6443
5788,gunanya pendapat pramoedya ananta toer bubarkandpr stopbayarpajak,pramoedya ananta toer,PER,6444
5789,orang bilang manusia jarak batasnya ufuk jarak ditempuh sang ufuk menjauh tertinggal jarak jugaabadi ufuk jugaabadi pramoedya ananta toer bubarkandpr stopbayarpajak,pramoedya ananta toer,PER,6445
5791,cari dalang demo tanggal agustus periksa hastag bubarkandpr via,hastag bubarkandpr,PER,6448
5793,berani mengambil keputusan risiko berani orang berani ngeyel salah pramoedya ananta toer bubarkandpr stopbayarpajak,pramoedya ananta toer,PER,6450
5794,berpendapat berpengetahuan hukuman mati calon brahmana takkan brahmana dipercaya pramoedya ananta toer bubarkandpr stopbayarpajak,pramoedya ananta toer,PER,6451
5795,gadis pantai sosok wanita mandiri menggantungkan orang pekerjaan kasarpun kerjakan pramoedya ananta toer bubarkandpr stopbayarpajak,pramoedya ananta toer,PER,6452
5796,malu takut kerja malu malu berani kerja orang mulia kemuliaan pramoedya ananta toer bubarkandpr stopbayarpajak,pramoedya ananta toer,PER,6453
5797,kesalahan orangorang pandai menganggap bodoh kesalahan orangorang bodoh menganggap orang pandai pramoedya ananta toer bubarkandpr stopbayarpajak,pramoedya ananta toer,PER,6454
5798,barang bersetia azas terbuka kejahatan dijahati menjahati pramoedya ananta toer bubarkandpr stopbayarpajak,pramoedya ananta toer,PER,6455
5801,orang suka suka hidup orang suka berjabatan tangan maut pramoedya ananta toer bubarkandpr stopbayarpajak,pramoedya ananta toer,PER,6458
5802,lihat arok mempertahankan tumapel pasukannya mempertahankannya titik darah imbalan uang emas perak singgasana kesetiaan janji pramoedya ananta toer bubarkandpr stopbayarpajak,arok,PER,6459
5802,lihat arok mempertahankan tumapel pasukannya mempertahankannya titik darah imbalan uang emas perak singgasana kesetiaan janji pramoedya ananta toer bubarkandpr stopbayarpajak,pramoedya ananta toer,PER,6459
5803,letakkan cambukmu raja ilmu pengetahuan membuka babak bumi manusia pramoedya ananta toer bubarkandpr stopbayarpajak,pramoedya ananta toer,PER,6460
5804,hukum hukum ditaati mari mari panggil hakim pramoedya ananta toer bubarkandpr stopbayarpajak,pramoedya ananta toer,PER,6461
5805,manusia ditimbang suratsurat resmi belaka wujudnya manusia pramoedya ananta toer bubarkandpr stopbayarpajak,pramoedya ananta toer,PER,6462
5806,penjahat dijahatinya biar orang mengerti tampang sanubari penjahat pramoedya ananta toer bubarkandpr stopbayarpajak,pramoedya ananta toer,PER,6463
5807,romantika kuat menaklukan menggenggamnya tanganjarak ufuk abadi pramoedya ananta toer bubarkandpr stopbayarpajak,pramoedya ananta toer,PER,6464
5808,suara rakyat bubarkandprri bubarkandprsontoloyo,##prsontoloyo,PER,6465
5810,wanita suka mengabdi kekinian gentar ketuaan dicengkam impian kemudaan rapuh bergayutan abadi kemudaan impian pramoedya ananta toer bubarkandpr stopbayarpajak,pramoedya ananta toer,PER,6467
5811,tutup a lot of kekuasaan bilang tutup a lot of napoltapol bilang tutup a lot of kekuasaan pramoedya ananta toer bubarkandpr stopbayarpajak,pramoedya ananta toer,PER,6468
5812,petisi penolakan pemecatan kompol kosmas kaju tandatangani petisi bubarkandpr kompolcosmas dprri indonesiagelap prabowodipanggungdunia prabowountukrakyat polriterkini polriuntukrakyat tniad tni populer trend,##lap,PER,6470
5812,petisi penolakan pemecatan kompol kosmas kaju tandatangani petisi bubarkandpr kompolcosmas dprri indonesiagelap prabowodipanggungdunia prabowountukrakyat polriterkini polriuntukrakyat tniad tni populer trend,##ia,PER,6470
5813,mengerti kehormatan nilainya uang pramoedya ananta toer bubarkandpr stopbayarpajak,pramoedya ananta toer,PER,6471
5814,repot niatnya berkuasa kepentingan rakyat kepentingan perut golongannye moherantpkonoha affankurniawan bubarkandpr indonesiagelap,moherantpkonoha affankurniawan,PER,6472
5817,termul mencari kambing hitam menuduh menuduh riza khalid buzzer afiliasi jokowi menyuarakan bubarkandpr tiktok,termul,PER,6475
5817,termul mencari kambing hitam menuduh menuduh riza khalid buzzer afiliasi jokowi menyuarakan bubarkandpr tiktok,riza khalid buzzer,PER,6475
5817,termul mencari kambing hitam menuduh menuduh riza khalid buzzer afiliasi jokowi menyuarakan bubarkandpr tiktok,jokowi,PER,6475
5819,anakku hidupku limapuluh enam tahulah usaha iktiar manusia terbatas membiarkan adikmu sakit berkuasa nasib manusia pramoedya ananta toer bubarkandpr stopbayarpajak,iktiar,PER,6477
5819,anakku hidupku limapuluh enam tahulah usaha iktiar manusia terbatas membiarkan adikmu sakit berkuasa nasib manusia pramoedya ananta toer bubarkandpr stopbayarpajak,pramoedya ananta toer,PER,6477
5820,mudah balikin kepercayaan hilang tuntutan masyarakat dipenuhi terkecuali tulus berbenah akui gentleman gentlewomen leaders resetindonesia bubarkandpr,tulus,PER,6478
5821,about to do bara ajar ngama ajar ngama hormati suamimu pramoedya ananta toer bubarkandpr stopbayarpajak,pramoedya ananta toer,PER,6479
5823,penderitaan manusia bencana alam dilawan manusia pramoedya ananta toer bubarkandpr stopbayarpajak,pramoedya ananta toer,PER,6481
5824,ahli hukum tersinggung pelanggaran hukum tukang sapu jalanan pramoedya ananta toer bubarkandpr stopbayarpajak,pramoedya ananta toer,PER,6482
5825,berani mengalah terinjakinjak bunda pramoedya ananta toer bubarkandpr stopbayarpajak,pramoedya ananta toer,PER,6483
5826,menang bersiaplah kalah kalah terimalah kekalahan hati rebutlah kemenangan pramoedya ananta toer bubarkandpr stopbayarpajak,pramoedya ananta toer,PER,6484
5828,diperoleh hidup bea dibayar ditebus sependekpendek kebahagiaan pramoedya ananta toer bubarkandpr stopbayarpajak,pramoedya ananta toer,PER,6486
5829,pengecut pengecut berani dibiarkan genderang menyekarat lerenglereng lembah diolah matahari condong memburu cari selimut sembunyian pramoedya ananta toer bubarkandpr stopbayarpajak,pramoedya ananta toer,PER,6487
5830,berujung bubarkandpr poin poin tuntutan dieksekusi bajingan ri dpr mecat sahroni eko patrio dsb biar penghasilan dpr terbentur aturan internal,sahroni eko patrio,PER,6489
5831,wanita muda kakak nganten kesulitan hidup dunia cantik rodi pramoedya ananta toer bubarkandpr stopbayarpajak,pramoedya ananta toer,PER,6490
5832,perbudakan benarkan dibenarkan menjadikan saudaranya budak saudaranya budak pramoedya ananta toer bubarkandpr stopbayarpajak,pramoedya ananta toer,PER,6491
5834,membunuh dibunuh peraturan undangundang pembesar polisi militer keadilan pramoedya ananta toer bubarkandpr stopbayarpajak,pramoedya ananta toer,PER,6493
5836,biarkan suamiku merampas istri orang membangunkan kejahatan kerusuhan malapetaka pramoedya ananta toer bubarkandpr stopbayarpajak,pramoedya ananta toer,PER,6495
5837,mati berani hidup berani keberanian bangsa asing jajah pramoedya ananta toer bubarkandpr stopbayarpajak,pramoedya ananta toer,PER,6496
5839,percaya orang salah orang percaya sahabat pramoedya ananta toer bubarkandpr stopbayarpajak,pramoedya ananta toer,PER,6498
5843,teman kocak coba simak sebentar hahaha copotkapolri polisipembunuh bubarkandpr adilijokowi turunkangibran indonesiagelap2025,adilijokowi,PER,6502
5844,kekuatan miliki mungkinlah sebanding ketidakadilan tuhan berusaha melawannya pramoedya ananta toer bubarkandpr stopbayarpajak,pramoedya ananta toer,PER,6503
5845,ferry irwandi gampang cari bohir demo agustus polisi masuk akun akun hastag bubarkandpr,ferry irwandi,PER,6504
5848,revolusi perjuangan lahir mencapai keagungannya pribadi tampil berani pramoedya ananta toer bubarkandpr stopbayarpajak,pramoedya ananta toer,PER,6507
5850,membela anggap haknya mengindahkan maut orang kanakkanak kalah melawan melawan minke kemampuan ketakmampuan pramoedya ananta toer bubarkandpr stopbayarpajak,minke,PER,6509
5850,membela anggap haknya mengindahkan maut orang kanakkanak kalah melawan melawan minke kemampuan ketakmampuan pramoedya ananta toer bubarkandpr stopbayarpajak,pramoedya ananta toer,PER,6509
5851,tawa teman mengakak sebentar copotkapolri polisipembunuh bubarkandpr adilijokowi turunkangibran turunkansepaket indonesiagelap2025,adilijokowi,PER,6510
5852,memangnya ratu palak berani aturan pajak kekayaan indonesiareset indonesiaberbenah bubarkandprri,ratu palak,PER,6511
5855,ramalkan bayi nabi bajingan sekedar tambahan isi dunia pramoedya ananta toer bubarkandpr stopbayarpajak,pramoedya ananta toer,PER,6514
5856,zaman nabi hambahamba iblis maling heran maling iblis malingpun butuh kehormatan kehormatan pramoedya ananta toer bubarkandpr stopbayarpajak,pramoedya ananta toer,PER,6515
5860,perjuangan bersiapsiap bersiapsiap menyerang diserang merdeka seratus prosen pramoedya ananta toer bubarkandpr stopbayarpajak,pramoedya ananta toer,PER,6519
5861,waspada orang alfuru terikat kepercayaan pamali pelit keterangan kehidupan alfuru pramoedya ananta toer bubarkandpr stopbayarpajak,alfuru,PER,6520
5861,waspada orang alfuru terikat kepercayaan pamali pelit keterangan kehidupan alfuru pramoedya ananta toer bubarkandpr stopbayarpajak,alfuru,PER,6520
5861,waspada orang alfuru terikat kepercayaan pamali pelit keterangan kehidupan alfuru pramoedya ananta toer bubarkandpr stopbayarpajak,pramoedya ananta toer,PER,6520
5862,terbaik hidup kebebasan direbutnya pramoedya ananta toer bubarkandpr stopbayarpajak,pramoedya ananta toer,PER,6521
5863,ilmu pengetahuan modern binatang buas buas manusia keji keji dilupakan ilmupengetahuan modern binatangbinatang sebuasbuasnya ditundukkan pramoedya ananta toer bubarkandpr stopbayarpajak,pramoedya ananta toer,PER,6522
5865,kekuatan negeri terletak kecilnya penduduk luas sempitnya negerinya nilainya menguasai ilmu pengetahuan pramoedya ananta toer bubarkandpr stopbayarpajak,pramoedya ananta toer,PER,6524
5866,gusdur coba resetindonesia bubarkandpr hasilnya belio digulingkan ketum partai ambisius agenda jangka rezim bebas kkn amplifier mafia cari sosok dedekngkot,gusdur,PER,6525
5866,gusdur coba resetindonesia bubarkandpr hasilnya belio digulingkan ketum partai ambisius agenda jangka rezim bebas kkn amplifier mafia cari sosok dedekngkot,belio,PER,6525
5867,malu kakak tangan sampean berlumuran darah manusia presiden mundur terhormat copotkapolri polisipembunuh bubarkandpr adilijokowi turunkangibran turunkansepaket,adilijokowi,PER,6526
5868,manusia bersaudara orang membutuhkan pertolongan meeroleh pertolongan orang turunan saudara pramoedya ananta toer bubarkandpr stopbayarpajak,pramoedya ananta toer,PER,6527
5869,nyai sembarang nyai hadapi siswa habis rendah keberanian pendapat sadar kekuatan pribadinya pramoedya ananta toer bubarkandpr stopbayarpajak,pramoedya ananta toer,PER,6528
5870,tabah kubisikkan takkan menolong setan iblis mengepung pramoedya ananta toer bubarkandpr stopbayarpajak,pramoedya ananta toer,PER,6529
5872,hey hi pencetus utama naiknya label on twitter to aid searching bubarkandpr agustus,hey hi,PER,6531
5873,rumah rusak menempatinya rusak pramoedya ananta toer bubarkandpr stopbayarpajak,pramoedya ananta toer,PER,6532
5874,satria hidup ketakutan dunia takuttakuti dunia pramoedya ananta toer bubarkandpr stopbayarpajak,pramoedya ananta toer,PER,6533
5875,kertaskertas dipercaya dipercaya mulut penulisnya pramoedya ananta toer bubarkandpr stopbayarpajak,pramoedya ananta toer,PER,6534
5877,anggota brimob polda metro kompol cosmas kaju dipecat ptdh polri terkait kematian affan kurniawan dilindas rantis brimob majelis sidang etik tncc polri rabu copotkapolri polisipembunuh bubarkandpr adilijokowi turunkangibran,kompol cosmas kaju,PER,6536
5877,anggota brimob polda metro kompol cosmas kaju dipecat ptdh polri terkait kematian affan kurniawan dilindas rantis brimob majelis sidang etik tncc polri rabu copotkapolri polisipembunuh bubarkandpr adilijokowi turunkangibran,affan kurniawan,PER,6536
5877,anggota brimob polda metro kompol cosmas kaju dipecat ptdh polri terkait kematian affan kurniawan dilindas rantis brimob majelis sidang etik tncc polri rabu copotkapolri polisipembunuh bubarkandpr adilijokowi turunkangibran,adilijokowi,PER,6536
5878,orang bilang manusia jarak batasnya ufuk jarak ditempuh sang ufuk menjauh pramoedya ananta toer bubarkandpr stopbayarpajak,pramoedya ananta toer,PER,6537
5879,orang berilmu berpengetahuan berbakat punah pramoedya ananta toer bubarkandpr stopbayarpajak,pramoedya ananta toer,PER,6538
5880,ferry irwandi klaim dalang kerusuhan terlacak menit tantang pemerintah bongkar tagar bubarkandpr,ferry irwandi,PER,6539
5881,serdadu manja menang perang kemenanganku menguasai perempuanperempuan pramoedya ananta toer bubarkandpr stopbayarpajak,pramoedya ananta toer,PER,6540
5882,gelar dipersembahkan manusia manusia alasan pramoedya ananta toer bubarkandpr stopbayarpajak,pramoedya ananta toer,PER,6541
5884,perintah tinggal perintah pramoedya ananta toer bubarkandpr stopbayarpajak,pramoedya ananta toer,PER,6543
5885,apalah kebahagiaan rangkaian kesenangan detik detik nurani berjingkrakjingkrak menggugat pramoedya ananta toer bubarkandpr stopbayarpajak,pramoedya ananta toer,PER,6544
5886,berduyunduyun lainlain membutuhkan permulaan permulaan ditempuh pramoedya ananta toer bubarkandpr stopbayarpajak,pramoedya ananta toer,PER,6545
5887,berhenti tonton artis termul tahi kucing penghancuran negara copotkapolri polisipembunuh bubarkandpr adilijokowi turunkangibran turunkansepaket indonesiagelap2025,adilijokowi,PER,6546
5890,prinsip sehinahina orang manusia setengiktengiknya pramoedya ananta toer bubarkandpr stopbayarpajak,pramoedya ananta toer,PER,6549
5891,kasihan perasaan orang berkemauan berbuat kasihan kemewahan kelemahan terpuji kemauan baiknya pramoedya ananta toer bubarkandpr stopbayarpajak,pramoedya ananta toer,PER,6550
5892,kebenaran kenyataan pramoedya ananta toer bubarkandpr stopbayarpajak,pramoedya ananta toer,PER,6551
5895,alangkah indah menembangkan keindahan kenangkenangan pramoedya ananta toer bubarkandpr stopbayarpajak,pramoedya ananta toer,PER,6554
5897,tempo kegiring tagar bubarkandpr organik tolong matangin asesmennya simpelnya dpr dibubarkan untung yes eksekutif absolut meanwhile anggota dewan partai eksekutif independen,tempo,ORG,6556
5897,tempo kegiring tagar bubarkandpr organik tolong matangin asesmennya simpelnya dpr dibubarkan untung yes eksekutif absolut meanwhile anggota dewan partai eksekutif independen,meanwhile,PER,6556
5899,hidup keberanian lantas harga hidup pramoedya ananta toer bubarkandpr stopbayarpajak,pramoedya ananta toer,PER,6558
5900,menulis suaramu takkan padam ditelan angin abadi pramoedya ananta toer bubarkandpr stopbayarpajak,pramoedya ananta toer,PER,6559
5903,buntut hastag bubarkandpr,hastag bubarkandpr,PER,6562
5904,hey you lawan perubahan tunjangan tunjangan diterima anggota dpr bubarkandpr bubarkandprsontoloyo,##kandpr,PER,6563
5904,hey you lawan perubahan tunjangan tunjangan diterima anggota dpr bubarkandpr bubarkandprsontoloyo,##kandprsontoloyo,PER,6563
5905,setuju mengekang nafsu menghina menghina berdiri penghinaan bodoh memukul pramoedya ananta toer bubarkandpr stopbayarpajak,pramoedya ananta toer,PER,6564
5906,gairah kerja pertanda daya hidup orang suka berjabatan tangan maut pramoedya ananta toer bubarkandpr stopbayarpajak,pramoedya ananta toer,PER,6565
5907,reset system sistem bobrok pusat hancur lebur negara negara gagal kapabilitas bidangnya tahi kucing copotkapolri polisipembunuh bubarkandpr adilijokowi turunkangibran indonesiagelap2025,adilijokowi,PER,6566
5908,hartanya ambil kesannya sedih giliran ambil hugs and kisses masyarakat beli hartaharta cuek bebek bubarkandpr indonesiareset,hartaharta,PER,6567
5912,ahmad sahroni dpr nasdem bodoh uya kuya eko patrio nafa urbach now or never aktif bubarkandprri,ahmad sahroni,PER,6571
5912,ahmad sahroni dpr nasdem bodoh uya kuya eko patrio nafa urbach now or never aktif bubarkandprri,eko patrio,PER,6571
5912,ahmad sahroni dpr nasdem bodoh uya kuya eko patrio nafa urbach now or never aktif bubarkandprri,nafa urbach,PER,6571
5913,demokrasi digital ujung jempol menyimpan paradoks reformasidikorupsi bubarkandpr media sosial ruang perlawanan ilusi perubahan merlyna lim mengupasnya tajam klik benarbenar aksi,merlyna lim,PER,6572
5916,kenal bangsamu pramoedya ananta toer bubarkandpr stopbayarpajak,pramoedya ananta toer,PER,6575
5920,ketua fraksi viktor laiskodat bohirnya sebernanya biang kerok parah dibedah bubarkandpr,viktor laiskodat,PER,6579
5921,sosok that's ok pintar orang dibodohi pramoedya ananta toer bubarkandpr stopbayarpajak,pramoedya ananta toer,PER,6580
5922,orang atasan ingatingatlah kakak nganten tempatnya sakit jatuhnya orang rendahan jatuh seribu kali berdiri ditakdirkan sekian kali berdiri pramoedya ananta toer bubarkandpr stopbayarpajak,pramoedya ananta toer,PER,6581
5923,rahasia pecahkan bertempur melawan kompeni melawan kehancurannya pramoedya ananta toer bubarkandpr stopbayarpajak,pramoedya ananta toer,PER,6582
5925,selamatkan mudahkan perjalananku gampangkan hidupku terima kasih tuhanku pramoedya ananta toer bubarkandpr stopbayarpajak,pramoedya ananta toer,PER,6584
5926,hati pikiran manusia mencapai tuhan orang berseru pramoedya ananta toer bubarkandpr stopbayarpajak,pramoedya ananta toer,PER,6585
5928,part aneh stop it endra gejayan coba kagak kenal aiman dalang kerusuhan ferry tunggu endra nelpon silakan cari akun akun bubarkandpr tamat,endra gejayan,PER,6587
5928,part aneh stop it endra gejayan coba kagak kenal aiman dalang kerusuhan ferry tunggu endra nelpon silakan cari akun akun bubarkandpr tamat,aiman,PER,6587
5928,part aneh stop it endra gejayan coba kagak kenal aiman dalang kerusuhan ferry tunggu endra nelpon silakan cari akun akun bubarkandpr tamat,ferry,PER,6587
5928,part aneh stop it endra gejayan coba kagak kenal aiman dalang kerusuhan ferry tunggu endra nelpon silakan cari akun akun bubarkandpr tamat,endra,PER,6587
5931,maksud feri irwandi demo kemarin orang bodoh mudah terhasut label on twitter to aid searching bubarkandpr subhanallah,feri irwandi,PER,6590
5932,ferry ndra tolong kumpulin data dalang demo label on twitter to aid searching bubarkandpr maksudnya gejayan memanggil dsb endra kasih administrator on forum network etc kasih screenshot heralobs tekarok masveel ndrewstjan endra kasih administrator on forum network etc posting ferry terima kasih teman,ferry ndra,PER,6591
5932,ferry ndra tolong kumpulin data dalang demo label on twitter to aid searching bubarkandpr maksudnya gejayan memanggil dsb endra kasih administrator on forum network etc kasih screenshot heralobs tekarok masveel ndrewstjan endra kasih administrator on forum network etc posting ferry terima kasih teman,gejayan,PER,6591
5932,ferry ndra tolong kumpulin data dalang demo label on twitter to aid searching bubarkandpr maksudnya gejayan memanggil dsb endra kasih administrator on forum network etc kasih screenshot heralobs tekarok masveel ndrewstjan endra kasih administrator on forum network etc posting ferry terima kasih teman,masveel ndrewstjan,PER,6591
5932,ferry ndra tolong kumpulin data dalang demo label on twitter to aid searching bubarkandpr maksudnya gejayan memanggil dsb endra kasih administrator on forum network etc kasih screenshot heralobs tekarok masveel ndrewstjan endra kasih administrator on forum network etc posting ferry terima kasih teman,endra,PER,6591
5932,ferry ndra tolong kumpulin data dalang demo label on twitter to aid searching bubarkandpr maksudnya gejayan memanggil dsb endra kasih administrator on forum network etc kasih screenshot heralobs tekarok masveel ndrewstjan endra kasih administrator on forum network etc posting ferry terima kasih teman,ferry,PER,6591
5933,mendukung partai berpihak keadilan kemanusaiaan pramoedya ananta toer bubarkandpr stopbayarpajak,pramoedya ananta toer,PER,6592
5938,brahmana angkuh mengerti orang menganggap pengetahuan ilmu keangkuhan pramoedya ananta toer bubarkandpr stopbayarpajak,pramoedya ananta toer,PER,6597
5939,jder gibran bubarkandpr cemas dik,jder gibran,PER,6598
5940,las besok ulang merayakan ulang las benaran menghindar cintanya las resetindonesia bubarkandpr,las,PER,6599
5940,las besok ulang merayakan ulang las benaran menghindar cintanya las resetindonesia bubarkandpr,las benaran,PER,6599
5940,las besok ulang merayakan ulang las benaran menghindar cintanya las resetindonesia bubarkandpr,las resetindonesia,PER,6599
5942,jawa bupati buaya darat pramoedya ananta toer bubarkandpr stopbayarpajak,pramoedya ananta toer,PER,6601
5943,badan intelligence sebutkan accounts label on twitter to aid searching bubarkandpr 25agustus kasih pencerahan gerakan berdasarkan data himpun,##agustus kasih,PER,6602
5944,hello rien adilijokowi bubarkandpr resetindonesia,rien adilijokowi,PER,6603
5944,hello rien adilijokowi bubarkandpr resetindonesia,resetindonesia,ORG,6603
5947,adakah arok temannya menghinakan orang takut dihinakan lakukan maju pramoedya ananta toer bubarkandpr stopbayarpajak,arok,PER,6606
5947,adakah arok temannya menghinakan orang takut dihinakan lakukan maju pramoedya ananta toer bubarkandpr stopbayarpajak,pramoedya ananta toer,PER,6606
5950,manusia wajar mesti sahabat persahabatan pamrih sahabat hidup sunyi pramoedya ananta toer bubarkandpr stopbayarpajak,pramoedya ananta toer,PER,6609
5951,bangga liberal tuan liberal konsekwen orang menamainya liberal suka ditindas suka menindas suka penindasan pramoedya ananta toer bubarkandpr stopbayarpajak,pramoedya ananta toer,PER,6610
5957,langkah berat pergilah meninggalkan rumahsakit rumah orang bebas tubuh hidupnya pramoedya ananta toer bubarkandpr stopbayarpajak,pramoedya ananta toer,PER,6618
5959,kampung halaman bilang kampung halaman pramoedya ananta toer bubarkandpr stopbayarpajak,pramoedya ananta toer,PER,6621
5961,orang sejarah bangsanya tanah airnya gampang orang asing bangsa pramoedya ananta toer bubarkandpr stopbayarpajak,pramoedya ananta toer,PER,6623
5962,ibuprofen bijaksana berwibawa nyai dibutuhkan anak dara cantik tiada bandingan dibutuhkan pemuda pramoedya ananta toer bubarkandpr stopbayarpajak,pramoedya ananta toer,PER,6624
5965,panggil perempuan sejati hidup berkalang lelaki butuh lelaki cintai pramoedya ananta toer bubarkandpr stopbayarpajak,pramoedya ananta toer,PER,6627
5966,bangsa mempertaruhkan jiwaraga harta benda segumpal pengertian abstrak bernama kehormatan pramoedya ananta toer bubarkandpr stopbayarpajak,pramoedya ananta toer,PER,6628
5967,duniaku jabatan pangkat gaji kecurangan duniaku bumi manusia persoalannya pramoedya ananta toer bubarkandpr stopbayarpajak,pramoedya ananta toer,PER,6629
5970,orang berhatihati seumur hidupnya pramoedya ananta toer bubarkandpr stopbayarpajak,pramoedya ananta toer,PER,6632
5971,indahnya dunia pemuda perjuangan pramoedya ananta toer bubarkandpr stopbayarpajak,pramoedya ananta toer,PER,6633
5972,kawanrupawan aktris cantik pilates absen hannahalrashid rupawan bubarkandprri turunkanprabowogibran adilijokowi soehartobukanpahlawan acab1312,kawanrupawan,PER,6634
5972,kawanrupawan aktris cantik pilates absen hannahalrashid rupawan bubarkandprri turunkanprabowogibran adilijokowi soehartobukanpahlawan acab1312,hannahalrashid rupawan,PER,6634
5972,kawanrupawan aktris cantik pilates absen hannahalrashid rupawan bubarkandprri turunkanprabowogibran adilijokowi soehartobukanpahlawan acab1312,##bran adilijokowi soehartobukanpahlawan,PER,6634
5975,senjata tangan orang sebodohbodohnya keterpelajaran tubuh pelindung pramoedya ananta toer bubarkandpr stopbayarpajak,pramoedya ananta toer,PER,6637
5976,media sosial salah alat katalisator kontribusi menumbangkan pemerintahan husni mubarak rakyat indonesia melakukannya meruntuhkan sistem pemerintahan korup bubarkandpr polisipembunuhrakyat,husni mubarak,PER,6638
5983,perempuan sejati hidup berkalang lelaki butuh lelaki cintai pramoedya ananta toer bubarkandpr stopbayarpajak,pramoedya ananta toer,PER,6645
5984,modal seratus bikin x100 meletus main santai hasilnya kalengkaleng pangkalanslot klik link daftar bubarkandpr uyakuya ekopatrio ahmadsahroni kakekzeus fypviraltwitter viralindonesia beritaviral fixed your post,uyakuya ekopatrio ahmadsahroni,PER,6646
5984,modal seratus bikin x100 meletus main santai hasilnya kalengkaleng pangkalanslot klik link daftar bubarkandpr uyakuya ekopatrio ahmadsahroni kakekzeus fypviraltwitter viralindonesia beritaviral fixed your post,kakekzeus fypviraltwitter viralindonesia,PER,6646
5990,sahroni katakata mutiara bubarkandpr,sah,PER,6652
5991,megawati bagus baca people for the ethical treatment of animals politik dihasut benci prabowo makzulkan wapres hati paralytic pendemo dihasut anarki makzulkangibran pecatwapres bubarkandpr,megawati,PER,6653
5991,megawati bagus baca people for the ethical treatment of animals politik dihasut benci prabowo makzulkan wapres hati paralytic pendemo dihasut anarki makzulkangibran pecatwapres bubarkandpr,prabowo,PER,6653
5991,megawati bagus baca people for the ethical treatment of animals politik dihasut benci prabowo makzulkan wapres hati paralytic pendemo dihasut anarki makzulkangibran pecatwapres bubarkandpr,paralytic,ORG,6653
5994,bangga bahasa asing bahasa ibumu benarbenar memahaminya pramoedya ananta toer bubarkandpr stopbayarpajak,pramoedya ananta toer,PER,6656
5998,dukun pesugihan korupsinya fokus publik dadi kemarin munculin tagar copotkapolrilistyosigit bubarkandpr tagarku berbeda adilijokowi makzulkangibran,dadi,PER,6660
5998,dukun pesugihan korupsinya fokus publik dadi kemarin munculin tagar copotkapolrilistyosigit bubarkandpr tagarku berbeda adilijokowi makzulkangibran,adilijokowi makzulkangibran,PER,6660
5999,pertumbuhan meniru kanakkanak meniru kanakkanak dewasa perkembangan pramoedya ananta toer bubarkandpr stopbayarpajak,pramoedya ananta toer,PER,6661
6000,malam melanjutkan tugasnya kosong perasaan pramoedya ananta toer bubarkandpr stopbayarpajak,pramoedya ananta toer,PER,6662
6003,tulisan dunia tersendiri terapungapung dunia kenyataan dunia impian pramoedya ananta toer bubarkandpr stopbayarpajak,pramoedya ananta toer,PER,6665
6004,barang kekuatan kelemahan barang keduaduanya pusing ketidaktahuannya pramoedya ananta toer bubarkandpr stopbayarpajak,pramoedya ananta toer,PER,6666
6005,anggota sesuai perintah ketumnya kepentingan partainya bubarkandpr bubarkandprri bubarkandprsontoloyo,##kandprri,PER,6667
6005,anggota sesuai perintah ketumnya kepentingan partainya bubarkandpr bubarkandprri bubarkandprsontoloyo,##kandprsontoloyo,PER,6667
6007,ann mendendam orang tuaku kubuktikan diriku berharga nyai pramoedya ananta toer bubarkandpr stopbayarpajak,ann,PER,6669
6010,hidup anakku hidup harganya tunggulah kelak engkau berpikir siasia tuhan menciptakan manusia dunia pramoedya ananta toer bubarkandpr stopbayarpajak,pramoedya ananta toer,PER,6672
6011,pengalaman dinilai orang tinggal sesobek kertas a lot of hidup makna pengalaman fondasi kehidupan pramoedya ananta toer bubarkandpr stopbayarpajak,pramoedya ananta toer,PER,6673
6012,hugs and kisses penindasan pramoedya ananta toer bubarkandpr stopbayarpajak,pramoedya ananta toer,PER,6674
6020,aksi massa agustus mulut perilaku kebijakan dpr adrian mulya semarang dpr sekretariat negara wikimedia yoma times suryadi bubarkandpr ojol omonomon resetindonesia,adrian mulya semarang,PER,6682
6025,harta kejamnya memisahkan ibuprofen anak pramoedya ananta toer bubarkandpr stopbayarpajak,pramoedya ananta toer,PER,6687
6030,mengganti ketum aman musuh no-one rakyat muah pakai nonaktif pecat golkar mulyono adilijokowi bubarkandpr golkarpartaijokowi rakyatmelawan demo revolusiindonesia rakyatmarah,mulyono adilijokowi,PER,6692
6032,suci pemuda membela kepentingan bangsanya pramoedya ananta toer bubarkandpr stopbayarpajak,pramoedya ananta toer,PER,6694
6032,suci pemuda membela kepentingan bangsanya pramoedya ananta toer bubarkandpr stopbayarpajak,stopbayarpajak,PER,6694
6034,gagal meredam aksi demo bubarkandpr lini bercokol paralytic paralytic steal oslo,paralytic paralytic steal oslo,PER,6696
6036,eko patrio berengsek sayang kucingnya ketimbang rakyat mahasiswa berdarah berjuang mencari keadilan kebenaran dirampok anggota dpr ri nyawa rakyat polisipembunuhrakyat gaungkan bubarkandpr,eko patrio,PER,6698
6039,rumah nasib memanggilku seekor kuda sembrani menculikku alam mimpi membawaku terbang melintasi dimensi katakata pramoedya ananta toer bubarkandpr stopbayarpajak,pramoedya ananta toer,PER,6701
6046,biar hidup belas kali dunia kumpulkan uang beli barangbarang kamar orangorang kota pramoedya ananta toer bubarkandpr stopbayarpajak,pramoedya ananta toer,PER,6709
6048,ibuprofen ibuprofen kudung pink pulang bukk paham ibuprofen lek ngamuk kadang diluar prediksi ecstasy pemilune mari buuk mosookk ganti presiden ibuprofen mudah terprovokasi teman fokus tujuan bubarkandpr,ibuprofen,PER,6711
6050,dpr ri melawan pancasila keadilan sosial rakyat indonesia bubarkandpr bubarkandprsontoloyo adilijokowi makzulkangibran nusa tenggara timur papua kalimantan sulawesi sumatera jawa barat jawa jawa timur bali not that bothered jakarta,##kandpr bubarkandprsontoloyo adilijokowi makzulkangib,PER,6713
6051,prabowo subianto bubarkandpr bubarkandprsontoloyo dprbebanrakyat nkri gila uang pajak rakyat bayar pensiun seumur hidup anggota dpr ri sontoloyo uangkita pajakkitauntukkita susi pudjiastuti yenny wahid najwa shihab,prabowo subianto,PER,6714
6051,prabowo subianto bubarkandpr bubarkandprsontoloyo dprbebanrakyat nkri gila uang pajak rakyat bayar pensiun seumur hidup anggota dpr ri sontoloyo uangkita pajakkitauntukkita susi pudjiastuti yenny wahid najwa shihab,##sontoloyo,PER,6714
6051,prabowo subianto bubarkandpr bubarkandprsontoloyo dprbebanrakyat nkri gila uang pajak rakyat bayar pensiun seumur hidup anggota dpr ri sontoloyo uangkita pajakkitauntukkita susi pudjiastuti yenny wahid najwa shihab,sontoloyo,PER,6714
6051,prabowo subianto bubarkandpr bubarkandprsontoloyo dprbebanrakyat nkri gila uang pajak rakyat bayar pensiun seumur hidup anggota dpr ri sontoloyo uangkita pajakkitauntukkita susi pudjiastuti yenny wahid najwa shihab,susi pudjiastuti,PER,6714
6051,prabowo subianto bubarkandpr bubarkandprsontoloyo dprbebanrakyat nkri gila uang pajak rakyat bayar pensiun seumur hidup anggota dpr ri sontoloyo uangkita pajakkitauntukkita susi pudjiastuti yenny wahid najwa shihab,yenny wahid,PER,6714
6051,prabowo subianto bubarkandpr bubarkandprsontoloyo dprbebanrakyat nkri gila uang pajak rakyat bayar pensiun seumur hidup anggota dpr ri sontoloyo uangkita pajakkitauntukkita susi pudjiastuti yenny wahid najwa shihab,najwa shihab,PER,6714
6052,beruntung pemimpin dilupakan pengikut penipu pemimpin berhasil pengikut pramoedya ananta toer bubarkandpr stopbayarpajak,pramoedya ananta toer,PER,6715
6054,sir menerima pujian beliau hebat berjasa tindakan ucapannya khayalan belaka mimpi indah kelopak matanya sir know bubarkandpr indonesiagelap polrimusuhbersama polisipembunuh,sir,PER,6717
6054,sir menerima pujian beliau hebat berjasa tindakan ucapannya khayalan belaka mimpi indah kelopak matanya sir know bubarkandpr indonesiagelap polrimusuhbersama polisipembunuh,sir know,PER,6717
6059,suka berbicara keindahan dimana keindahan kekejaman pramoedya ananta toer bubarkandpr stopbayarpajak,pramoedya ananta toer,PER,6722
6066,menawarkan solusi bilang penumpang gelap muka cahaya man gelap menuntut bubarkan dpr ganti sistem pemerintahan darurat militer kwitang puan prabowo sahroni uya kuya bubarkandpr salingjagabekasi,puan prabowo sahroni uya kuya,PER,6729
6067,hey you isi petisi tuntutanrakyat bubarkandpr tolaktunjangandpr demo1september2025 dengarkansuarakami prabowosubianto resetindonesia reformasidpr,##suarakami prabowosubianto,PER,6730
6069,perang kekuasaan kekayaan unggun application programming interface kegelapan orang berterbangan mati tumpas dalamnya pramoedya ananta toer bubarkandpr stopbayarpajak,pramoedya ananta toer,PER,6732
6070,orang tabah menghadapi kehilangan kebebasannya tabah kehilangan segalagalanya tersisa pramoedya ananta toer bubarkandpr stopbayarpajak,pramoedya ananta toer,PER,6733
6071,cinta indah minke indah didapatkan hidup manusia pendek pramoedya ananta toer bubarkandpr stopbayarpajak,minke indah,PER,6734
6071,cinta indah minke indah didapatkan hidup manusia pendek pramoedya ananta toer bubarkandpr stopbayarpajak,pramoedya ananta toer,PER,6734
6074,pakekan rompi oren rakyat demo besaran hey you doain masuk bui darurat militer sahroni bekasi uya kuya pecat deddy sitorus puan maharani sri mulyani bubarkandpr tangkapyaqut,uya kuya,PER,6737
6074,pakekan rompi oren rakyat demo besaran hey you doain masuk bui darurat militer sahroni bekasi uya kuya pecat deddy sitorus puan maharani sri mulyani bubarkandpr tangkapyaqut,deddy sitorus,PER,6737
6074,pakekan rompi oren rakyat demo besaran hey you doain masuk bui darurat militer sahroni bekasi uya kuya pecat deddy sitorus puan maharani sri mulyani bubarkandpr tangkapyaqut,puan maharani,PER,6737
6074,pakekan rompi oren rakyat demo besaran hey you doain masuk bui darurat militer sahroni bekasi uya kuya pecat deddy sitorus puan maharani sri mulyani bubarkandpr tangkapyaqut,sri mulyani,PER,6737
6077,hatihati jujur pramoedya ananta toer bubarkandpr stopbayarpajak,pramoedya ananta toer,PER,6740
6079,semoga menjaga ustadz zaitun asatidzah meluruskan hati lisan membuka hati prabowo sendiko dawuh nasehat ulama dukungdemonstran peoplepower bubarkandpr indonesiachaos,ustadz zaitun asatidzah,PER,6742
6079,semoga menjaga ustadz zaitun asatidzah meluruskan hati lisan membuka hati prabowo sendiko dawuh nasehat ulama dukungdemonstran peoplepower bubarkandpr indonesiachaos,prabowo,PER,6742
6080,bajingan betina iniinikan hugs and kisses rakyat perintah presiden indonesiakorbanjokowi indonesiagelap bubarkandpr,##korbanjokowi,PER,6743
6082,marah marah medsos menyelesaikan memantik kesadaran raykat diperlukukan adil keadilan rakyat dpr korupsi polisi bubarkandpr polisipembunuh polisipembunuhrakyat affan resetindonesia ojol,marah marah,PER,6745
6082,marah marah medsos menyelesaikan memantik kesadaran raykat diperlukukan adil keadilan rakyat dpr korupsi polisi bubarkandpr polisipembunuh polisipembunuhrakyat affan resetindonesia ojol,raykat,PER,6745
6085,bantah sri erlangga pembangun mahaguru dibangunkannya kedudukan kaum brahmana pramoedya ananta toer bubarkandpr stopbayarpajak,sri erlangga,PER,6748
6085,bantah sri erlangga pembangun mahaguru dibangunkannya kedudukan kaum brahmana pramoedya ananta toer bubarkandpr stopbayarpajak,pramoedya ananta toer,PER,6748
6086,pengembara bantingan egoisme hawa berteriak lorong mengemis pelepasan pelepasan peretas perderetan peternakan setan telampau dimahalkan hilangnya kebiasaan menimang anak tubuhnya pramoedya ananta toer bubarkandpr stopbayarpajak,pramoedya ananta toer,PER,6749
6087,alangkah indah kehidupan merangkakrangkak hadapan orang pramoedya ananta toer bubarkandpr stopbayarpajak,pramoedya ananta toer,PER,6751
6088,berhentikan nonaktif bubarkandpr,bubarkandpr,PER,6752
6091,melawan berilmu pengetahuan menyerahkan maut kehinaan pramoedya ananta toer bubarkandpr stopbayarpajak,pramoedya ananta toer,PER,6756
6092,dead on arrival ucapan selamat jalan mulut tangan jabat seorangpun terimakasih menuntut membutuhkan sayang berbuat pramoedya ananta toer bubarkandpr stopbayarpajak,pramoedya ananta toer,PER,6757
6093,cinta republik revolusi mencintai kampung halamannya biarpun busukbusuk membumbungkan flatulence lumpur kotorannya pramoedya ananta toer bubarkandpr stopbayarpajak,pramoedya ananta toer,PER,6758
6097,stop it koruptor memikirkan dampak anak keluarga memikirkan kocak koruptor penny resetindonesia polisipembunuhrakyat bubarkandpr 1312acab,penny res,PER,6762
6103,am i boverd terbongkar mangkanya taroh mukanya cupcakke bubarkandpr ahmadsahroni,am i boverd,PER,6768
6103,am i boverd terbongkar mangkanya taroh mukanya cupcakke bubarkandpr ahmadsahroni,ahmadsahroni,PER,6768
6105,perintahkan kejaksaan ri kpk melaksanakan tuntutan rakyat cuci bersih indonesia induk kkn adilijokowi makzulkangibran bubarkandpr prabowo subianto susi pudjiastuti yenny wahid najwa shihab bem stop it bem user interface ugm universitas padjadjaran,adil,PER,6770
6105,perintahkan kejaksaan ri kpk melaksanakan tuntutan rakyat cuci bersih indonesia induk kkn adilijokowi makzulkangibran bubarkandpr prabowo subianto susi pudjiastuti yenny wahid najwa shihab bem stop it bem user interface ugm universitas padjadjaran,##ijokowi,PER,6770
6105,perintahkan kejaksaan ri kpk melaksanakan tuntutan rakyat cuci bersih indonesia induk kkn adilijokowi makzulkangibran bubarkandpr prabowo subianto susi pudjiastuti yenny wahid najwa shihab bem stop it bem user interface ugm universitas padjadjaran,prabowo subianto,PER,6770
6105,perintahkan kejaksaan ri kpk melaksanakan tuntutan rakyat cuci bersih indonesia induk kkn adilijokowi makzulkangibran bubarkandpr prabowo subianto susi pudjiastuti yenny wahid najwa shihab bem stop it bem user interface ugm universitas padjadjaran,susi pudjiastuti,PER,6770
6105,perintahkan kejaksaan ri kpk melaksanakan tuntutan rakyat cuci bersih indonesia induk kkn adilijokowi makzulkangibran bubarkandpr prabowo subianto susi pudjiastuti yenny wahid najwa shihab bem stop it bem user interface ugm universitas padjadjaran,yenny wahid,PER,6770
6105,perintahkan kejaksaan ri kpk melaksanakan tuntutan rakyat cuci bersih indonesia induk kkn adilijokowi makzulkangibran bubarkandpr prabowo subianto susi pudjiastuti yenny wahid najwa shihab bem stop it bem user interface ugm universitas padjadjaran,najwa shihab,PER,6770
6105,perintahkan kejaksaan ri kpk melaksanakan tuntutan rakyat cuci bersih indonesia induk kkn adilijokowi makzulkangibran bubarkandpr prabowo subianto susi pudjiastuti yenny wahid najwa shihab bem stop it bem user interface ugm universitas padjadjaran,bem stop it bem user interface ugm universitas padjadjaran,ORG,6770
6107,kerja rumah jadikan yogurt teman sarapan dprri indonesiadarurat bubarkandpr demo sahroni polisi prabowo indonesia jakarta bandung yogyakarta,sahroni,PER,6772
6108,bubarkandpr ahmad sahroni maaf ogah pulang indonesia,ahmad sahroni,PER,6773
6109,ajak anggota bubarkandpr,bubarkandpr,ORG,6774
6112,budak budak istrinya dpr suami pengusaha rakyat harapkan perubahan diisi makelar makelar neopki rakyatindonesiamurka resetindonesia bubarkandpr rakyatmarah adilijokowi turunkangibran dollarcrash mahasiswabergerak demo,##marah adilijokowi,PER,6777
6114,budak kumpulan anak anak dipenjara koruptor anaknya setynovanto dpr diharapkan anak anak neopki bubarkandpr adilijokowi rakyatterjajahdinegrisendiri rakyatindonesiamurka resetindonesia makelar revolusiataumatitertindas reformasidikorupsi,setynovanto,PER,6779
6114,budak kumpulan anak anak dipenjara koruptor anaknya setynovanto dpr diharapkan anak anak neopki bubarkandpr adilijokowi rakyatterjajahdinegrisendiri rakyatindonesiamurka resetindonesia makelar revolusiataumatitertindas reformasidikorupsi,neopki,PER,6779
6114,budak kumpulan anak anak dipenjara koruptor anaknya setynovanto dpr diharapkan anak anak neopki bubarkandpr adilijokowi rakyatterjajahdinegrisendiri rakyatindonesiamurka resetindonesia makelar revolusiataumatitertindas reformasidikorupsi,adilijokowi,PER,6779
6114,budak kumpulan anak anak dipenjara koruptor anaknya setynovanto dpr diharapkan anak anak neopki bubarkandpr adilijokowi rakyatterjajahdinegrisendiri rakyatindonesiamurka resetindonesia makelar revolusiataumatitertindas reformasidikorupsi,##terjajahdinegrisendiri,PER,6779
6115,lambat harta malam solar licin makelar angkap uang jin makan setan main main ketua fraksi viktor order makelar jaga bibir nonaktif makan uang rakyat rakyatmarah bubarkandpr,viktor order,PER,6780
6117,percaya congor politisi bubarkandpr,bubarkandpr,ORG,6784
6118,polisi ketangkep suruh acab bubarkandpr,acab,PER,6785
6120,ketahuan korupsi penjara generasi rampas aset korut bubarkandpr dpr minimal aklhak otak anggota keluarga ketahuan korupsi jabatan hangus gaji umr bacot dosen s3,aklhak,PER,6787
6120,ketahuan korupsi penjara generasi rampas aset korut bubarkandpr dpr minimal aklhak otak anggota keluarga ketahuan korupsi jabatan hangus gaji umr bacot dosen s3,bacot,PER,6787
6124,bubar dpr komunikasi ciatciatciat bubarkandpr,ciatciatciat,PER,6791
6125,berdasarkan pantauan kiss rangkaian demo dpr label on twitter to aid searching netizen reformasidpr bubarkandpr tolakkankebijakan label on twitter to aid searching dipakai menyuarakan tuntutan kritik dpr kebijakan pemerintah,kiss,ORG,6792
6127,menunggu korban meninggal ketuanya tugasnya layak dibubarkan bubarkandpr bubarkandprsontoloyo bubarkandprri,bubarkandpr bubarkandprsontoloyo,PER,6794
6128,menawarkan solusi bilang penumpang gelap muka cahaya man gelap menuntut bubarkan dpr ganti sistem pemerintahan darurat militer kwitang puan khilafah sahroni uya kuya bubarkandpr salingjagabekasi,puan khilafah,PER,6795
6128,menawarkan solusi bilang penumpang gelap muka cahaya man gelap menuntut bubarkan dpr ganti sistem pemerintahan darurat militer kwitang puan khilafah sahroni uya kuya bubarkandpr salingjagabekasi,sahroni uya kuya,PER,6795
6129,penulis jujur akhirkelaknya kecewa dikecewakan pramoedya ananta toer bubarkandpr stopbayarpajak,pramoedya ananta toer,PER,6796
6130,pintar memperlakukan orang orang beradab adil pramoedya ananta toer bubarkandpr stopbayarpajak,pramoedya ananta toer,PER,6797
6132,demo darurat militer bored as hell negeri paralytic bedebah korban kantor hancur omon omon dikasih evaluasi now or never aktif bedebah negeri bedebah polisimusuhbersama bubarkandpr justiceforruth affankurniawan gusdur uya kuya sahroni nafa urbach eko patrio,affankurniawan gusdur uya kuya sahroni nafa urbach eko patrio,PER,6799
6133,lihat administrator on forum network etc nangkap pelaku judol merugikan masyarakat satset giliran bawahannya menghilangkan nyawa orang rame rame bukti polisipembunuh bubarkandpr,nangkap,PER,6800
6133,lihat administrator on forum network etc nangkap pelaku judol merugikan masyarakat satset giliran bawahannya menghilangkan nyawa orang rame rame bukti polisipembunuh bubarkandpr,judol,PER,6800
6135,dpr paralytic elit politik berbenah tutup mata penderitaan rakyat tragedi tanda keadilan kesejahteraan harapan stoppolicebrutality bubarkandpr,##policebrutality bubarkandpr,PER,6802
6140,sukses menghalalkan menjatuhkan orang pramoedya ananta toer bubarkandpr stopbayarpajak,pramoedya ananta toer,PER,6807
6141,pendeknya waspada kewaspadaan bea kebahagiaan hidup gadis cantik bandingan pramoedya ananta toer bubarkandpr stopbayarpajak,pramoedya ananta toer,PER,6808
6147,adil hidup memohon lindungan keadilan engkau maha kuasa bubarkandpr indonesiagelap polrimusuhbersama polisipembunuh,adil,PER,6814
6151,what's up ketahuan bohong kemarin sahronissi kelarkelar ngelindungi what's up bubarkandpr indonesiagelap polrimusuhbersama polisipembunuh,sahronissi,PER,6818
6153,sayang semoga vidio saveindonesia saveindonesiafromdpr bubarkandprri turunkanlistyosigit,vidio saveindonesia saveindonesiafromdpr,ORG,6820
6154,memerintah pekerja memerintah dirimu memerintah pramoedya ananta toer bubarkandpr stopbayarpajak,pramoedya ananta toer,PER,6821
6155,berbahagialah bodoh menderita berbahagialah kanakkanak membutuhkan pengetahuan mengerti pramoedya ananta toer bubarkandpr stopbayarpajak,pramoedya ananta toer,PER,6822
6156,orang cendekia adil pikiran pramoedya ananta toer bubarkandpr stopbayarpajak,pramoedya ananta toer,PER,6823
6157,sampah keparat bebal malu kinerja bobrok mestinya resign ngumpet ketek stop it wowo affankurniawan bubarkandpr copotkapolri kapolrisampah gantungkapolri,wowo affankurniawan,PER,6824
6158,penegakan hukum paralytic begal apbn seventh-day adventist bijimane doel berani paralytic pendemo dibego dibegoin paralytic begal teroris apbn amplifier seventh-day adventist affankurniawan bubarkandpr copotkapolri kapolrisampah gantungkapolri teroristerselubung,affankurniawan,PER,6826
6163,terpelajar adil semenjak pikiran pramoedya ananta toer bubarkandpr stopbayarpajak,pramoedya ananta toer,PER,6831
6164,tetiba presiden paralytic tokoh agama menekan hiruk pikuk klasik pemimpin agama menekan rakyat legowo apaapa hidup sulit didunia kehidupan diganjar berkali lipat bubarkandpr,tetiba,PER,6832
6165,sosok provokator dibalik demo jakarta kemarin tanggal agustus sudi suwarno intelligence pangkat komandan grup four satuan intelligence bais tni bubarkandpr cegahrepresif cegahdaruratmiliter,sudi suwarno,PER,6833
6169,minyak kemiri botak sahroni bubarkandpr dprri demokrattolaktunjangandpr demo srimulyani indonesia bandung surabaya resetindonesia polisi prabowo uyakuya jakarta,sahroni,PER,6837
6169,minyak kemiri botak sahroni bubarkandpr dprri demokrattolaktunjangandpr demo srimulyani indonesia bandung surabaya resetindonesia polisi prabowo uyakuya jakarta,polisi prabowo uyakuya,PER,6837
6172,affan kurniawan sarina wati saiful akbar muhammad akbar basri rheza sendy pratama sumari rusdamdiansyah rest goodbye alfatihah semoga korban jiwa demo bubarkandpr polisipembunuhrakyat ojolberduka,affan kurniawan sarina wati saiful akbar muhammad akbar basri rheza sendy pratama sumari rusdamdiansyah rest goodbye alfatihah,PER,6840
6173,uang pensiun seumur hidupterlalu bubarkandprkenapa bodoh sahroni,sahroni,PER,6841
6177,exciting tiktok bubarkandpr bubarkandprsontoloyo bubarkandprri,tiktok,PER,6845
6179,hidup sungguh sederhana hebathebat tafsirannya pramoedya ananta toer bubarkandpr stopbayarpajak,pramoedya ananta toer,PER,6847
6180,pidato menyentuh substansi perampasan aset koruptor penjarahan bubarkandpr alasannya dibenarkan hukum soeharto mertua menjarah emas minyak kayu hutan dihukum,soeharto,PER,6848
6183,omon omon enak turunin tarif listrik bayar 50k token soekarno bangga memiliki cucu imut imut percayalah rakyat senang bubarkandpr adilijokowi rakyatterjajahdinegrisendiri rakyatmonitor mahasiswabergerak ibuprofen ibudananak,soekarno,PER,6851
6192,mempelajari bahasa orang takkan mengenal bangsanya pramoedya ananta toer bubarkandpr stopbayarpajak,pramoedya ananta toer,PER,6861
6192,mempelajari bahasa orang takkan mengenal bangsanya pramoedya ananta toer bubarkandpr stopbayarpajak,stopbayarpajak,PER,6861
6193,kesetiaan diharapkan orang kebanyakan kebesaran raja bijaksana pramoedya ananta toer bubarkandpr stopbayarpajak,pramoedya ananta toer,PER,6862
6194,orang dalang kerusuhan memakan korban jiwa menohok aktivis faizal assegaf blakblakan menyebut mantan kepala badan intelijen negar hendropriyono dalang demo bubarkandpr bubarkanpolisi,faizal assegaf,PER,6863
6194,orang dalang kerusuhan memakan korban jiwa menohok aktivis faizal assegaf blakblakan menyebut mantan kepala badan intelijen negar hendropriyono dalang demo bubarkandpr bubarkanpolisi,hendropriyono,PER,6863
6195,seng in search of nyenengke gur mie ayam pangsit porsi doble mieayamforever bubarkandpr acab 1312forever,seng,PER,6864
6197,ayokk susul ibuprofen puan bubarkandpr,puan,PER,6866
6199,teman sahronissi bubarkandpr indonesiagelap polrimusuhbersama polisipembunuh,sahronissi,PER,6868
6200,pecat ahmad sahroni nonaktif aktifkan dimakan uang rakyat susah neopki menjalar kemana kemana bubarkandpr revolusiataumatitertindas rakyatterjajahdinegrisendiri rakyatindonesiamurka rakyatmonitor demo mahasiswabergerak,ahmad sahroni,PER,6870
6203,skenario memecah demo bubarkan dpr berhasil kesana kesini oknum ngebakar fasum jarah anarkis tindak oknum provokasi ripdemobubarkandpr indonesiagelap bubarkandpr,ripdemobubarkandpr indonesia,ORG,6873
6203,skenario memecah demo bubarkan dpr berhasil kesana kesini oknum ngebakar fasum jarah anarkis tindak oknum provokasi ripdemobubarkandpr indonesiagelap bubarkandpr,##lap bubarkandpr,ORG,6873
6207,menelan korban jiwa kali rheza sendy pratama meninggal akibat aksi polda do it yourself kronologi video kanan bubarkandpr,rheza sendy pratama,PER,6877
6212,berguna that's ok nyalon biar icip tunjangan unjungnya mundur mending mundur copot malu united parcel service malu negaranya chaos kabur negeri bubarkandpr,united parcel service,ORG,6882
6216,kesulitan gaji sir luhut bubarkandpr indonesiagelap polrimusuhbersama polisipembunuh,luhut,PER,6886
6217,damar damar mulut jaga that's ok bubarkandpr indonesiagelap polrimusuhbersama polisipembunuh,damar damar mulut,PER,6887
6222,tinggalkan pramoedya ananta toer bubarkandpr stopbayarpajak,pramoedya ananta toer,PER,6892
6226,damar ketahuan selamat stop it engl4nd bubarkandpr indonesiagelap polrimusuhbersama polisipembunuh,damar,PER,6896
6228,marahin dpr sir ikutan melawan rakyat bunda teddy tolong bilang bubarkandpr indonesiagelap polrimusuhbersama polisipembunuh,bunda teddy,PER,6898
6234,jancuk bubarkandpr menghancurkan intelligence,jancuk bubarkandpr,PER,6904
6237,intinya lengserkangibran adilijokowidankronikroninya bubarkandpr batalkanpajakmencekikrakyat,adilijokowidank,PER,6907
6244,tolong tone deaf negaramu mad bubar jancok resetindonesia bubarkandpr ripdemokrasi 1312acab indonesiagelap,mad,PER,6914
6246,hidupmu berat coba lihat menafsirkan hidup sederhana gaya pramoedya ananta toer bubarkandpr stopbayarpajak,pramoedya ananta toer,PER,6918
6247,tugas intelektual membreakdown tuntutan hastag hastag bubarkandpr diterjemahkan bubarkan anggota dewan ketua partai buka raport kadernya lakukan parents are watching massal menjaga suara partai dapilnya,hastag,PER,6919
6247,tugas intelektual membreakdown tuntutan hastag hastag bubarkandpr diterjemahkan bubarkan anggota dewan ketua partai buka raport kadernya lakukan parents are watching massal menjaga suara partai dapilnya,hastag,PER,6919
6248,nama lupakan affan kurniawan sarina wati saiful akbar muhammad akbar basri rheza sendy pratama sumari rusmadiansyah bubarkandpr polisipembunuhrakyat polisipembunuh 1312acab dprbebannegara lawan,affan kurniawan sarina wati saiful akbar muhammad akbar basri rheza sendy pratama sumari rusmadiansyah,PER,6920
6249,digeruduk massa bilang dibungkam mengkhianati suara rakyat marah hati hati bacot multi user ferjangan situasi panas giring opini feri irwandi bubarkandpr tujuan dpr,fer,PER,6921
6249,digeruduk massa bilang dibungkam mengkhianati suara rakyat marah hati hati bacot multi user ferjangan situasi panas giring opini feri irwandi bubarkandpr tujuan dpr,feri irwandi,PER,6921
6250,dpr isi otak orang kosong kali baca berita bocil bubarkandpr,bocil bubarkandpr,PER,6922
6252,bertengkar ramai bahasa bagiku asingnya bahasa nasib manusia pramoedya ananta toer bubarkandpr stopbayarpajak,pramoedya ananta toer,PER,6924
6253,belajar tanca mengalahkan gemilang pramoedya ananta toer bubarkandpr stopbayarpajak,pramoedya ananta toer,PER,6925
6253,belajar tanca mengalahkan gemilang pramoedya ananta toer bubarkandpr stopbayarpajak,stopbayarpajak,PER,6925
6254,presiden prabowo pro rakyat membela dpr ri rakyat menyuarakan aspirasi negara demokrasi sakit dianggap dibiayai antek asing makar amplifier terorisme bubarkandpr sahkan uu perampas aset amplifier hukum mati koruptor menkeu sri mulyani sahroni uya kuya eko patrio,prabowo,PER,6926
6254,presiden prabowo pro rakyat membela dpr ri rakyat menyuarakan aspirasi negara demokrasi sakit dianggap dibiayai antek asing makar amplifier terorisme bubarkandpr sahkan uu perampas aset amplifier hukum mati koruptor menkeu sri mulyani sahroni uya kuya eko patrio,sri mulyani,PER,6926
6254,presiden prabowo pro rakyat membela dpr ri rakyat menyuarakan aspirasi negara demokrasi sakit dianggap dibiayai antek asing makar amplifier terorisme bubarkandpr sahkan uu perampas aset amplifier hukum mati koruptor menkeu sri mulyani sahroni uya kuya eko patrio,sahroni uya kuya,PER,6926
6254,presiden prabowo pro rakyat membela dpr ri rakyat menyuarakan aspirasi negara demokrasi sakit dianggap dibiayai antek asing makar amplifier terorisme bubarkandpr sahkan uu perampas aset amplifier hukum mati koruptor menkeu sri mulyani sahroni uya kuya eko patrio,eko patrio,PER,6926
6255,bubarkandprri ketua dpr puan peka batalkan tunjangan perumahan role play juta gerindra personal area network amplifier painkillers setuju batalkan,puan peka,PER,6927
6256,ku pikir kekuasaan tertinggi tangan rakyat simbolik berkuasa konoha orangnya ketua partai kroco lawak konoha bubarkandpr partai polisipembunuh polisipembunuhrakyat,konoha,PER,6928
6256,ku pikir kekuasaan tertinggi tangan rakyat simbolik berkuasa konoha orangnya ketua partai kroco lawak konoha bubarkandpr partai polisipembunuh polisipembunuhrakyat,kroco lawak konoha,PER,6928
6258,tawa berlebihan menantang lawanoligarki copotlistyosigit bubarkandpr,copotlistyosigit,PER,6930
6259,ruapanya orang gunung bercawat berpakaian tamu kesempatankesempatan terentu pramoedya ananta toer bubarkandpr stopbayarpajak,pramoedya ananta toer,PER,6932
6262,let's go genting akun kena suspend kemarin kemarin tolong i am tone deaf justiceforaffan polisipembunuh bubarkandpr resetindonesia,tone deaf,PER,6935
6266,breaking news bubarkandpr partai personal area network menonaktifkan eko hendro purnomo alias eko patrio surya utama alias uya kuya,eko hendro purnomo,PER,6939
6266,breaking news bubarkandpr partai personal area network menonaktifkan eko hendro purnomo alias eko patrio surya utama alias uya kuya,eko patrio surya utama,PER,6939
6266,breaking news bubarkandpr partai personal area network menonaktifkan eko hendro purnomo alias eko patrio surya utama alias uya kuya,uya kuya,PER,6939
6269,manusia omon omon sampah ngumpulin sampah sampah terbusuk sedunia hasilnya sampah dai sampah nuklir affankurniawan bubarkandpr copotkapolri kapolrisampah gantungkapolri,affankurniawan,PER,6943
6274,pembinaan dirumah beliau monggo dipersilahkan bubarkandpr ojoldilindas copotkapolrilistyosigit,ojoldilindas copotkapolrilistyosigit,PER,6948
6278,bantu hastag demoindonesia ripdemokrasi bubarkandpr sahkan,hastag,ORG,6952
6279,tandain parte berharap sub-machine gun dpr bubar bubarkandpr,tandain parte,PER,6953
6282,terpelajar minke terpelajar belajar berlaku adil pikiran perbuatan arti terpelajar pramoedya ananta toer bubarkandpr stopbayarpajak,pramoedya ananta toer,PER,6956
6287,negara lupa pilihannya sederhana bubarkan dpr eksekusi tuntutan rakyat negara bubar bubarkandpr tuntutanrakyat indonesiabubar2030 standwithtruth panthauterus,standwithtruth panthauterus,PER,6961
6289,jurus mulyono bubarkandpr copotkapolri,mulyono,PER,6963
6290,setuju perbaikan negeri aeperti inisaya berharap mengusut menangkap bubarkandpr sahroni,sahroni,PER,6964
6291,andhika pratama berhenti reaksi reaksi konyol kritik masyarakat kinerja bubarkandpr,andhika pratama,PER,6965
6295,salah penggiringan bubarkandpr bergeser pencopotan kapolri,bubarkandpr,PER,6969
6299,langsung terjun pendemo mengeluarkan tenaga teman melawan ketidak adilan lapangan dipukuli aparat amplifier terkena flatulence blanked mata membantu informasi amplifier menyuarakan medsos resetindonesia bubarkandpr,medsos resetindonesia,ORG,6973
6300,pecat kapolri listyo anarkis brimob darurat militer jokowi bem stop it bem user interface bubarkandpr bubarkandprsontoloyo adilijokowi makzulkangibran forum purnawirawan tni universitas brawijaya universitas padjadjaran universitas diponegoro,listyo anarkis,PER,6974
6300,pecat kapolri listyo anarkis brimob darurat militer jokowi bem stop it bem user interface bubarkandpr bubarkandprsontoloyo adilijokowi makzulkangibran forum purnawirawan tni universitas brawijaya universitas padjadjaran universitas diponegoro,##sontoloyo adilijokowi makzulkang,PER,6974
6300,pecat kapolri listyo anarkis brimob darurat militer jokowi bem stop it bem user interface bubarkandpr bubarkandprsontoloyo adilijokowi makzulkangibran forum purnawirawan tni universitas brawijaya universitas padjadjaran universitas diponegoro,##ran forum purnawirawan tni universitas brawijaya universitas padjadjaran universitas diponegoro,ORG,6974
6302,porno sahroni partai nasdem provokator nonaktif demo bodoh tiktok exciting dprd affan kapolri kwitang tvonenews rcti sctv inews eko patrio intelligence mundur prabowo subianto resetindonesia bubarkandpr nafa urbach massa listyo dpr ri,porno,PER,6976
6302,porno sahroni partai nasdem provokator nonaktif demo bodoh tiktok exciting dprd affan kapolri kwitang tvonenews rcti sctv inews eko patrio intelligence mundur prabowo subianto resetindonesia bubarkandpr nafa urbach massa listyo dpr ri,sahroni,PER,6976
6302,porno sahroni partai nasdem provokator nonaktif demo bodoh tiktok exciting dprd affan kapolri kwitang tvonenews rcti sctv inews eko patrio intelligence mundur prabowo subianto resetindonesia bubarkandpr nafa urbach massa listyo dpr ri,##tang tvonenews rcti sctv inews,ORG,6976
6302,porno sahroni partai nasdem provokator nonaktif demo bodoh tiktok exciting dprd affan kapolri kwitang tvonenews rcti sctv inews eko patrio intelligence mundur prabowo subianto resetindonesia bubarkandpr nafa urbach massa listyo dpr ri,eko patrio,PER,6976
6302,porno sahroni partai nasdem provokator nonaktif demo bodoh tiktok exciting dprd affan kapolri kwitang tvonenews rcti sctv inews eko patrio intelligence mundur prabowo subianto resetindonesia bubarkandpr nafa urbach massa listyo dpr ri,prabowo subianto,PER,6976
6302,porno sahroni partai nasdem provokator nonaktif demo bodoh tiktok exciting dprd affan kapolri kwitang tvonenews rcti sctv inews eko patrio intelligence mundur prabowo subianto resetindonesia bubarkandpr nafa urbach massa listyo dpr ri,nafa urbach massa listyo,PER,6976
6304,rezim tahi merusak jadwalku tahi tahi bubarkandpr,tahi tahi,PER,6978
6306,bubarkandpr 1312acab resetindonesia penjarahan rumah sahroni tes ombak pengalihan isu amplifier sukses langsung rumah jarah rumah pejabat rumah nenek semudah memasuki kesamaan stop it pemilik,sahroni,PER,6980
6308,pdip tuli kasih puan maharani rakyat menuntut pembenahan dpr ri bubarkandpr bubarkandprsontoloyo bem stop it bem user interface ugm universitas brawijaya universitas padjadjaran universitas diponegoro prabowo subianto resetindonesia massa demo,puan maharani,PER,6982
6308,pdip tuli kasih puan maharani rakyat menuntut pembenahan dpr ri bubarkandpr bubarkandprsontoloyo bem stop it bem user interface ugm universitas brawijaya universitas padjadjaran universitas diponegoro prabowo subianto resetindonesia massa demo,prabowo subianto,PER,6982
6309,alhamdulilah tuntutan rakyat terpenuhi ruu perampasan aset sah tuntutan penuhi bubarkandpr dpr ri sahroni uya kuya,sahroni uya kuya,PER,6983
6310,aksi asli teriak application programming interface bakar stop it spesifik bakar benturin rakyat tololnya bubarkandprsontoloyo bubarkandpr polisipembunuhrakyat stoppolicebrutality,##sontoloyo,PER,6984
6311,uumm mengomongnya refrain nyebarin information sumbernya anunya stop it bapaknya temannya teman sodaranya temannya ponakan dsb information lengkapi sumbernya amplifier goodbye bubarkandpr 1312acab resetindonesia,uumm,PER,6985
6315,gamungkin bantu gibran ubah umur something intinya siklusnya prabowo blunder sutuasi dilengserin wakil menang geng sebelah polisipembunuhrakyat bubarkandpr,gamungkin,PER,6989
6315,gamungkin bantu gibran ubah umur something intinya siklusnya prabowo blunder sutuasi dilengserin wakil menang geng sebelah polisipembunuhrakyat bubarkandpr,gibran,PER,6989
6315,gamungkin bantu gibran ubah umur something intinya siklusnya prabowo blunder sutuasi dilengserin wakil menang geng sebelah polisipembunuhrakyat bubarkandpr,prabowo,PER,6989
6315,gamungkin bantu gibran ubah umur something intinya siklusnya prabowo blunder sutuasi dilengserin wakil menang geng sebelah polisipembunuhrakyat bubarkandpr,sutuasi,PER,6989
6317,breaking news ahmad sahroni nafa urbach senin september resmi copot anggota dpr ri fraksi nasdem hormat partai nasdem tinggal menunggu sikap personal area network anggotanya eko patrio uya kuya bubarkandpr,ahmad sahroni nafa urbach,PER,6991
6317,breaking news ahmad sahroni nafa urbach senin september resmi copot anggota dpr ri fraksi nasdem hormat partai nasdem tinggal menunggu sikap personal area network anggotanya eko patrio uya kuya bubarkandpr,eko patrio uya kuya,PER,6991
6318,berita gibran disukaib megawati skenario biar percaya gibran benaran see you tomorrow mati megawati diawal bantugibran wakil posisi gibran prabowo bluner diturunin bubarkandpr,gibran,PER,6992
6318,berita gibran disukaib megawati skenario biar percaya gibran benaran see you tomorrow mati megawati diawal bantugibran wakil posisi gibran prabowo bluner diturunin bubarkandpr,megawati,PER,6992
6318,berita gibran disukaib megawati skenario biar percaya gibran benaran see you tomorrow mati megawati diawal bantugibran wakil posisi gibran prabowo bluner diturunin bubarkandpr,gibran,PER,6992
6318,berita gibran disukaib megawati skenario biar percaya gibran benaran see you tomorrow mati megawati diawal bantugibran wakil posisi gibran prabowo bluner diturunin bubarkandpr,megawati,PER,6992
6319,partai mengumumkan menonaktifkan dinonaktifkan bubarkandpr nyawa affan kurniawan martir,affan kurniawan,PER,6993
6320,laga bri league ditunda maksudnya supay pendukung klub liga demo bubarkandpr bubarkandprsontoloyo pssi erick thohir timnas indonesia kitagaruda persib borneo fingers crossed persebaya personal short message makassar persita semen padang persija jakarta dewa united bem stop it,supay,PER,6994
6320,laga bri league ditunda maksudnya supay pendukung klub liga demo bubarkandpr bubarkandprsontoloyo pssi erick thohir timnas indonesia kitagaruda persib borneo fingers crossed persebaya personal short message makassar persita semen padang persija jakarta dewa united bem stop it,erick thohir,PER,6994
6320,laga bri league ditunda maksudnya supay pendukung klub liga demo bubarkandpr bubarkandprsontoloyo pssi erick thohir timnas indonesia kitagaruda persib borneo fingers crossed persebaya personal short message makassar persita semen padang persija jakarta dewa united bem stop it,persita semen padang,ORG,6994
6322,rakyat muah ubun ubun wo memilih menyayangi kucing antek anteknya mukidi salahkan rakyat situasinya chaos bubarkandpr copotkapolri makzulkangibran,mukidi,PER,6996
6328,secacat berjuang mestinya perjuanganku cacat mesti pramoedya ananta toer bubarkandpr stopbayarpajak,pramoedya ananta toer,PER,7002
6330,perempuan pramoedya ananta toer bubarkandpr stopbayarpajak,pramoedya ananta toer,PER,7005
6331,sayang ecstasy ibuprofen negaraku keos mamih mesti turun tangan paralytic tercintaa mamih turun jalan mohon dead on arrival restunya just a minute kedepan ibuprofen kabar semoga tuhan membersamai mamih resetindonesia bubarkandpr,##os mamih,PER,7006
6331,sayang ecstasy ibuprofen negaraku keos mamih mesti turun tangan paralytic tercintaa mamih turun jalan mohon dead on arrival restunya just a minute kedepan ibuprofen kabar semoga tuhan membersamai mamih resetindonesia bubarkandpr,mamih,PER,7006
6331,sayang ecstasy ibuprofen negaraku keos mamih mesti turun tangan paralytic tercintaa mamih turun jalan mohon dead on arrival restunya just a minute kedepan ibuprofen kabar semoga tuhan membersamai mamih resetindonesia bubarkandpr,mamih,PER,7006
6332,hey you mengaum macan asia bubarkandpr copotkapolri ojolberduka muda gantikan posisi omon omon,omon omon,PER,7007
6334,solusi pendapatan rakyat meningkat rakyat sejahtera demo bubarkandpr pelajari diskusikan menteri pakai integrated development environment berpikir keras memajukan bangsa miskin topic on a message board,integrated development environment,ORG,7009
6337,bubarkandpr bubarkanpsi copotgibran copotkapolri tangkapgenksolo stoppajakpbb kembalikan uang rakyat,##genksolo,PER,7012
6339,omon omon amplifier membela rakyat disitu kejahatan adilijokowi bubarkandpr bubarkankabinetmerahputih rakyatindonesiamurka rakyatmelawan revolutionnow revolusiataumatitertindas mahasiswa demo rakyatbersatu,adilijokowi,PER,7014
6341,cynical laugh ditembak rakyat penjabat menyalahgunakan jabatannya bubarkandpr,cynical laugh,PER,7016
6343,oii santai teman syahroni bubarkandpr,syahroni,PER,7019
6344,serius rakyat membubarkan gampang periksa bangar dpr aliran dananya angaran kpk gedung kpk target rakyat kepolisian rakyatindonesiamurka adilijokowi bubarkandpr resetindonesia,adilijokowi,PER,7020
6346,ganti kapolri bubarkandpr bubarkandprsontoloyo bubarkandprri cek bowo 975s video tiktok,##kandpr,PER,7022
6346,ganti kapolri bubarkandpr bubarkandprsontoloyo bubarkandprri cek bowo 975s video tiktok,##kandprsontoloyo,PER,7022
6351,tiktok exciting ditangguhkan penyebabnya kendalikan hati affan aespasynkaexisline tenang bubarkandpr,affan aespasynkaexisline,PER,7027
6352,intinya rakyat muah dpr isinya keluargaorg berjasa hidup wowo artispenyanyipemaen sinetronkomedian laku sisanya memenuhi kualifikasi tenggelem pamor bubarkandpr 1312acab resetindonesia,wowo,PER,7028
6354,ahmad sahroni protes rumah jarah membalas dendam akun bubarkandpr bubarkandprri,ahmad sahroni,PER,7030
6354,ahmad sahroni protes rumah jarah membalas dendam akun bubarkandpr bubarkandprri,jarah,PER,7030
6356,bayangkan kepikiran beli kaos ajuy gara situasi kocakk prabowogibranmusnah bubarkandpr indonesiagelap musuhkitapemerintah,prabowogibranmus,PER,7032
6357,fakoff pemerintah merusak feed retweet instagram penuh mahae penuh holo shibal bubarkandpr indonesiagelap demokrasitelahmati,holo shibal,PER,7033
6359,budak bubar peduli rakyat dpr hasil transaksi ampharus dibubarin bubarkandpr adilijokowi rakyatindonesiamurka revolusiataumatitertindas bubarkankabinetmerahputih demo rakyatmelawan,adilijoko,PER,7035
6364,mati sahroni ahahahhahah ahmadsahroni bubarkandpr,sahroni,PER,7040
6364,mati sahroni ahahahhahah ahmadsahroni bubarkandpr,ahmadsahroni,PER,7040
6366,pesan channel ngomu bubarkandpr bubarkandprsontoloyo timmawar waspadaprovokator,##sontoloyo timmawar,PER,7042
6370,kebenaran bersinar hati penuh korupsi amplifier kebohongan pemerintahan mulyono bubarkandpr adilijokowi turunkangibran rakyatindonesiamurka demo revolusiataumatitertindas reformasidikorupsi rakyatmelawan resetindonesia,mulyono,PER,7046
6370,kebenaran bersinar hati penuh korupsi amplifier kebohongan pemerintahan mulyono bubarkandpr adilijokowi turunkangibran rakyatindonesiamurka demo revolusiataumatitertindas reformasidikorupsi rakyatmelawan resetindonesia,adilijokowi,PER,7046
6371,pantesan otak gesrek otak porno anjing uang rakyat dipakai bayar lonte bubarkandprsontoloyo bubarkandpr polisipembunuhrakyat stoppolicebrutality,stoppolicebrutality,ORG,7047
6374,voter mendukung pemimpin berantas koruptor bubarkandpr dpr ri pecat sahroni ekopatrio uyakuya,sahroni ekopatrio uyakuya,PER,7050
6376,masuk neraka anjing bubarkandpr bubarkanpolri makzulkanprabowogibran reshufflekabinet hapustunjangandpr pejabatdilarangrangkap adilijokowi,##zulkanprabowogibran,PER,7052
6376,masuk neraka anjing bubarkandpr bubarkanpolri makzulkanprabowogibran reshufflekabinet hapustunjangandpr pejabatdilarangrangkap adilijokowi,hapustunjangandpr,PER,7052
6376,masuk neraka anjing bubarkandpr bubarkanpolri makzulkanprabowogibran reshufflekabinet hapustunjangandpr pejabatdilarangrangkap adilijokowi,adilijokowi,PER,7052
6377,a post on twitter template needs step prabowo berantas koruptor chaos dpr ri bubarkandpr,prabowo,PER,7053
6380,presiden bingungan perintah pilihan perintah perintah bunuh rakyat bubarkandprsontoloyo bubarkandpr polisipembunuhrakyat stoppolicebrutality,##sontoloyo,PER,7056
6381,omahe buzzerp yusuf muhammad karo denny siregar cool surabaya gruduk thank you kui mangan uang rakyat nek yusuf neng graha kencana pakal blok takok grahadi dpri ri uya kuya brimob intelligence jarah puan maharani eko patrio bubarkandpr,yusuf muhammad,PER,7057
6381,omahe buzzerp yusuf muhammad karo denny siregar cool surabaya gruduk thank you kui mangan uang rakyat nek yusuf neng graha kencana pakal blok takok grahadi dpri ri uya kuya brimob intelligence jarah puan maharani eko patrio bubarkandpr,denny siregar,PER,7057
6381,omahe buzzerp yusuf muhammad karo denny siregar cool surabaya gruduk thank you kui mangan uang rakyat nek yusuf neng graha kencana pakal blok takok grahadi dpri ri uya kuya brimob intelligence jarah puan maharani eko patrio bubarkandpr,yusuf nen,PER,7057
6381,omahe buzzerp yusuf muhammad karo denny siregar cool surabaya gruduk thank you kui mangan uang rakyat nek yusuf neng graha kencana pakal blok takok grahadi dpri ri uya kuya brimob intelligence jarah puan maharani eko patrio bubarkandpr,uya kuya,PER,7057
6381,omahe buzzerp yusuf muhammad karo denny siregar cool surabaya gruduk thank you kui mangan uang rakyat nek yusuf neng graha kencana pakal blok takok grahadi dpri ri uya kuya brimob intelligence jarah puan maharani eko patrio bubarkandpr,puan maharani,PER,7057
6381,omahe buzzerp yusuf muhammad karo denny siregar cool surabaya gruduk thank you kui mangan uang rakyat nek yusuf neng graha kencana pakal blok takok grahadi dpri ri uya kuya brimob intelligence jarah puan maharani eko patrio bubarkandpr,eko patrio,PER,7057
6385,hidup manusia dicangkul diendapkan diseret gundukan tanah merah pramoedya ananta toer bubarkandpr stopbayarpajak,pramoedya ananta toer,PER,7061
6387,ben senang birthday semoga sehat amplifier bahagia bubarkandpr,ben,PER,7063
6388,tunjangan doel kerja sahkan uu perampasan aset uu diprioritaskan program kerja joget joget partai partai sampah boneka oligarki pegawai rakyat affankurniawan bubarkandpr,affankurniawan,PER,7064
6389,demo akbar lanjutkan perjuangan reformasi jilid selamatkan demokrasi konstitusi indonesia dpr ri kontol ahmad sahroni uya kuya eko patrio jarah penjarahan dijarah bubarkandpr dprbebannegara,ahmad sahroni,PER,7065
6389,demo akbar lanjutkan perjuangan reformasi jilid selamatkan demokrasi konstitusi indonesia dpr ri kontol ahmad sahroni uya kuya eko patrio jarah penjarahan dijarah bubarkandpr dprbebannegara,uya kuya,PER,7065
6389,demo akbar lanjutkan perjuangan reformasi jilid selamatkan demokrasi konstitusi indonesia dpr ri kontol ahmad sahroni uya kuya eko patrio jarah penjarahan dijarah bubarkandpr dprbebannegara,eko patrio,PER,7065
6390,hidup neopki mulyono suaranya kakak kehancuran indonesia adilijokowi bubarkanpartaipolitik bubarkandpr rakyatterjajahdinegrisendiri resetindonesia indonesiagelap rakyatmelawan,adilijokowi,PER,7066
6394,ketinggalan rumahnya ibuprofen menkeu sri mulyani kena gruduk amplifier jarah dukungdemonstran peoplepower bubarkandpr indonesiachaos kayaknya rumah pejabat songong koruptor gruduk amplifier jarah massa,sri mulyani,PER,7071
6395,demo demo permainan banteng demo jarah jarah permainan banteng dpr ri pulang sahroni eko patrio uya kuya nafa urbach puan maharani kwitang brimob bubarkandpr,sahroni eko patrio,PER,7072
6395,demo demo permainan banteng demo jarah jarah permainan banteng dpr ri pulang sahroni eko patrio uya kuya nafa urbach puan maharani kwitang brimob bubarkandpr,uya kuya,PER,7072
6395,demo demo permainan banteng demo jarah jarah permainan banteng dpr ri pulang sahroni eko patrio uya kuya nafa urbach puan maharani kwitang brimob bubarkandpr,nafa urbach,PER,7072
6395,demo demo permainan banteng demo jarah jarah permainan banteng dpr ri pulang sahroni eko patrio uya kuya nafa urbach puan maharani kwitang brimob bubarkandpr,puan maharani,PER,7072
6398,rumah eko patrio kena gruduk amplifier jarah dukungdemonstran peoplepower bubarkandpr indonesiachaos,eko patrio,PER,7075
6399,massa jarah rumah menkeu sri mulyani bintaro agustus dinihari bubarkandpr personal signature minggu kwitang makassar listyo dpr ri pulang,sri mulyani,PER,7077
6399,massa jarah rumah menkeu sri mulyani bintaro agustus dinihari bubarkandpr personal signature minggu kwitang makassar listyo dpr ri pulang,listyo,PER,7077
6405,tolong pakai balaclava bandana flatulence mask turun jalan pakai sarung tangan sidik jari terdeteksi harry potter pakai multifactor authentication tolong closed-circuit television kota ngerekam pergerakan tinggal something or someone good teman bubarkandpr,harry potter,PER,7083
6407,spin dikit nikmatnya bethoki303 bethoki303 pulang bubarkandpr dpr ri bubarkandprsontoloyo uu perampasan aset uyakuya pulang ahmadsahroni ekonomi,uyakuya,PER,7085
6407,spin dikit nikmatnya bethoki303 bethoki303 pulang bubarkandpr dpr ri bubarkandprsontoloyo uu perampasan aset uyakuya pulang ahmadsahroni ekonomi,ahmadsahroni,PER,7085
6408,joget genjer genjer sasaran bubarkandpr bubarkandprsontoloyo bubarkanpolisi,##kandprsontoloyo,PER,7086
6409,kakak astaga manusia manusia menyuarakan hugs and kisses mengerti jalan pikir segininya manusia hewan buas nerkam mangsanya bubarkandpr,kakak astaga,PER,7087
6412,bubarkan dpr isinya orangorang bodoh makan gaji buta contoh nyata stop it sahroni bubarkandpr,sahroni,PER,7090
6413,bubarkandpr chaos demo kwitang gedung dpr ri penjarahan tokoh bangsa diam surabaya megawati wiranto luhut amin rais bekas ketua kpk eny wahid sutiyoso tokoh bangsa diam,megawati wiranto,PER,7091
6413,bubarkandpr chaos demo kwitang gedung dpr ri penjarahan tokoh bangsa diam surabaya megawati wiranto luhut amin rais bekas ketua kpk eny wahid sutiyoso tokoh bangsa diam,luhut amin rais,PER,7091
6413,bubarkandpr chaos demo kwitang gedung dpr ri penjarahan tokoh bangsa diam surabaya megawati wiranto luhut amin rais bekas ketua kpk eny wahid sutiyoso tokoh bangsa diam,eny wahid sutiyoso,PER,7091
6416,gampang dijebol rumah ketua dpr ri puan maharani kepung demonstran just a minute rumah pejabat minim penjagaan janggal indonesiagelap tinggal something or someone good teman hindari perbuatan pidana penjarahan bubarkandpr rumah sri mulyani jarah,puan maharani,PER,7095
6416,gampang dijebol rumah ketua dpr ri puan maharani kepung demonstran just a minute rumah pejabat minim penjagaan janggal indonesiagelap tinggal something or someone good teman hindari perbuatan pidana penjarahan bubarkandpr rumah sri mulyani jarah,sri mulyani,PER,7095
6423,kabar terbaru rumah eko patrio kapolri provokator brimob affan intelligence zulkifli dprd goblok bakar damailah negeriku jaga kondusivitas indonesia chaos bubarkandpr polisipembunuh acab1312,eko patrio,PER,7102
6423,kabar terbaru rumah eko patrio kapolri provokator brimob affan intelligence zulkifli dprd goblok bakar damailah negeriku jaga kondusivitas indonesia chaos bubarkandpr polisipembunuh acab1312,affan intelligence,PER,7102
6424,nyata tidak apa apa sahroniss sahronissi seriously great exclamation of disgust bubarkandpr indonesiagelap polrimusuhbersama polisipembunuh,sahroniss sahronissi,PER,7103
6427,bohong anjing pemerintah cepat lupa habis yasudah bubarkandpr indonesiagelap polrimusuhbersama polisipembunuh,yasudah,PER,7106
6434,sir tidak tahu apaapa rakyat kabar kabar ancaman serius silenced bubarkandpr indonesiagelap polrimusuhbersama polisipembunuh,sir,PER,7113
6439,anjaay bubarkandpr omong usnnya kakak hey you followan,anjaay,PER,7118
6444,kakak ikuut kakak arjuna bubarkandpr reformasidpr polisipembunuhrakyat aparatkeparat,arjuna,PER,7125
6448,dapatkan promotional material spesial lantai dapatkan promotional material spesial deposit deposit deposit bubarkandpr ahmadsahroni ekopatrio uyakuya prabowo,ahmadsahroni ekopatrio uyakuya prabowo,PER,7130
6452,nasib habis royal canin langsung pindang point of view kucingnya astrid rumah uya kuya 17an bubarkandpr,astrid,PER,7140
6459,tni polri melukai warga demo langsung berubah haluan menyerang lolos prabowo sah takut dpr umumkan pergantian kapolri dekrit referendum pembubaran dpr biar rakyat menentukan 17an bubarkandpr,prabowo,PER,7147
6460,bubarkandpr bubarkandprsontoloyo angkat minimal s1 lulus ujian akademis wajib makalah diruang diawasi kurangi orang dprbenalubangsa,##kandpr bubarkandprsontoloyo,PER,7148
6461,bubarkandpr berlanjut penjarahan prabowo lengser wakil politik tingkat bermain untung rakyat menderita jokowi bahagia parah,prabowo,PER,7149
6461,bubarkandpr berlanjut penjarahan prabowo lengser wakil politik tingkat bermain untung rakyat menderita jokowi bahagia parah,jokowi,PER,7149
6463,ngelesnya jelek bodonya bubarkandpr isinya orang tidak ada otak salah data cool sadar disgust,cool,PER,7151
6464,puluhan rakyat karyawannya dpr sahkan uu perampasan aset muah rakyat pemegang kedaulatan tertinggi negeri mensahkan uu perampasan aset bubarkandpr adilijokowi makzulkangibran,adilijokowi makzulkang,PER,7152
6467,tolong bantuin viralin postan demo berlanjut demo september pembataian masal tanggal september bubar dpr ri bintaro tinggal something or someone good prabowo pulang bubarkandpr,viralin post,PER,7155
6467,tolong bantuin viralin postan demo berlanjut demo september pembataian masal tanggal september bubar dpr ri bintaro tinggal something or someone good prabowo pulang bubarkandpr,prabowo,PER,7155
6468,bubarkandpr rumah ahmad sahroni uya kuya eko patrio sri mulyani gampang jarah aneh gerakin cepat malam selesai,ahmad sahroni,PER,7156
6468,bubarkandpr rumah ahmad sahroni uya kuya eko patrio sri mulyani gampang jarah aneh gerakin cepat malam selesai,eko patrio,PER,7156
6468,bubarkandpr rumah ahmad sahroni uya kuya eko patrio sri mulyani gampang jarah aneh gerakin cepat malam selesai,sri mulyani,PER,7156
6472,manajemen jekesringgak pemerintahan indonesia bobrok anjing fufuritsuout jkt48 bubarkandpr bubarkanpolri indonesiagelap affankurniawan,manajemen jekesringgak,ORG,7160
6472,manajemen jekesringgak pemerintahan indonesia bobrok anjing fufuritsuout jkt48 bubarkandpr bubarkanpolri indonesiagelap affankurniawan,affankurniawan,PER,7160
6474,penjarahan rumah anggota dewan pembakaran fasilitas postingan kejanggalan bubarkandpr ahmadsahroni populer viral,ahmadsahroni,PER,7162
6477,insiden makassar tanggal agustus mitra pengemudi ojol almarhum rusdamdiansyah dandi alfatihah almarhum source indonesiagelap bubarkandpr polisipembunuhrakyat,rusdamdiansyah dandi alfatihah,PER,7165
6487,sri sultan presiden acab1312 bubarkandpr bubarkanpolisi,sri sultan,PER,7175
6492,jua kaku rangkulan pramoedya ananta toer bubarkandpr stopbayarpajak,pramoedya ananta toer,PER,7180
6500,template pagi rotator small child small child malemnya harley boredom boredom temannya tenteng dor dor hahahahahah norak bubarkandpr,harley boredom boredom,PER,7188
6501,ingpo information teman liburan sebari berbaring ahmad sahroni pingsan eko patrio garuk uya kuya gemetaran nafa urbach kencing dicelana ngebacot menantang rakyat bubarkandpr bubarkandprsontoloyo tegar petisi pecatkapolri copotkapolri copotkapolrilistyosigit,ahmad sahroni,PER,7189
6501,ingpo information teman liburan sebari berbaring ahmad sahroni pingsan eko patrio garuk uya kuya gemetaran nafa urbach kencing dicelana ngebacot menantang rakyat bubarkandpr bubarkandprsontoloyo tegar petisi pecatkapolri copotkapolri copotkapolrilistyosigit,eko patrio,PER,7189
6501,ingpo information teman liburan sebari berbaring ahmad sahroni pingsan eko patrio garuk uya kuya gemetaran nafa urbach kencing dicelana ngebacot menantang rakyat bubarkandpr bubarkandprsontoloyo tegar petisi pecatkapolri copotkapolri copotkapolrilistyosigit,uya,PER,7189
6501,ingpo information teman liburan sebari berbaring ahmad sahroni pingsan eko patrio garuk uya kuya gemetaran nafa urbach kencing dicelana ngebacot menantang rakyat bubarkandpr bubarkandprsontoloyo tegar petisi pecatkapolri copotkapolri copotkapolrilistyosigit,nafa urbach,PER,7189
6502,grup sekap culik peluru tajam semanngi semanngi trisakti atmajaya mobil volkswagen menteng lampu mati dar duh! dor fokus bubarkandpr,trisakti atmajaya,PER,7190
6503,seliweran barang masuk eko patrio uya kuya nafa urbach ahmad sahroni bubarkandpr bubarkandprsontoloyo waspada perintah tindak tembak ditempat copotkapolri copotkapolrilistyosigit teman jaga teman waspada cipta kondisi,eko patrio,PER,7191
6503,seliweran barang masuk eko patrio uya kuya nafa urbach ahmad sahroni bubarkandpr bubarkandprsontoloyo waspada perintah tindak tembak ditempat copotkapolri copotkapolrilistyosigit teman jaga teman waspada cipta kondisi,nafa urbach ahmad sahroni,PER,7191
6504,perintah tindak amplifier membabi buta kejadian kemarahan warga alasan bacot ahmad sahroni eko patrio uya kuya amplifier nafa urbach bubarkandpr bubarkandprsontoloyo rekan ojol lindas tewas copotkapolri copotkapolrilistyosigit,bacot ahmad sahroni eko patrio uya ku,PER,7192
6504,perintah tindak amplifier membabi buta kejadian kemarahan warga alasan bacot ahmad sahroni eko patrio uya kuya amplifier nafa urbach bubarkandpr bubarkandprsontoloyo rekan ojol lindas tewas copotkapolri copotkapolrilistyosigit,nafa urbach,PER,7192
6504,perintah tindak amplifier membabi buta kejadian kemarahan warga alasan bacot ahmad sahroni eko patrio uya kuya amplifier nafa urbach bubarkandpr bubarkandprsontoloyo rekan ojol lindas tewas copotkapolri copotkapolrilistyosigit,##sontoloyo,PER,7192
6504,perintah tindak amplifier membabi buta kejadian kemarahan warga alasan bacot ahmad sahroni eko patrio uya kuya amplifier nafa urbach bubarkandpr bubarkandprsontoloyo rekan ojol lindas tewas copotkapolri copotkapolrilistyosigit,ojol lindas,PER,7192
6511,teman sumpah takut lihat berita barusan tinggal something or someone good pulang aman baikbaik resetindonesia indonesiadarurat bubarkandpr indonesiagelap,sumpah,PER,7199
6518,teman pembunuh beware orang gila berubah bubarkandpr prabowomegalomaniac,prabowo,PER,7206
6519,usaha jalan bilang presidennya ngaruh hidup anjing maju bubarkandpr tiktoklive uyakuya ekopatrio,tiktoklive,PER,7208
6519,usaha jalan bilang presidennya ngaruh hidup anjing maju bubarkandpr tiktoklive uyakuya ekopatrio,uyakuya ekopatrio,PER,7208
6524,rumah eko patrio akibat kesombongan bubarkandpr resetindonesia,eko patrio,PER,7213
6527,tuhan maha pemaaf rakyat broo lanjutkan tuntas tangkapjokowi copotgibran bubarkandpr copotkapolri,##jokowi,PER,7216
6531,ahmad syahroni giliran rumah eko patrio gruduk pendemo semuaorang rakyatkecewa bubarkandpr bubarkandprsontoloyo nkri,ahmad syahroni,PER,7220
6531,ahmad syahroni giliran rumah eko patrio gruduk pendemo semuaorang rakyatkecewa bubarkandpr bubarkandprsontoloyo nkri,eko patrio,PER,7220
6532,rimah ahmad syahroni gruduk pendemo bubarkandpr pemerintah nkri kekecewaanrakyat,rimah ahmad syahroni,PER,7221
6540,waspada teman teman jaga teman rekan jaga rekan lihat kanan kiri waspada titik teman sahroni uya kuya seiring eko patrio nafa urbach berdebar bubarkandpr bubarkandprsontoloyo reformasi polri copotkapolri copotkapolrilistyosigit,sahroni uya kuya,PER,7229
6540,waspada teman teman jaga teman rekan jaga rekan lihat kanan kiri waspada titik teman sahroni uya kuya seiring eko patrio nafa urbach berdebar bubarkandpr bubarkandprsontoloyo reformasi polri copotkapolri copotkapolrilistyosigit,eko patrio,PER,7229
6540,waspada teman teman jaga teman rekan jaga rekan lihat kanan kiri waspada titik teman sahroni uya kuya seiring eko patrio nafa urbach berdebar bubarkandpr bubarkandprsontoloyo reformasi polri copotkapolri copotkapolrilistyosigit,nafa urbach,PER,7229
6543,wanita dewa wanita kehidupan wanita perhiasan pramoedya ananta toer bubarkandpr stopbayarpajak,pramoedya ananta toer,PER,7232
6545,rumah ahmad sahroni dijarah pendemo menemukan raport nikain ratarata mapel bubarkandpr dprdewanpenindasrakyat demo,ahmad sahroni,PER,7234
6546,tuntutan demo masuk akal nyangkutkan jokowi solo pendemo orang sakit hati akut gagal move nyala bubarkandprri demo ahmadsahroni dprdewanpenindasrakyat dibungkam livetiktok,ahmadsahroni,PER,7235
6550,rumah ahmad sahroni dikondisikan rumah eko patrio kader dibereskan efek tuntutan bubarkandpr resetindonesia indonesiagelap,ahmad sahroni,PER,7239
6550,rumah ahmad sahroni dikondisikan rumah eko patrio kader dibereskan efek tuntutan bubarkandpr resetindonesia indonesiagelap,eko patrio,PER,7239
6551,news update berita tayangkan tv malam tanjung priuk memanas lokasi polres jakarta utara jalan yos sudarso jakarta utara paralytic pendemo harap hati memisahkan kelompok information top quality bubarkandpr bubarkanpolisi,information top quality,ORG,7240
6551,news update berita tayangkan tv malam tanjung priuk memanas lokasi polres jakarta utara jalan yos sudarso jakarta utara paralytic pendemo harap hati memisahkan kelompok information top quality bubarkandpr bubarkanpolisi,##pr,ORG,7240
6555,exciting tik tok exciting snack video snack video exciting ahmadsahroni bubarkandpr viral demo,ahmadsahroni,PER,7244
6561,rumah syahroni rumah eko patrio kena dijarah berlanjut rumah uya kuya chaos bubarkandpr,syahroni,PER,7251
6561,rumah syahroni rumah eko patrio kena dijarah berlanjut rumah uya kuya chaos bubarkandpr,eko patrio,PER,7251
6575,syahroni eko patrio uya kuya dibungkam kesombongannya hati hati pejabat jejak kesombongannya membekas hati rakyat tunggu giliran resetindonesia bubarkandpr,syahroni,PER,7265
6575,syahroni eko patrio uya kuya dibungkam kesombongannya hati hati pejabat jejak kesombongannya membekas hati rakyat tunggu giliran resetindonesia bubarkandpr,eko patrio,PER,7265
6575,syahroni eko patrio uya kuya dibungkam kesombongannya hati hati pejabat jejak kesombongannya membekas hati rakyat tunggu giliran resetindonesia bubarkandpr,resetindonesia,ORG,7265
6577,kankan kontol tuntutannya batalkan selesai kembalikan dana terima berbelit berbelit kelimpungan bubarkandpr lawanoligarki,kankan kontol,PER,7267
6578,berkomitmen pribadi tulis eko patrio ignya dukungdemonstran peoplepower bubarkandpr indonesiachaos,eko patrio,PER,7268
6578,berkomitmen pribadi tulis eko patrio ignya dukungdemonstran peoplepower bubarkandpr indonesiachaos,ignya,PER,7268
6580,hatihati teman takut naker perintah stop it gendut hatihati alasan bunuh bubarkandprsontoloyo bubarkandpr,##sontoloyo,PER,7270
6582,gus membekukan dpr ri just a minute setelahnya gus lengserkan kursi presiden republik indonesia gus dpr taman kanakkanak isinya uya kuya sahroni eko patrio bubarkandpr,gus,PER,7272
6582,gus membekukan dpr ri just a minute setelahnya gus lengserkan kursi presiden republik indonesia gus dpr taman kanakkanak isinya uya kuya sahroni eko patrio bubarkandpr,gus,PER,7272
6582,gus membekukan dpr ri just a minute setelahnya gus lengserkan kursi presiden republik indonesia gus dpr taman kanakkanak isinya uya kuya sahroni eko patrio bubarkandpr,sahroni eko patrio,PER,7272
6585,menjijikan parcok parjo anjing jijik pasangan pasangan bodoh asbun makna lonte lonte benaran otaknya special edition gesrek tahi ledig bubarkandpr polisipembunuhrakyat polisipembunuh acab1312 stoppolicebrutality,parcok,PER,7275
6585,menjijikan parcok parjo anjing jijik pasangan pasangan bodoh asbun makna lonte lonte benaran otaknya special edition gesrek tahi ledig bubarkandpr polisipembunuhrakyat polisipembunuh acab1312 stoppolicebrutality,asbun,PER,7275
6587,bubarkandpr kedepan pilih anggota dpr berdasarkan partai,bubarkandpr,PER,7277
6588,tetiba fiture exciting mati pemerintahan transparansi takut am i boverd kesebar hello dpr dprrakus bubarkandpr exciting indonesiagelap indonesiakorbanjokowi,##korbanjokowi,PER,7278
6590,giliran uya kuya maaf partai personal area network memecat uya kuya eko patrio dpr ri mempengaruhi hasil suara partai personal area network berasal partai bubarkandpr,uya kuya,PER,7280
6590,giliran uya kuya maaf partai personal area network memecat uya kuya eko patrio dpr ri mempengaruhi hasil suara partai personal area network berasal partai bubarkandpr,uya kuya eko patrio,PER,7280
6598,laut takkan hati budi manusia dangkal miskin pramoedya ananta toer bubarkandpr stopbayarpajak,pramoedya ananta toer,PER,7290
6599,revolusi menentukan pramoedya ananta toer bubarkandpr stopbayarpajak,pramoedya ananta toer,PER,7291
6600,tiada hadiah diharapkan brahmana mulia memberikah dharma kesejahteraan titah paralytic dewa mengantar kasudahannya pramoedya ananta toer bubarkandpr stopbayarpajak,pramoedya ananta toer,PER,7292
6601,orang suka pujian orang terhina dipuji tandanya orang berhati culas pramoedya ananta toer bubarkandpr stopbayarpajak,pramoedya ananta toer,PER,7293
6607,deddy sitorus kemarin ngata mengatai rakyat jelata sumpah kelakuannya bubarkandpr,deddy sitorus,PER,7299
6609,berbenah berani buka gerbang gedung cucu sokekarno cucu culik soekarno berani bicara proklamasi bubarkandpr adilijokowi resetindonesia rakyatindonesiamurka,sokekarno,PER,7301
6609,berbenah berani buka gerbang gedung cucu sokekarno cucu culik soekarno berani bicara proklamasi bubarkandpr adilijokowi resetindonesia rakyatindonesiamurka,soekarno,PER,7301
6610,panik pelawak raut wajahnya indonesiagelap indonesia bubarkandpr ekopatrio,ekopatrio,PER,7302
6616,prayforojoldriver cepat sembuh indonesiaku bubarkandpr,prayforojoldriver,PER,7308
6617,eko patrio pucet mati lupa ajak uya kuya ahmad sahroni mengurangi populasi orang bodoh dpr ri bubarkandpr,eko patrio,PER,7309
6617,eko patrio pucet mati lupa ajak uya kuya ahmad sahroni mengurangi populasi orang bodoh dpr ri bubarkandpr,ahmad sahroni,PER,7309
6619,acab bubarkandpr resetindonesia scosummit2025 so3ttahal1m,acab,PER,7312
6619,acab bubarkandpr resetindonesia scosummit2025 so3ttahal1m,##kandpr resetindonesia,ORG,7312
6620,anggota dpr karyawan arogan serakah nirempati sombong songong konyol ngelunjak amplifier menantang boyfriend over shoulder rakyat rasakanlah geruduk rumah eko patrio uyya kuyya dsb dukungdemonstran peoplepower bubarkandpr,songong,PER,7313
6620,anggota dpr karyawan arogan serakah nirempati sombong songong konyol ngelunjak amplifier menantang boyfriend over shoulder rakyat rasakanlah geruduk rumah eko patrio uyya kuyya dsb dukungdemonstran peoplepower bubarkandpr,eko patrio,PER,7313
6620,anggota dpr karyawan arogan serakah nirempati sombong songong konyol ngelunjak amplifier menantang boyfriend over shoulder rakyat rasakanlah geruduk rumah eko patrio uyya kuyya dsb dukungdemonstran peoplepower bubarkandpr,uyya kuyya,PER,7313
6621,eko patrio maaf bubarkandpr indonesiagelap acab1312,eko patrio,PER,7314
6622,sayang ajak mundur ajak parents are watching anggota amplifier joget joget kemarin sila ditambahi insya massa seindonesia tenang colek srimulyono10th polisimusuhbersama bubarkandpr,sayang,PER,7315
6622,sayang ajak mundur ajak parents are watching anggota amplifier joget joget kemarin sila ditambahi insya massa seindonesia tenang colek srimulyono10th polisimusuhbersama bubarkandpr,sila,PER,7315
6622,sayang ajak mundur ajak parents are watching anggota amplifier joget joget kemarin sila ditambahi insya massa seindonesia tenang colek srimulyono10th polisimusuhbersama bubarkandpr,srimulyono,PER,7315
6623,penggemar selai coklat coba bawa work anywhere sahroni bubarkandpr uyakuya ekopatrio nafaurbach brimob indonesia jakarta bandung surabaya srimulyani,sahroni,PER,7316
6623,penggemar selai coklat coba bawa work anywhere sahroni bubarkandpr uyakuya ekopatrio nafaurbach brimob indonesia jakarta bandung surabaya srimulyani,uyakuya ekopatrio nafaurbach,PER,7316
6623,penggemar selai coklat coba bawa work anywhere sahroni bubarkandpr uyakuya ekopatrio nafaurbach brimob indonesia jakarta bandung surabaya srimulyani,srimulyani,PER,7316
6627,mengundurkan maaf budak neopki senin bubar bubarkandpr resetindonesia adilijokowi adiligibran rakyatindonesiamurka revolusiindonesia reformasidikorupsi,adilijokowi adiligib,PER,7320
6630,petik kejadian sahroni uya kuya eko patrio nafa urbach sri mulyani bubarkandpr resetindonesia polisipembunuh polisipembunuhrakyat brimob chaos kaburajadulu dprbebannegara stoppolicebrutality gfawakeconcertd1,sahroni,PER,7323
6630,petik kejadian sahroni uya kuya eko patrio nafa urbach sri mulyani bubarkandpr resetindonesia polisipembunuh polisipembunuhrakyat brimob chaos kaburajadulu dprbebannegara stoppolicebrutality gfawakeconcertd1,eko patrio,PER,7323
6630,petik kejadian sahroni uya kuya eko patrio nafa urbach sri mulyani bubarkandpr resetindonesia polisipembunuh polisipembunuhrakyat brimob chaos kaburajadulu dprbebannegara stoppolicebrutality gfawakeconcertd1,nafa urbach,PER,7323
6630,petik kejadian sahroni uya kuya eko patrio nafa urbach sri mulyani bubarkandpr resetindonesia polisipembunuh polisipembunuhrakyat brimob chaos kaburajadulu dprbebannegara stoppolicebrutality gfawakeconcertd1,sri mulyani,PER,7323
6631,greget nyuruh prabowo berhenti presiden tolong suruh gibran berhenti wapres sepaket musnahin tolong suruh abisin biar kagak mubazzir new overhauled bubarkandpr indonesiagelap demokrasitelahmati,prabowo,PER,7324
6631,greget nyuruh prabowo berhenti presiden tolong suruh gibran berhenti wapres sepaket musnahin tolong suruh abisin biar kagak mubazzir new overhauled bubarkandpr indonesiagelap demokrasitelahmati,gibran,PER,7324
6633,ferrari sahroni kemana uya kuya eko patrio sri mulyani kabur duluan terprovokasi bubarkandpr resetindonesia polisipembunuh polisipembunuhrakyat brimob chaos kaburajadulu dprbebannegara stoppolicebrutality gfawakeconcertd1,eko patrio,PER,7326
6633,ferrari sahroni kemana uya kuya eko patrio sri mulyani kabur duluan terprovokasi bubarkandpr resetindonesia polisipembunuh polisipembunuhrakyat brimob chaos kaburajadulu dprbebannegara stoppolicebrutality gfawakeconcertd1,sri mulyani,PER,7326
6634,rumah sahroni jarah uya kuya eko patrio sri mulyani mengesalkan bubarkandpr resetindonesia polisipembunuh polisipembunuhrakyat brimob chaos kaburajadulu dprbebannegara stoppolicebrutality gfawakeconcertd1,sahroni,PER,7327
6634,rumah sahroni jarah uya kuya eko patrio sri mulyani mengesalkan bubarkandpr resetindonesia polisipembunuh polisipembunuhrakyat brimob chaos kaburajadulu dprbebannegara stoppolicebrutality gfawakeconcertd1,eko patrio,PER,7327
6634,rumah sahroni jarah uya kuya eko patrio sri mulyani mengesalkan bubarkandpr resetindonesia polisipembunuh polisipembunuhrakyat brimob chaos kaburajadulu dprbebannegara stoppolicebrutality gfawakeconcertd1,sri mulyani,PER,7327
6636,presiden ri berbelasungkawa affan prabowosubianto bubarkandpr sahroni,affan prabowosubianto,PER,7329
6636,presiden ri berbelasungkawa affan prabowosubianto bubarkandpr sahroni,sahroni,PER,7329
6638,harto percaya kang kakak kaboouur jenderal rakyat kutu a lot of halusinasi soekarno that's ok that's ok pidato berapi berapi omon omon melawanlupa bubarkandpr adilijokowi pecatwapresbocil rakyatindonesiamurka,harto,PER,7331
6638,harto percaya kang kakak kaboouur jenderal rakyat kutu a lot of halusinasi soekarno that's ok that's ok pidato berapi berapi omon omon melawanlupa bubarkandpr adilijokowi pecatwapresbocil rakyatindonesiamurka,soekarno,PER,7331
6638,harto percaya kang kakak kaboouur jenderal rakyat kutu a lot of halusinasi soekarno that's ok that's ok pidato berapi berapi omon omon melawanlupa bubarkandpr adilijokowi pecatwapresbocil rakyatindonesiamurka,adilijokowi,PER,7331
6639,mulut jaga sahroni uya kuya eko patrio sri mulyani terprovokasi teman bubarkandpr resetindonesia polisipembunuh polisipembunuhrakyat brimob chaos kaburajadulu dprbebannegara stoppolicebrutality gfawakeconcertd1,sahroni,PER,7332
6639,mulut jaga sahroni uya kuya eko patrio sri mulyani terprovokasi teman bubarkandpr resetindonesia polisipembunuh polisipembunuhrakyat brimob chaos kaburajadulu dprbebannegara stoppolicebrutality gfawakeconcertd1,eko patrio,PER,7332
6639,mulut jaga sahroni uya kuya eko patrio sri mulyani terprovokasi teman bubarkandpr resetindonesia polisipembunuh polisipembunuhrakyat brimob chaos kaburajadulu dprbebannegara stoppolicebrutality gfawakeconcertd1,sri mulyani,PER,7332
6640,sahroni menyimpan ferrari kayaknya ancang eko patrio uya kuya sri mulyani bubarkandpr resetindonesia polisipembunuh polisipembunuhrakyat brimob chaos kaburajadulu dprbebannegara stoppolicebrutality gfawakeconcertd1,sahroni,PER,7333
6640,sahroni menyimpan ferrari kayaknya ancang eko patrio uya kuya sri mulyani bubarkandpr resetindonesia polisipembunuh polisipembunuhrakyat brimob chaos kaburajadulu dprbebannegara stoppolicebrutality gfawakeconcertd1,eko patrio,PER,7333
6640,sahroni menyimpan ferrari kayaknya ancang eko patrio uya kuya sri mulyani bubarkandpr resetindonesia polisipembunuh polisipembunuhrakyat brimob chaos kaburajadulu dprbebannegara stoppolicebrutality gfawakeconcertd1,sri mulyani,PER,7333
6641,ferrari sahroni kemana uya kuya eko patrio sri mulyani terprovokasi bubarkandpr resetindonesia polisipembunuh polisipembunuhrakyat brimob chaos kaburajadulu dprbebannegara stoppolicebrutality gfawakeconcertd1,eko patrio,PER,7334
6641,ferrari sahroni kemana uya kuya eko patrio sri mulyani terprovokasi bubarkandpr resetindonesia polisipembunuh polisipembunuhrakyat brimob chaos kaburajadulu dprbebannegara stoppolicebrutality gfawakeconcertd1,sri mulyani,PER,7334
6642,tujuan utama mencari ahmad sahroni uya kuya betapa rendahnya mata menyepelekan mentertawakan mencaci maki lelucon kali lawan konsolidasi bem bubarkandpr,ahmad sahroni,PER,7335
6642,tujuan utama mencari ahmad sahroni uya kuya betapa rendahnya mata menyepelekan mentertawakan mencaci maki lelucon kali lawan konsolidasi bem bubarkandpr,uya kuya,PER,7335
6644,dijarah rumah sahroni ijazah sertipikat tanah piano patung ironman mesin cuci foto keluarga blueray porno bathtub just a minute tangan bubarkandpr ahmadsahroni,sahroni,PER,7337
6644,dijarah rumah sahroni ijazah sertipikat tanah piano patung ironman mesin cuci foto keluarga blueray porno bathtub just a minute tangan bubarkandpr ahmadsahroni,ahmadsahroni,PER,7337
6645,habis husnudzon ku shibal sekiyaa mengaku salah data kacau demo dimana cari sah bubarkandpr,husnudzon,PER,7338
6645,habis husnudzon ku shibal sekiyaa mengaku salah data kacau demo dimana cari sah bubarkandpr,ku shibal sekiyaa,PER,7338
6646,preman tj priok kabur singapura tukang jilat pantat ibuprofen banteng ngumpet eko patrio nafa urbach uya kuya menunggu roasting rakyat berhenti jarah asset rakyat negara bubarkandpr,eko patrio,PER,7339
6646,preman tj priok kabur singapura tukang jilat pantat ibuprofen banteng ngumpet eko patrio nafa urbach uya kuya menunggu roasting rakyat berhenti jarah asset rakyat negara bubarkandpr,nafa urbach,PER,7339
6646,preman tj priok kabur singapura tukang jilat pantat ibuprofen banteng ngumpet eko patrio nafa urbach uya kuya menunggu roasting rakyat berhenti jarah asset rakyat negara bubarkandpr,uya kuya,PER,7339
6647,rumah sahroni bubarkandpr,sahroni,PER,7340
6648,muah mendengar alasan konyol kedaulatan tangan rakyat bubarkandpr,muah,PER,7341
6649,mrpresiden kebanyakan pidato omon omon retorika piala citra efek khusus terbaik adilijokowi bubarkandpr pecatwapres rakyatindonesiamurka revolusiataumatitertindas resetindonesia indonesiagelap demokrasitelahmati,adilijokowi,PER,7342
6654,kartini mengarang keabadian pramoedya ananta toer bubarkandpr stopbayarpajak,kartini,PER,7347
6660,hidup indonesia misscall sejam pitty shoki pulang pulang kimak bubarkandpr,pitty shoki,PER,7353
6663,rumah eko patrio konon seharga bubarkandpr,eko patrio,PER,7356
6666,perintah prabowo kapolri panglima tni menindak rakyat marah bobroknya sistem pemerintahan penculik scholastic assessment test indonesiagelap bubarkandpr,prabowo,PER,7359
6667,terimakasih teman teman bubarkandpr copotkapolri copotgantisrimulyani indonesiagelap indonesiacemas,bubarkandpr copotkapolri copotgantisrimulyani,PER,7360
6668,ketar ketir mukanya jancuk eko patrio bubarkandpr,eko patrio,PER,7361
6671,spill man-alien-predator dpr roblox gabung bubarkandpr,roblox,PER,7364
6675,ganti gedung dprd kota kediri bakar massa bubarkandpr sahroni dibakar,sahroni,PER,7368
6676,emosi rentan penyusup berniat jahat berulang kamera dibawa wartawan bawa harry potter berkamera penyusup tertangkap 17an bubarkandpr,harry potter,PER,7369
6677,reformasi polri pecat kapolri menabrak afan bubarkandpr affankurniawan,afan bubarkandpr,PER,7371
6677,reformasi polri pecat kapolri menabrak afan bubarkandpr affankurniawan,affankurniawan,PER,7371
6679,ingett chindo darah indonesia jaga minorities jaga warga sipil jaga anak anak serang rumah anggota dpr ri menantang rakyat serang gedung dpr amplifier mpr ruu perampasan aset teken sahkan rubah ruu kuhap bubarkandpr,ingett chindo,PER,7373
6681,kepengarangan memiliki faal perbuatan sosial gilirannya bersambung pers progesif pramoedya ananta toer bubarkandpr stopbayarpajak,pramoedya ananta toer,PER,7375
6682,melawan takkan sepenuh kalah pramoedya ananta toer bubarkandpr stopbayarpajak,pramoedya ananta toer,PER,7376
6683,alamat terbaru powers that be duren sawit blok q7 no offence amplifier duren sawit jakarta timur dki jakarta indonesia bubarkanbrimob bubarkandpr makzulkangibrangengsolo,makzulkangibrangengsolo,PER,7377
6684,gusyy tonedeaf negara speak kokk diakun utama akun fun ku bubarkandpr,gusyy tonedeaf,PER,7378
6688,paralytic ketua partai pecat sahroni eko patrio uya kuya bubarkandpr,sahroni eko patrio uya kuya,PER,7382
6690,rumah syahrono ketinggalan rumah eko uya bubarkandpr,syahrono,PER,7384
6690,rumah syahrono ketinggalan rumah eko uya bubarkandpr,eko uya,PER,7384
6691,terprovokasi polisipembunuh bubarkandpr sahroni indonesiagelap indonesiakorbanjokowi ripdemokrasi ripdemokrasiindonesia,sahroni,PER,7385
6692,adies kadir golkar ahmad syaroni nafa urbah nasdem bubarkandpr uya kuya eko patrio personal area network,adies kadir,PER,7386
6692,adies kadir golkar ahmad syaroni nafa urbah nasdem bubarkandpr uya kuya eko patrio personal area network,ahmad syaroni nafa urbah nas,PER,7386
6692,adies kadir golkar ahmad syaroni nafa urbah nasdem bubarkandpr uya kuya eko patrio personal area network,eko patrio,PER,7386
6694,sahroni bilang rakyat pendemo orang bodoh sedunia bubarkandpr,sahroni,PER,7388
6698,ironman kalah indonesia bubarkandpr,ironman,PER,7392
6704,hey you fokus bubarkandpr pemecahan konsentrasi partai mengadu domba prabowo jokowi,prabowo jokowi,PER,7399
6705,lupa tujuan utama dsn tuntutan ajukan hastag indonesiagelap resetindonesia bubarkandpr polisipembunuh tenggelam teralihkan sahroni uya kuya eko patrio nafa dsb,sahroni,PER,7400
6705,lupa tujuan utama dsn tuntutan ajukan hastag indonesiagelap resetindonesia bubarkandpr polisipembunuh tenggelam teralihkan sahroni uya kuya eko patrio nafa dsb,eko patrio nafa,PER,7400
6707,bahaya teh wo sakarepmu wo the other half tujuan multi user berkali mengikuti pilpres presiden adilijokowi bubarkandpr turunkangibran,adilijokowi,PER,7402
6711,bantu naikin tagar bubarkandpr polisipembunuh indonesiagelap resetindonesia biar lupa tujuan utamanya ketutupan sahroni eko patrio uya kuya,ketutupan sahroni eko patrio,PER,7406
6711,bantu naikin tagar bubarkandpr polisipembunuh indonesiagelap resetindonesia biar lupa tujuan utamanya ketutupan sahroni eko patrio uya kuya,uya kuya,PER,7406
6713,ketahuan dalangnya tentara babi dalangnya tentara polisi lawan bubarkandpr sahroni eko patrio nafa urbach,sahroni eko patrio,PER,7408
6713,ketahuan dalangnya tentara babi dalangnya tentara polisi lawan bubarkandpr sahroni eko patrio nafa urbach,nafa urbach,PER,7408
6716,hukum rakyat berlaku aparat anarkis polisipembunuh pecatkapolri bubarkandpr adilijokowi turunkangibran pecatgibran,adilijokowi,PER,7411
6719,terkecoh politisi politisi cari panggung kasih simpati kelas almarhum ojol siapun bubarkandpr fokus brengsek gaji pajak rakyat menginjak mengasih gaji kecuali,ojol siapun,PER,7414
6721,lihat raportnya sahroni bodoh bubarkandpr dprbebannegara,sahroni bodoh,PER,7416
6723,puan maharani mundur pecus pimpinan dpr sengaja menghalangi pengesahan uu perampasan aset kesempatan membela rakyat copotkapolri bubarkandpr omonomon,puan maharani,PER,7419
6724,termakan pengalihan isu apapun suarakan pembubaran dpr bubarkandpr brimob bubarkandpr propam chaos najis tertabrak prabowo buzzer polisi dpr jakarta polda polisipembunuhrakyat,prabowo,PER,7420
6727,belajar tanca beginibegini pramoedya ananta toer bubarkandpr stopbayarpajak,pramoedya ananta toer,PER,7423
6729,rumah anggota dpr bilang rakyatnya bodoh dijarah rakyatnya sore sabtu ahmadsahroni bubarkandpr polisipembunuh,ahmadsahroni,PER,7425
6730,lupa sikap ikhlas keluarga almarhum affan membantu meredakan emosi pemikiran almarhum terbuka pemaaf kemarahan fokus bubarkandpr,affan,PER,7426
6735,target selaanjutnya sahroni uyakuya nafa urbach indonesiachaos polisipembunuhrakyat bubarkandpr acabforever,sahroni,PER,7432
6735,target selaanjutnya sahroni uyakuya nafa urbach indonesiachaos polisipembunuhrakyat bubarkandpr acabforever,uyakuya nafa urbach,PER,7432
6740,mulutmu harimaumu sahroni imbas mengatai manusia bubarkandpr manusia tertolol dunia rumah ahmad sahroni dijarah,sahroni,PER,7437
6740,mulutmu harimaumu sahroni imbas mengatai manusia bubarkandpr manusia tertolol dunia rumah ahmad sahroni dijarah,ahmad sahroni,PER,7437
6741,bubarkan dpr usut tuntas pembunuh rakyat turunkan kapolri sigit indonesiachaos polisipembunuhrakyat bubarkandpr acabforever,sigit indonesiachaos,PER,7438
6743,affan kurniawan dibunuh rakyat bubarkandpr resetindonesia polisipembunuhrakyat,affan kurniawan,PER,7440
6745,breaking rumah ahmad sahroni tanjung priok digeruduk massa barangbarang dijarah video massa menghancurkan mobil lexus terparkir garasi mengambil barangbarang furniture robot ironman bubarkandpr bubarkandprsontoloyo dprbebannegara,ahmad sahroni,PER,7442
6745,breaking rumah ahmad sahroni tanjung priok digeruduk massa barangbarang dijarah video massa menghancurkan mobil lexus terparkir garasi mengambil barangbarang furniture robot ironman bubarkandpr bubarkandprsontoloyo dprbebannegara,##sontoloyo dprbebannegara,PER,7442
6746,kakak sigit mundur bubarkandpr,sigit,PER,7443
6747,breaking news innalillahi wainnailaihi rojiun gedung dpr ri rumah rakyat dibakar rakyatnya damailah negeriku gara gara uya kuya eko patrio sahroni bodoh polisipembunuhrakyat bubarkandpr,uya kuya,PER,7444
6747,breaking news innalillahi wainnailaihi rojiun gedung dpr ri rumah rakyat dibakar rakyatnya damailah negeriku gara gara uya kuya eko patrio sahroni bodoh polisipembunuhrakyat bubarkandpr,eko patrio sahroni,PER,7444
6750,menteri tanggapanya tetang demo menteri shoot oppo iku pecat malu unfaedah prabowo demo bubarkandpr,shoot oppo,PER,7447
6750,menteri tanggapanya tetang demo menteri shoot oppo iku pecat malu unfaedah prabowo demo bubarkandpr,prabowo,PER,7447
6753,beriman percaya sesuatupun dunia merusuhkan hati pramoedya ananta toer bubarkandpr stopbayarpajak,pramoedya ananta toer,PER,7451
6754,indonesiachaos polisipembunuhrakyat bubarkandpr acabforever rumah sahroni giliran rumah eko patrio uya kuya nafa urbach,sahroni,PER,7452
6754,indonesiachaos polisipembunuhrakyat bubarkandpr acabforever rumah sahroni giliran rumah eko patrio uya kuya nafa urbach,eko patrio,PER,7452
6754,indonesiachaos polisipembunuhrakyat bubarkandpr acabforever rumah sahroni giliran rumah eko patrio uya kuya nafa urbach,uya kuya nafa urbach,PER,7452
6756,sahroni singapore kaburajadulu uya kuya priok eko patrio dpr ri bubarkandpr affan polisi damailah negeriku indonesia allahiron man dprd prabowo,sahroni,PER,7455
6756,sahroni singapore kaburajadulu uya kuya priok eko patrio dpr ri bubarkandpr affan polisi damailah negeriku indonesia allahiron man dprd prabowo,eko patrio,PER,7455
6756,sahroni singapore kaburajadulu uya kuya priok eko patrio dpr ri bubarkandpr affan polisi damailah negeriku indonesia allahiron man dprd prabowo,prabowo,PER,7455
6760,colling camerad simpan tenaga dosa dosa dprd partai polisi dosa bahan bakar warga indonesia tenang bubarkandpr polisimusuhbersama srimulyono10th affankurniawan,srimulyono,PER,7459
6762,hujan uang rumah sahroni priokmenyala bubarkandpr,sahroni priok,PER,7461
6763,tunggu rumah eko nafa urbah uya kuya habisi brengsek anggota anggota dpr toskol polisipembunuhrakyat bubarkandpr,eko nafa urbah uya kuya,PER,7462
6763,tunggu rumah eko nafa urbah uya kuya habisi brengsek anggota anggota dpr toskol polisipembunuhrakyat bubarkandpr,toskol polisi,PER,7462
6764,peringatan anggota mewakili rakyatmu bubarkandpr sahroni,sahroni,PER,7463
6769,rumah sharoni anggota dpr ri sore dijarah massa bubarkandpr chaos,sharoni,PER,7468
6776,breaking news rumah ahmad sahroni tanjung priok jarah massa bubarkandpr,ahmad sahroni,PER,7475
6777,prabowo memilih melindungi dpr pejabat prabowo presiden memilih melawan rakyat indonesiagelap bubarkandpr bubarkanpolisi bubarkanpolri revolusiindonesia,prabowo,PER,7476
6777,prabowo memilih melindungi dpr pejabat prabowo presiden memilih melawan rakyat indonesiagelap bubarkandpr bubarkanpolisi bubarkanpolri revolusiindonesia,prabowo,PER,7476
6778,siasianya dunia meningkatkan orang mesti diinjak pramoedya ananta toer bubarkandpr stopbayarpajak,pramoedya ananta toer,PER,7477
6779,habis pikir anjing statement stop it anak calon dpr brati demo salah dpr penyakit pro pemerintah turunan bubarkandprri indonesiagelap,brati,PER,7478
6785,not gonna lie menyangka hidup menyaksikan sejarah terulang indonesia dibaca kelas merasai prayforojoldriver bubarkandprri prayforindonesia ripdemokrasi indonesiagelap,not gonna lie,PER,7484
6785,not gonna lie menyangka hidup menyaksikan sejarah terulang indonesia dibaca kelas merasai prayforojoldriver bubarkandprri prayforindonesia ripdemokrasi indonesiagelap,prayforojoldriver,PER,7484
6787,rumah sahroni didatangi massa dijarah adindaa puas mengakak terimakasih kakak videonya bubarkandpr 1312acab resetindonesia,sahroni,PER,7486
6788,testimoni kejadian pembakaran pembakaran kemarin pakde kerja ojol grab kemarin langsung turun lapangan bubarkandpr polisipembunuh indonesiagelap,ojol grab,PER,7487
6791,disitu astaghfirullah uwong utek ecstasy nandi polrimusuhbersama indonesiagelap dprbebannegara acab1312 acabforever polisipembunuhrakyat bubarkandprri,uwong utek ecstasy,PER,7490
6795,slot gacor bocoran member bonus rupiah rtp gacor link daftar damailah negeriku affan jaga kondusivitas indonesiagelap bubarkandpr,affan,PER,7494
6800,link bermain biologi dpr ri uya kuya jokowi brimob goblok aparat provokator chaos kontol damailah negeriku affan kurniawan ummar polisipembunuh jaga kondusivitas indonesia dprd prabowo bubarkandpr acab1312 bodoh utamakan kedamaian bacot mundur,link,PER,7499
6800,link bermain biologi dpr ri uya kuya jokowi brimob goblok aparat provokator chaos kontol damailah negeriku affan kurniawan ummar polisipembunuh jaga kondusivitas indonesia dprd prabowo bubarkandpr acab1312 bodoh utamakan kedamaian bacot mundur,uya kuya,PER,7499
6800,link bermain biologi dpr ri uya kuya jokowi brimob goblok aparat provokator chaos kontol damailah negeriku affan kurniawan ummar polisipembunuh jaga kondusivitas indonesia dprd prabowo bubarkandpr acab1312 bodoh utamakan kedamaian bacot mundur,affan kurniawan,PER,7499
6800,link bermain biologi dpr ri uya kuya jokowi brimob goblok aparat provokator chaos kontol damailah negeriku affan kurniawan ummar polisipembunuh jaga kondusivitas indonesia dprd prabowo bubarkandpr acab1312 bodoh utamakan kedamaian bacot mundur,dprd,PER,7499
6801,eps jackpot puncak dunia dpr ri uya kuya jokowi brimob goblok aparat provokator chaos kontol damailah negeriku affan kurniawan ummar polisipembunuh jaga kondusivitas indonesia dprd prabowo bubarkandpr acab1312 bodoh utamakan kedamaian,uya kuya jokowi,PER,7500
6801,eps jackpot puncak dunia dpr ri uya kuya jokowi brimob goblok aparat provokator chaos kontol damailah negeriku affan kurniawan ummar polisipembunuh jaga kondusivitas indonesia dprd prabowo bubarkandpr acab1312 bodoh utamakan kedamaian,affan kurniawan,PER,7500
6801,eps jackpot puncak dunia dpr ri uya kuya jokowi brimob goblok aparat provokator chaos kontol damailah negeriku affan kurniawan ummar polisipembunuh jaga kondusivitas indonesia dprd prabowo bubarkandpr acab1312 bodoh utamakan kedamaian,dprd prabowo,PER,7500
6802,buzzer bikin video polisi sedih gabung buzzer hastag bubarkandpr sepele dicerna polisi brengsek nanganin demo lantas pidum brengsek kabeh,pidum,PER,7501
6808,susah payah beraruh nyawa seharian penuh membakar menghancurkan kantor merayakan hebat menang tertidur makan enak dirumah menertawakan sorry i asked bubarkandpr acab1312,bubarkandpr,ORG,7507
6810,kembaran anjing israel brimob polisi tni artis influencer bisu babi bubarkandpr prabowo indonesia polisipembunuh,prabowo,PER,7509
6813,wuidih asing gaya berkomentar hendropriyono bubarkandpr indonesiagelap polrimusuhbersama polisipembunuh,wuidih,PER,7513
6813,wuidih asing gaya berkomentar hendropriyono bubarkandpr indonesiagelap polrimusuhbersama polisipembunuh,hendropriyono,PER,7513
6826,ketua dpr ri janji melulu janji janji saru periode kepemimpinan bubarkandpr,saru,PER,7526
6826,ketua dpr ri janji melulu janji janji saru periode kepemimpinan bubarkandpr,bubarkand,PER,7526
6834,pikirkan tangiskan ditanggungkan teriakan ria kesukaan hati remaja diam kuping sudi suaranya pramoedya ananta toer bubarkandpr stopbayarpajak,pramoedya ananta toer,PER,7534
6837,fpi hti dompleng demo keras usir bubarkandpr,hti dompleng,ORG,7537
6838,kebaikan situasi bubarkandpr dpr ri sarinah something or someone good kontol,sarinah,PER,7538
6843,mahasiswa unhas berkumpul rektorat unhas gowa teknik bergabung turun aksi sekitaran zipper makassar dprdewanpenindasrakyat bubarkandpr dprbubar,rektorat unhas gowa teknik,ORG,7543
6844,anjing syahroni habis mengatai bodoh pamer moge otak pejabat dpr dongo bubarkandprri,dongo,PER,7544
6850,keledai otak bubarkandprri adilijokowi bubarkanpolri manfaatnya rakyat,adilijokowi,PER,7550
6851,terpantau kantor dprd not that bothered dibakar massa nampaknya daerah kantor dprd dibakar kebijakan dpr memperkaya merugikan masyarakat indonesia presiden bubarkandpr pecat sahroni provokator polisipembunuh,sahroni,PER,7552
6853,bubarkandpr bangun kantornya,bubarkandpr,PER,7554
6856,bmkg persatuan dukun beranak meramalkan umur pemerintahan prabowo bertahan bubarkandprri reformasisekalilagi,prabowo,PER,7557
6862,unhas gowa teknik kampus utama perintis makassar teman teman unhas gowa bergabung mahasiswa unhas tamalanrea perintis aksi bubarkandpr dprbubar,unhas gowa teknik,ORG,7563
6862,unhas gowa teknik kampus utama perintis makassar teman teman unhas gowa bergabung mahasiswa unhas tamalanrea perintis aksi bubarkandpr dprbubar,unhas gowa,ORG,7563
6863,makzulkan fufufafa terlambat adili jokowi alkisah gorong gorong jilid dsb bubarkandprri rakyat diwakili bubar,fufufafa,PER,7564
6863,makzulkan fufufafa terlambat adili jokowi alkisah gorong gorong jilid dsb bubarkandprri rakyat diwakili bubar,jokowi,PER,7564
6871,orang priok cek rumah ahmad sahroni menjaga polisi bubarkandprri polisipembunuh,ahmad sahroni,PER,7572
6872,gmonad saw ecosystem explore katain bubarkandprri nyante pening kepala semangat demo semoga terdengar suaranya pakai cool horeg,gmonad,PER,7573
6878,cari rumah habiskan puan maharani sri mulyani saroni eko uya nafa dedi sitorus ngentot mendengarkan rakyat kabur negeri makan enak bangsat bubarkandprri becus antek pengecut,puan maharani,PER,7579
6878,cari rumah habiskan puan maharani sri mulyani saroni eko uya nafa dedi sitorus ngentot mendengarkan rakyat kabur negeri makan enak bangsat bubarkandprri becus antek pengecut,sri mulyani,PER,7579
6878,cari rumah habiskan puan maharani sri mulyani saroni eko uya nafa dedi sitorus ngentot mendengarkan rakyat kabur negeri makan enak bangsat bubarkandprri becus antek pengecut,saroni eko uya,PER,7579
6878,cari rumah habiskan puan maharani sri mulyani saroni eko uya nafa dedi sitorus ngentot mendengarkan rakyat kabur negeri makan enak bangsat bubarkandprri becus antek pengecut,nafa dedi sitorus,PER,7579
6880,benda nyata pastikan benda memilih stop it bahlul brimob bubarkandpr propam chaos najis tertabrak prabowo buzzer polisi dpr jakarta polda polisipembunuhrakyat jerome,prabowo,PER,7581
6884,dunia lihat betapa bobrok negara dipimpin blio bubarkandprri bubarkandpr demokrasitelahmati indonesiagelap,blio,PER,7585
6887,bubarkandpr brimob bubarkandpr propam chaos najis tertabrak prabowo buzzer polisi dpr jakarta polda polisipembunuhrakyat bantu kasih tementemen turun jalan demo biar jaga keselamatan,prabowo,PER,7588
6893,anggota dpr ri kabur presiden suruh syahroni bayar kerusakan uang rakyat korupsi genk seruan duduki rumah sahroni bubarkandprsontoloyo bubarkandprri lupa copotkapolri copotkapolrilistyosigit,syahroni,PER,7594
6893,anggota dpr ri kabur presiden suruh syahroni bayar kerusakan uang rakyat korupsi genk seruan duduki rumah sahroni bubarkandprsontoloyo bubarkandprri lupa copotkapolri copotkapolrilistyosigit,sahroni,PER,7594
6895,innalillahi buntut aksi demo thd uya kuya dsb dpr ri bubarkandprri aparat kontol menewaskan driver ojol ditabrak bikin kelabakan prabowo jumat jakarta kota kota membara semangat,prabowo,PER,7596
6910,ditabrak provokator uya kuya kontol najis intelligence prabowo wowo utamakan kedamaian affan indonesia gemini fourth future mundur dprd kendalikan hati bodoh presiden tuhan gemini exciting camera selidiki transparan jasa buzzer exha zonauang bubarkandprri,prabowo wowo,PER,7613
6921,array technology inc. sniper polisipembunuh bubarkandprri,array technology inc,ORG,7624
6924,tujuan bubarkandpr menyesal era gus,gus,PER,7627
6927,bebas kesal pantau divonis bersalah neerugas kelakuan aparat polisi anjiing bubarkandprri,pantau,PER,7630
6937,teman teman lihat updatean berita terbaru lengkap update baca beritanya dimana kompas lengkap mantengin indonesiagelap polisipembunuh resetindonesia bubarkandprri,kompas,ORG,7640
6939,uang dipakai ngehidupin aniani bubarkandpr,aniani,PER,7642
6942,tujuh anggota brimob diperiksa divisi propam polri terbuka disiarkan langsung baca selengkapnya brimob affan bubarkandpr puan surabaya trump died dprbebannegara,puan surabaya trump,PER,7645
6942,tujuh anggota brimob diperiksa divisi propam polri terbuka disiarkan langsung baca selengkapnya brimob affan bubarkandpr puan surabaya trump died dprbebannegara,dprbebannegara,PER,7645
6945,narasi sehabis narasi sehabis memilih nirempati situasi penuh duka psikopat berbahaya membunuh nyawa wajar perjuangan melawan government biadab bubarkandprri,nir,PER,7648
6948,rakyat rakyat lihat kanan kiri celah preman parjo parcok sejenisnya polisipembunuhrakyat bubarkandpr acab1312,parjo parcok,PER,7651
6959,miriss kawal bubarkandprri sumber,miriss,PER,7662
6959,miriss kawal bubarkandprri sumber,##kandprri,PER,7662
6962,anggota dpr bodoh sedunia orangnya bubarkandprri bubarkandprsontoloyo,##kandprri,PER,7665
6962,anggota dpr bodoh sedunia orangnya bubarkandprri bubarkandprsontoloyo,##kandprsontoloyo,PER,7665
6964,sosok ahmad sahroni bubarkan dpr orang bodoh sedunia bubarkandprri bodoh,ahmad sahroni,PER,7667
6969,indoslots spin berbuah cerita gede daftar affan polisipembunuh indonesia gfawakeconcertd1 gemini fourth future bubarkandpr acab1312 prabowo mundu,prabowo mundu,PER,7672
6970,tagar bubarkandpr mencerminkan kemarahan rakyat bivitri susanti menilai seruan pembubaran dpr dorongan perbaikan via,bivitri susanti,PER,7673
6971,anjay keren kakak ledek american eagle enak menonton drama makan mie bubarkandprri polrimusuhbersama polisipembunuh,anjay,PER,7674
6972,kocak habis dprbubar bubarkanpolisi bubarkandprri gantiwapres prabowogagal,##pres,PER,7676
6972,kocak habis dprbubar bubarkanpolisi bubarkandprri gantiwapres prabowogagal,prabowo,PER,7676
6976,prabowo subianto dpr ri proses hukum beras sita beras gudang pelaku oplos beras denda pelaku oplos beras thanks lipat hukum penjara seumur hidup bubarkandprri bubarkandpr dprd kejaksaan ri kpk bem user interface bem stop it,prabowo subianto,PER,7680
6982,sri mulyani pensiun kemampuan menganalisa ketajamannya keuangan luntur umur masanya lansia terkena children syndrome alzheimer bubarkandpr,sri mulyani,PER,7686
6985,menindas rakyat hancur rakyat che guevara bubarkandpr bubarkansajadpr,che guevara,PER,7689
6988,bentar muntjul surepay kang burhan burung hantu kinerja presiden meningkat pesat teman teman dpr bubarkandpr revolusi senen anies,anies,PER,7692
6993,sabar bertepi batas belajar sabar hidup hayat chaos meninggalnya affan driver ojol pelajaran berharga dpr ri berucap bersikap peluru memghentikan kemarahan bubarkandpr,affan driver,PER,7697
6997,british broadcasting corporation jtbc nayangin berita bubarkandpr scosummit2025 polisipembunuhrakyat,british broadcasting corporation jtbc nayangin,ORG,7701
7002,ngono american eagle minimal pecatlah anggotamu resident advisor guno iku kabur cool cantonese exclamation omong tok bayi in search of bubarkandprri,guno iku,PER,7707
7004,bubarkandprri polrimusuhbersama polisipembunuhrakyat bebaskan demonstran hentikan sikap represif sanksi pembunuh affan sanksi anggota dpr memicu kemarahan rakyat dpr wakil rakyat merakyat,affan,PER,7709
7005,tone deafnya kebangetan bubarkandprri indonesiagelap dprbebannegara,tone deaf,PER,7710
7007,indonesia berduka affan meninggal dilindas polisipembunuh acab1312 prabowo keluarkan dekrit bubarkandpr gara gara dpr ri goblok bacot halte senen dibakar,affan,PER,7712
7007,indonesia berduka affan meninggal dilindas polisipembunuh acab1312 prabowo keluarkan dekrit bubarkandpr gara gara dpr ri goblok bacot halte senen dibakar,prabowo,PER,7712
7016,janjikan janji seribu bahasa ucapkan pintu terbuka rakyat taruh beton pintu tertutup tikus tikus dpr berani hadapi rakyat syahroni eko patrio uya kuya narfa joget tidur bubarkandprri,syahroni eko patrio uya kuya narfa,PER,7722
7019,teman terpengaruh provokasi prinsip tujuan utama menjarah toko toko terprovokasii buzer intelligence berkeliaran memprovakasi semangat tinggal something or someone good staysafe demodpr bubarkandprri,buzer intelligence,ORG,7725
7023,tinggal something or someone good demo dpr ri aparat melindungi rakyat membunuh mengambil nyawa kakak affan bubarkandpr resetindonesia polisipembunuh polisipembunuhrakyat brimob chaos kaburajadulu dprbebannegara,affan,PER,7729
7024,influencer medsos kampanye narasi damai menerima endorse juta dibayar pajak bubarkandpr harga mati resetindonesia,medsos,ORG,7730
7027,kasih hukuman aparat ngambil nyawa kakak affan prabowo gibran tolong indonesia bubarkandpr resetindonesia polisipembunuh polisipembunuhrakyat brimob chaos kaburajadulu dprbebannegara,affan prabowo gibran,PER,7733
7028,nasib kontras bersaudara eliano dikabarkan merapat persib bandung status pinjaman tijjani gemilang premier league affan polisipembunuh indonesia gfawakeconcertd1 gemini fourth future bubarkandpr acab1312 prabowo mundur,eliano,PER,7734
7028,nasib kontras bersaudara eliano dikabarkan merapat persib bandung status pinjaman tijjani gemilang premier league affan polisipembunuh indonesia gfawakeconcertd1 gemini fourth future bubarkandpr acab1312 prabowo mundur,persib bandung,ORG,7734
7028,nasib kontras bersaudara eliano dikabarkan merapat persib bandung status pinjaman tijjani gemilang premier league affan polisipembunuh indonesia gfawakeconcertd1 gemini fourth future bubarkandpr acab1312 prabowo mundur,tijjani,PER,7734
7028,nasib kontras bersaudara eliano dikabarkan merapat persib bandung status pinjaman tijjani gemilang premier league affan polisipembunuh indonesia gfawakeconcertd1 gemini fourth future bubarkandpr acab1312 prabowo mundur,prabowo,PER,7734
7029,tinggal something or someone good demo aparat binatang ngambil nyawa kakak affan bubarkandpr resetindonesia polisipembunuh polisipembunuhrakyat brimob chaos kaburajadulu dprbebannegara,affan,PER,7735
7030,information aksi makassar keramat unhas unismuh bergerak duhur teman polisipembunuhrakyat bubarkandpr dprdewanpenindasrakyat dprbubar dpr ri,unhas unismuh,ORG,7736
7031,stop it betina sampah tebar janji surga sampah percaya stop it sahrini sampah bilang benernya bodoh sedunia affankurniawan bubarkandpr copotkapolri kapolrisampah gantungkapolri,sahrini sampah,PER,7737
7031,stop it betina sampah tebar janji surga sampah percaya stop it sahrini sampah bilang benernya bodoh sedunia affankurniawan bubarkandpr copotkapolri kapolrisampah gantungkapolri,affankurniawan,PER,7737
7033,prabowo gibran andil indonesia terjaga demokrasinya arahan aparat bunuh ojol kakak affan bubarkandpr resetindonesia polisipembunuh polisipembunuhrakyat brimob chaos kaburajadulu dprbebannegara,prabowo gibran,PER,7739
7033,prabowo gibran andil indonesia terjaga demokrasinya arahan aparat bunuh ojol kakak affan bubarkandpr resetindonesia polisipembunuh polisipembunuhrakyat brimob chaos kaburajadulu dprbebannegara,affan,PER,7739
7034,orang otak memangnya hidup goblok mendarah daging memilih maju lindes orang nyawa dibayar nyawa bubarkandpr polisipembunuhrakyat,lindes,PER,7741
7035,malapetaka negeri stop it bodoh ngacak ibuprofen pertiwi polisipembunuhrakyat polisipembunuhrakyat bubarkandprri gantungmulyono copotkapolri seretgibrankejalanan,##mulyono,PER,7742
7037,dpr ri dprd provokator biang nkri bubarkandpr bubarkandprsontoloyo dprbebannegara acab1312 prabowo subianto indonesia dilindas ojol jatinegara asean mundur bodoh bangsat bacot susi pudjiastuti yenny wahid,prabowo subianto,PER,7744
7037,dpr ri dprd provokator biang nkri bubarkandpr bubarkandprsontoloyo dprbebannegara acab1312 prabowo subianto indonesia dilindas ojol jatinegara asean mundur bodoh bangsat bacot susi pudjiastuti yenny wahid,bacot susi pudjiastuti,PER,7744
7042,benaran tunggangin anjing bubarkandpr indonesiagelap polisimusuhbersama polisimembunuh,benar,PER,7750
7046,prabowo gibran tolongin indonesia hancur semoga orang mengzholimi kakak affan karmanya dpr ri bubarkan bubarkandpr resetindonesia polisipembunuh polisipembunuhrakyat brimob chaos kaburajadulu dprbebannegara,prabowo gibran,PER,7754
7046,prabowo gibran tolongin indonesia hancur semoga orang mengzholimi kakak affan karmanya dpr ri bubarkan bubarkandpr resetindonesia polisipembunuh polisipembunuhrakyat brimob chaos kaburajadulu dprbebannegara,affan karma,PER,7754
7050,indonesia kacau demo tolong jaga orang demo kakak affan terima kasih perjuanganmu bubarkandpr resetindonesia polisipembunuh polisipembunuhrakyat brimob chaos kaburajadulu dprbebannegara,affan,PER,7758
7051,pecat dpr uya eko patrio dedi sitorus ahmad sahroni bubarkandpr ganti kapolri kerugian kekacauan ditimbulkan partai penguasa ketua pakai chaos polisipembunuhrakyat dpr ri,uya,PER,7759
7051,pecat dpr uya eko patrio dedi sitorus ahmad sahroni bubarkandpr ganti kapolri kerugian kekacauan ditimbulkan partai penguasa ketua pakai chaos polisipembunuhrakyat dpr ri,eko patrio,PER,7759
7051,pecat dpr uya eko patrio dedi sitorus ahmad sahroni bubarkandpr ganti kapolri kerugian kekacauan ditimbulkan partai penguasa ketua pakai chaos polisipembunuhrakyat dpr ri,dedi sitorus,PER,7759
7051,pecat dpr uya eko patrio dedi sitorus ahmad sahroni bubarkandpr ganti kapolri kerugian kekacauan ditimbulkan partai penguasa ketua pakai chaos polisipembunuhrakyat dpr ri,ahmad sahroni,PER,7759
7052,gibran suruh mundur jaringan advokat gibran mundur bubarkandpr acab1312 polisipembunuhrakyat,gibran,PER,7760
7052,gibran suruh mundur jaringan advokat gibran mundur bubarkandpr acab1312 polisipembunuhrakyat,gibran,PER,7760
7054,disaat pemerintah seenak jidat nurunin kategori miskin sehari 20rb naikim gaji dpr rakus 3jt sehari pure murni bodoh menantang masyarakat dprbubar dprbebannegara bubarkandpr,nurunin,PER,7762
7063,bubarkandprri sonyoloyo wakil,##kandprri sonyoloyo,PER,7771
7069,orgil thepolicekillingcivilians indonesiagelap bubarkandpr,thepolicekillingcivilians,ORG,7780
7080,percayalah seharian buruk sial pagi pagi buka kiss diawali foto sahronibahlilgemoy bubarkandpr 1312acab resetindonesia,sahronibahlilgemoy,PER,7791
7086,tidak tahu malu thepolicekillingcivilians indonesiagelap bubarkandpr,thepolicekillingcivilians,ORG,7799
7088,nangisin affan seumuran adik pokoknya setimpal bubarkandpr polisipembunuhrakyat,affan,PER,7801
7089,indonesia butuh sosok zang hey hi licik mengalahkan tikus berdasi berhati bersih berpihak rakyat dprri indonesia bubarkandpr,zang hey hi,PER,7802
7090,presiden prabowo subianto seskab teddy indra wijaya jajarannya rumah duka negara bela sungkawa mendalam meninggalnya affan demo bubarkandpr pemerintah bertanggung kehidupan orang tua kakak adik mendiang,prabowo subianto,PER,7803
7090,presiden prabowo subianto seskab teddy indra wijaya jajarannya rumah duka negara bela sungkawa mendalam meninggalnya affan demo bubarkandpr pemerintah bertanggung kehidupan orang tua kakak adik mendiang,teddy indra wijaya,PER,7803
7090,presiden prabowo subianto seskab teddy indra wijaya jajarannya rumah duka negara bela sungkawa mendalam meninggalnya affan demo bubarkandpr pemerintah bertanggung kehidupan orang tua kakak adik mendiang,affan,PER,7803
7092,anggota dpr hidup hedon menyerap aspirasi rakyat bubarkandprri,hedon,PER,7805
7104,arogansi mulyono mengelola apbn kepentingan politiknya meningkatnya utang negara korupsi apbn faktor utama kesenjangan sosial kemiskinan copotkapolrilistyosigit bubarkandprri adilijokowi,mulyono,PER,7819
7104,arogansi mulyono mengelola apbn kepentingan politiknya meningkatnya utang negara korupsi apbn faktor utama kesenjangan sosial kemiskinan copotkapolrilistyosigit bubarkandprri adilijokowi,adilijokowi,PER,7819
7105,dpr butuh pelawak pecat eko patrio uya kuya bubarkandprri,eko patrio,PER,7820
7105,dpr butuh pelawak pecat eko patrio uya kuya bubarkandprri,uya kuya,PER,7820
7110,eko patrio uya kuya sahroni mundur dpr cari aspirasi rakyat wakili bubarkandprri,eko patrio,PER,7825
7110,eko patrio uya kuya sahroni mundur dpr cari aspirasi rakyat wakili bubarkandprri,uya kuya sahroni,PER,7825
7112,flatulence flatulence anak orang dilindas gedung dprd dpr ri presiden prabowo kuya mundur ojol affan dilindas polisipembunuh polisipembunuhrakyat bubarkandpr,prabowo kuya,PER,7827
7119,senua anggota dpr dinjak dinjak bubarkandprsontoloyo bubarkandprri copotkapolri makzulkanfufufafa,##fufufafa,PER,7834
7123,kejadian chaos provinsi kabupaten kota indonesia kebijakan prabowo paralytic dpr ri bangsat bubarkandpr,prabowo,PER,7838
7125,puan berbenah dpr bubarkan bubarkandprri bubarkandpr bubarkandpr,puan,PER,7840
7126,sorry if already posted diganti gibran sesuai skenario raja jawa isu bubarkandpr tinggal ditunggangi salahkan prabowo lengserkan ganti tolong angkat penasihat politik fufufafa,gibran,PER,7841
7126,sorry if already posted diganti gibran sesuai skenario raja jawa isu bubarkandpr tinggal ditunggangi salahkan prabowo lengserkan ganti tolong angkat penasihat politik fufufafa,prabowo,PER,7841
7128,serius kali dprbubar dprd bubarkandprsontoloyo bubarkandprri,##prsontoloyo,PER,7843
7129,haruskah panggil naruto bubarkandprri bubarkandprri trendingnow,naruto,PER,7844
7132,haruskah panggil naruto bubarkandprri dprbubar trendingnews bubarkandprsontoloyo,naruto,PER,7847
7133,haruskah panggil naruto bubarkandprri dprbubar polisipembunuhrakyat trendingnews,naruto,PER,7848
7140,bubarkandpr menghasilkan solusi rakyat rakyat mengeluarkan uang gaji anggota 580an gaji anggap administrator on forum network etc 2mbulan total 116tbulan orang bodoh bodoh 17an,bubarkandpr,ORG,7856
7150,repot akun kiss dpr bubarkandpr affankurniawan,affankurniawan,PER,7866
7153,ciriin anggota dewan undangundang perampasan aset sahkan dpr dibubarkan berlaku pejabat eksekutif bubarkandpr bubarkandprsontoloyo bubarkandprri,##kandprsontoloyo,PER,7870
7157,dpr goodbye bicara tingkah laku anggota dpr menanggapi keluhan masyarakat bubarkandpr bubarkandprsontoloyo bubarkandprri,goodbye,PER,7877
7160,dpr ri bubarkandprri jokowi,jokowi,PER,7880
7161,salah partai penjahatnya bubarkandpr bubarkandprsontoloyo bubarkandprri,##kandprsontoloyo,PER,7881
7163,ahmad sahroni bubarkandpr,ahmad sahroni,PER,7883
7166,ahmad sahroni dpr partai nasdem kabur bodoh bubarkandpr,ahmad sahroni,PER,7886
7167,catat bubarkandpr bubarkandprsontoloyo bubarkandprri,bubarkandpr bubarkandprsontoloyo,PER,7887
7172,brother dicariin demonstran bilang eko patrio bubarkandpr,eko patrio,PER,7892
7173,menghadapi orang demo orang jokowi menghadapi demo kerja kelompok geng oslo peranan situasi gantikapolri bubarkandpr,jokowi,PER,7893
7174,gampang kepancing emosi waspada rangkul semoga didengar juangmu pulang kerumah selamat umur perjuangan acab bubarkandpr,acab,PER,7894
7186,idiih main kabur tolong warga indonesia singapura tolong tolong tolong jambak jenggotnya tolong resetindonesia bubarkandpr,idiih,PER,7906
7190,jadwal kepulangan eko sharoni dibandara gerudug kesana seret indoneiagelap bubarkandpr chaos polisipembunuh jogja semarang bandungtidakdiam,eko sharoni,PER,7910
7191,kuliah institut alumni andy noya usir andyjurusan kesejahteraan sosial kampus bolehin aspirasi institut jurusan kesejahteraan sosial bubarkandpr bubarkandprri,andy noya,PER,7911
7191,kuliah institut alumni andy noya usir andyjurusan kesejahteraan sosial kampus bolehin aspirasi institut jurusan kesejahteraan sosial bubarkandpr bubarkandprri,institut jurusan kesejahteraan sosial,ORG,7911
7199,berjuang dijalan tingkatkan kewaspadaan kabarnya aparat keparat diperintahkan menembaki paralytic demonstran buktinya teman orang ditembak kepala polisipembunuh acab1312 bubarkandpr,acab1312,PER,7919
7200,mari susun puzzle ahmad sahroni bubarkandpr bubarkandprsontoloyo bubarkandprri jakarta chaos makasar chaos bandung chaos copotgantikapolri copotlistyosigit copotkapolri pecatkapolri polisipembunuh aniani bangsat,ahmad sahroni,PER,7920
7200,mari susun puzzle ahmad sahroni bubarkandpr bubarkandprsontoloyo bubarkandprri jakarta chaos makasar chaos bandung chaos copotgantikapolri copotlistyosigit copotkapolri pecatkapolri polisipembunuh aniani bangsat,##sontoloyo,PER,7920
7200,mari susun puzzle ahmad sahroni bubarkandpr bubarkandprsontoloyo bubarkandprri jakarta chaos makasar chaos bandung chaos copotgantikapolri copotlistyosigit copotkapolri pecatkapolri polisipembunuh aniani bangsat,aniani bangsat,PER,7920
7202,maaf syetan maharani maafkami bubarkandpr stopbayarpajak,syetan maharani,PER,7922
7205,information teman teman posko logistik makanan pendemo berbagi rezeki makananminuman pendemo kakak kakak dimsum turun lapangan posko makanan indonesiagelap polisipembunuh bubarkandpr acab1312,dimsum,PER,7925
7213,menghilang provokasi menunggangi menjadikan mahasiswa kuda tunggangan account link bubarkandpr bubarkandprsontoloyo polisipembunuhrakyat polisimusuhbersama polisianjing,##sontoloyo,PER,7933
7214,negara tan malaka beliau menulis soviet dewan rakyat sesuai kondisi indonesia dibandingkan parlemen pikir bacaan nama bukunya parlemen soviet indonesiagelap bubarkandpr,tan malaka,PER,7934
7221,prabowo prabowo negara chaos maaf anjing anjing resetindonesia polisipembunuh bubarkandpr,prabowo prabowo,PER,7941
7222,salah account provokator rusuh menghilang tanggung account anonymous kampret paralytic mahasiswa mikir agustus ditunggangi account bubarkandpr,anonymous,PER,7942
7223,convert music affan kurniawan convert music indonesias democracy tangisan orang tua terkubur dilindas mesin durjana habis gelap barasuara chaos bubarkandpr polisipembunuh resetindonesia indonesiagelap acab acab1312,affan kurniawan,PER,7943
7224,gulir baca berita almarhum affan menangis berhenti blanked mata azab pemerintah hina rabb bubarkandpr,affan,PER,7944
7225,pengumuman laporan harta kekayaan penyelenggara negara lhkpn ahmad sahroni tenangtenang eko patrio uya kuya anggota dpr ri bubarkandpr bubarkandprsontoloyo bubarkandprri chaos polisipembunuh copotkapolri copotgantikapolri,ahmad sahroni,PER,7945
7225,pengumuman laporan harta kekayaan penyelenggara negara lhkpn ahmad sahroni tenangtenang eko patrio uya kuya anggota dpr ri bubarkandpr bubarkandprsontoloyo bubarkandprri chaos polisipembunuh copotkapolri copotgantikapolri,eko patrio,PER,7945
7225,pengumuman laporan harta kekayaan penyelenggara negara lhkpn ahmad sahroni tenangtenang eko patrio uya kuya anggota dpr ri bubarkandpr bubarkandprsontoloyo bubarkandprri chaos polisipembunuh copotkapolri copotgantikapolri,uya kuya,PER,7945
7225,pengumuman laporan harta kekayaan penyelenggara negara lhkpn ahmad sahroni tenangtenang eko patrio uya kuya anggota dpr ri bubarkandpr bubarkandprsontoloyo bubarkandprri chaos polisipembunuh copotkapolri copotgantikapolri,##sontoloyo,PER,7945
7234,update pkl wita suara adzan terdengar gedung dprd prov sulawesi selatan hangus terbakar makassar ramai urip pettarani massa stand application programming interface padam bubarkandpr dprbubar polisipembunuhrakyat polisipembunuh,urip pettarani,PER,7954
7236,orang sejarah kelam situasi terkesan lamban meredam amarah rakyat cepat copot kapolri cepat copot mulyani cepat copot bahil cepat copot pembantu suka gaduh cepatan woyy bubarkandpr chaos resetindonesia,mulyani,PER,7956
7236,orang sejarah kelam situasi terkesan lamban meredam amarah rakyat cepat copot kapolri cepat copot mulyani cepat copot bahil cepat copot pembantu suka gaduh cepatan woyy bubarkandpr chaos resetindonesia,bahil,PER,7956
7237,convert music adik affan convert music brimob oknum penabrakan utama dpr layak bertanggung enggak usah that's ok ucapan berdukalah bubarkandpr,affan,PER,7957
7241,logika anu prof bubarkandpr,prof bubarkandpr,PER,7961
7242,hastag turun teman tolong sasaran pelaku utama dimulaikan bubarkandpr,hastag,PER,7962
7247,rayain ultah gyupin tenang kehalang rezim bubarkandpr,rayain ultah gyupin,PER,7967
7249,biji mane anggota anggota copotgantikapolri pecatkapolri bubarkandpr bubarkandprsontoloyo bubarkandprri makasar chaos bandung membara jakarta menyala indonesiagelap indonesiacemas peace perjuangan social media fighter,biji mane,PER,7969
7258,tone deaf bodoh bubarkandpr indonesiagelap acab polisipembunuhrakyat brimob,tone deaf,PER,7978
7260,temanteman kakakkakak titik aksi besok tolong tinggal something or someone good pulanglah rumah selamat terima kasih perjuangannya bubarkandpr indonesiagelap resetindonesia polisipembunuhrakyat acab,bubarkandpr indonesiagelap resetindonesia polisipembunuhrakyat,ORG,7981
7261,pecat ahmad sahroni antekanteknya bubarkandpr chaos resetindonesia brimob polisipembunuh,ahmad sahroni,PER,7982
7263,marah marah benarbenar marah hatiku tinggal diam berdukacita semoga dilindungi sembulah indonesia aparatkeparat bubarkandpr indonesiagelap thepolicekillingcivilian keadilan,thepolicekillingcivilian keadilan,ORG,7985
7267,acab bubarkandpr benaran sedih jancuk orang tua ngebayangin betapa sedih sakitnya orang tua almarhum affan dilindas seenak jidatnya nyawa manusia,affan,PER,7989
7273,tuntutan forum aktivis purwokerto tergabung fampr forum aksi mahasiswa purwokerto reformasi aksi dilanjutkan pernyataan sikap tuntutan bubarkandpr brimob turun polisipembunuh,forum aktivis purwokerto,ORG,7995
7273,tuntutan forum aktivis purwokerto tergabung fampr forum aksi mahasiswa purwokerto reformasi aksi dilanjutkan pernyataan sikap tuntutan bubarkandpr brimob turun polisipembunuh,fampr forum aksi mahasiswa purwokerto,ORG,7995
7276,rakyat dilindas mobil barracuda brimob ngelindes kabur sinting mendidih darahku amplifier sesak videonya husnul khotimah kakak ojol bubarkandpr,husnul khotimah,PER,7998
7277,month pergi jakarta tengok orang demo masani komplexs parlimen republik silap tour guide bicara demo permit pemohonan sesiapa polis turun memantau shaja semoga warga indonesia mendpt keadilan bubarkandpr,shaja,PER,7999
7290,resetindonesia acab1312 bubarkandpr chaos tonedeaffinalbosh,##edeaffinalbosh,PER,8013
7293,motor ditilang bertiga cinta link koleksi bosangka jokowi cariteman bubarkandpr lapakcot bubarkandprsontoloyo roblox polisipembunuh brimob polisipembunuhrakyat,jokowi,PER,8016
7295,absolute sinema teman seperjuangan meninggal jancuk dilindas mobil brimob bisanya makan bareng acab1312 demo bubarkandpr resetindonesia,absolute,PER,8018
7296,zaman menangis hubungan tangisin negara chaos kehilangan jati bangsanyalah brimobpembunuh bubarkandpr affankurniawan,affankurniawan,PER,8019
7298,murata yushiro babe bubarkandpr,mur,PER,8021
7298,murata yushiro babe bubarkandpr,yushiro babe,PER,8021
7299,sajak widji thukul abadi tertidur indonesiagelap dprri bubarkandpr,widji thukul,PER,8022
7311,ku duga hastag bubarkandpr demo ter hilang mencari,hastag,PER,8035
7315,dalang kocak lihat new overhauled ibuprofen tercinta puan bilang rakyat indonesia mengomong pikir takut bubarkandpr makan dasar tikus,puan,PER,8039
7322,kesal anjing bermasalah polisi dpr polisi kena dampak langsung kena massa anggota dpr enak lehaleha kamar beyond economical repair air conditioning suffer bubarkandpr polisipembunuhrakyat dprtai,lehaleha,PER,8046
7323,membakar halte provokator terbawa arus amarah dpr polisi malam makan marak oknum provokator adil affan adil orang republic indonesia rakyatbanturakyat bubarkandpr polisipembunuhrakyat,affan adil,PER,8047
7338,exciting update terkini situasi dijakarta chaos bubarkandpr chaos bubarkandpr affan nasdem bandung lautan application programming interface puan sahroni resiko makassar,affan nasdem,PER,8062
7338,exciting update terkini situasi dijakarta chaos bubarkandpr chaos bubarkandpr affan nasdem bandung lautan application programming interface puan sahroni resiko makassar,puan sahroni,PER,8062
7343,sri sultan langsung turun pengawalan bubarkandpr polisipembunuhrakyat,sri sultan,PER,8067
7345,bersuara intimidasi pantaskah negara rumah resetindonesia bubarkandpr polisipembunuhrakyat polisipembunuh brimob dprbebanrakyat copotkapolri restinpeace,restinpeace,PER,8069
7347,cool horeg turun banyaknya bubarkandpr,cool horeg,PER,8071
7347,cool horeg turun banyaknya bubarkandpr,bubarkandpr,ORG,8071
7350,jujur tinggal makassar terseram gedung dprd kota makassar terbakar marah warga polisipembunuhrakyat bubarkandpr dprbubar polisipembunuh,jujur,PER,8074
7355,pray indonesia dimana pejabatnya menghalalkan diharamkan rakyatnya kelaparan kesusahan dimana jabatan jembatan menindas merampas merendahkan membungkam agama dimana aqidah bubarkandpr resetindonesia,pray indonesia,ORG,8079
7355,pray indonesia dimana pejabatnya menghalalkan diharamkan rakyatnya kelaparan kesusahan dimana jabatan jembatan menindas merampas merendahkan membungkam agama dimana aqidah bubarkandpr resetindonesia,resetindonesia,ORG,8079
7357,sumpil kesal banget namanya dpr negeri eko china sahroni singapore australia marathon italia nkri kacau balau ulah kabur berulahnya convert music hati nurani bubarkandpr,sumpil,PER,8081
7357,sumpil kesal banget namanya dpr negeri eko china sahroni singapore australia marathon italia nkri kacau balau ulah kabur berulahnya convert music hati nurani bubarkandpr,eko china,PER,8081
7357,sumpil kesal banget namanya dpr negeri eko china sahroni singapore australia marathon italia nkri kacau balau ulah kabur berulahnya convert music hati nurani bubarkandpr,sahroni singapore,PER,8081
7358,fokus tujuan dipermainkan isu rasial takut bersatu brimob bubarkandpr polribunuhrakyat hidupmahasiswa sttnf kabinetanantadisha bem polrimusuhrakyat indonesiagelap acab 1312forever 1312acab,sttnf,ORG,8082
7359,camkan puan maharani pembohong kumpulan mafia koruptorbubarkandpr,puan maharani,PER,8083
7374,sumber dpr bubarkandpr bubarkandprsontoloyo,##kandpr bubarkandprsontoloyo,PER,8098
7375,bubarkandpr sahroni tahi,sahroni tahi,PER,8099
7379,halte senen dibakar miris halte selesai renov cakep malam hangus tersisa tolong fokus tujuan utama transum teman bubarkandpr,transum,ORG,8103
7384,solo agustus malam perjuangan multi user bubarkan dpr usut ojol dilindas usut sudewo bubarkandpr ojoldilindas revolusi98,ojol,PER,8108
7384,solo agustus malam perjuangan multi user bubarkan dpr usut ojol dilindas usut sudewo bubarkandpr ojoldilindas revolusi98,sudewo,PER,8108
7384,solo agustus malam perjuangan multi user bubarkan dpr usut ojol dilindas usut sudewo bubarkandpr ojoldilindas revolusi98,ojoldilindas,PER,8108
7389,gara gara periode titipin gibran mm ok amplifier wowo jokowi dibutakan kekuasann rasakan akibatnya rakus jokowi salah presiden terbaik bubarkandpr,titipin gibran,PER,8113
7389,gara gara periode titipin gibran mm ok amplifier wowo jokowi dibutakan kekuasann rasakan akibatnya rakus jokowi salah presiden terbaik bubarkandpr,wowo jokowi,PER,8113
7389,gara gara periode titipin gibran mm ok amplifier wowo jokowi dibutakan kekuasann rasakan akibatnya rakus jokowi salah presiden terbaik bubarkandpr,jokowi,PER,8113
7390,bocil rosblok murka bubarkandpr acab1312,bocil rosblok,PER,8114
7399,isin kon mlebu berita luarnegri wo wo satrio wirang bubarkandpr polisipembunuh,satrio wirang,PER,8123
7401,joget working from home disaat geruduk rakyatbubarkandpr eko patrio deddy sitorus babi ahmad sahroni orang tertolol sedunia wajah pengecutsama pimpinan puan maharani pembohong bubarkan,eko patrio,PER,8125
7401,joget working from home disaat geruduk rakyatbubarkandpr eko patrio deddy sitorus babi ahmad sahroni orang tertolol sedunia wajah pengecutsama pimpinan puan maharani pembohong bubarkan,deddy sitorus,PER,8125
7401,joget working from home disaat geruduk rakyatbubarkandpr eko patrio deddy sitorus babi ahmad sahroni orang tertolol sedunia wajah pengecutsama pimpinan puan maharani pembohong bubarkan,babi,PER,8125
7401,joget working from home disaat geruduk rakyatbubarkandpr eko patrio deddy sitorus babi ahmad sahroni orang tertolol sedunia wajah pengecutsama pimpinan puan maharani pembohong bubarkan,ahmad sahroni,PER,8125
7401,joget working from home disaat geruduk rakyatbubarkandpr eko patrio deddy sitorus babi ahmad sahroni orang tertolol sedunia wajah pengecutsama pimpinan puan maharani pembohong bubarkan,puan maharani,PER,8125
7404,gantung koruptor kpk takut rakyat kpk sita asetnya miskin koruptor paralytic dewan binatang duduk sarang mafia koruptor takut ahmad sahroni anjing jalanan ahmad sahroni orang tertolol seduniabubarkandpr,ahmad sahroni,PER,8128
7404,gantung koruptor kpk takut rakyat kpk sita asetnya miskin koruptor paralytic dewan binatang duduk sarang mafia koruptor takut ahmad sahroni anjing jalanan ahmad sahroni orang tertolol seduniabubarkandpr,ahmad sahroni,PER,8128
7405,alumni mahasiswa prody administrasi negara enggak bisa diam akun muah indonesia sehat bubarkandpr polisipembunuh brimob brimobpembunuh affankurniawan indonesiagelap,affankurnia,PER,8129
7407,horeg bersinar main lagu disc jockey kuping anggota dpr dengar suara rakyat acab bubarkandpr,acab,PER,8131
7418,dascontol aktif jancuk dprtai bubarkandpr,dascontol,PER,8143
7420,dimana temui syahroni eko patrio uya kuya dedi sitorus barangkali teman teman pendemo bersilaturahmi anggota anggota dpr terhormat bubarkandpr polisipembunuh,syahroni,PER,8145
7420,dimana temui syahroni eko patrio uya kuya dedi sitorus barangkali teman teman pendemo bersilaturahmi anggota anggota dpr terhormat bubarkandpr polisipembunuh,eko patrio,PER,8145
7420,dimana temui syahroni eko patrio uya kuya dedi sitorus barangkali teman teman pendemo bersilaturahmi anggota anggota dpr terhormat bubarkandpr polisipembunuh,uya kuya,PER,8145
7420,dimana temui syahroni eko patrio uya kuya dedi sitorus barangkali teman teman pendemo bersilaturahmi anggota anggota dpr terhormat bubarkandpr polisipembunuh,dedi sitorus,PER,8145
7423,demo demo rusak fasilitas menambah anggarannya bangun ulang nothing to report kerja kerja pakai faslum susah gemas arogan gedung dprri banyain naikin hastag biar dunia bubarkandpr justiceforindonesia,justiceforindonesia,ORG,8148
7426,lembaga wakil rakyat dibekukan presiden abdurrahman wahid gus mengumumkan dekrit presiden bubarkandpr polisipembunuh,abdurrahman wahid,PER,8151
7430,ibuprofen berdiri ribuan massa bersuara perubahan rakyat mundur demodpr bubarkandpr saveaffankurniawan affankurniawan,##rniawan affankurniawan,PER,8155
7438,situasi polda do it yourself brimob prabowo chaos bubarkandpr affan nasdem bandung lautan application programming interface puan sahroni resiko,puan sahroni,PER,8163
7442,emosi lihat ojol bunuh brimob tolong dibubarkan puan sahroni dprd bubarkandpr resetindonesia mistinexjossgawin scosummit2025,puan sahroni,PER,8167
7442,emosi lihat ojol bunuh brimob tolong dibubarkan puan sahroni dprd bubarkandpr resetindonesia mistinexjossgawin scosummit2025,mistinexjossgawin scosummit2025,PER,8167
7444,stop it anjing eko uya kuya stop it sahroni bertanggung chaos aksi demo akibat ulah cocotnya pantat kebo bubarkandpr,eko uya kuya,PER,8169
7444,stop it anjing eko uya kuya stop it sahroni bertanggung chaos aksi demo akibat ulah cocotnya pantat kebo bubarkandpr,sahroni,PER,8169
7448,pusat bantuan hukum kriminalisasi bantuan hukum demo bubarkandpr,pusat bantuan hukum kriminalisasi bantuan hukum demo bubarkandpr,ORG,8173
7450,dpr puan dprd polri makan gaji buta bunuh ojol convert music affan semoga tempatkan disisi maha kuasa kakak bubarkandpr resetindonesia mistinexjossgawin scosummit2025,affan,PER,8175
7452,kritik ditangkis didengarkan direnungkan ditangkis diterima saran pramoedya toer bubarkandpr,pramoedya toer,PER,8177
7458,brimob prabowo chaos bubarkandpr affan nasdem bandung lautan application programming interface puan sahroni resiko,prabowo chaos,PER,8184
7458,brimob prabowo chaos bubarkandpr affan nasdem bandung lautan application programming interface puan sahroni resiko,puan sahroni,PER,8184
7467,link boep biologi kendalikan hati trade bubarkandpr affan aespasynkaexisline asupanmalam asupandewasa asupanviral,affan aespasynkaexisline,PER,8193
7472,presiden hasutan murni hati nurani rakyat mensahkan uu perampasan asset koruptor hukum mati koruptor bubarkandpr rakyat melawan,hasutan murni,PER,8199
7474,soekarno perjuangan berat menghadapi bangsa meanwhileyg maksud anak cucunya yakbubarkandpr,soekarno,PER,8201
7478,dampak flatulence blanked mata kesehatan tubuh paparan flatulence blanked mata kerap menimbulkan gejala akut langsung saluran pernapasan baca selengkapnya gejala kesehatan bubarkandpr,bubarkandpr,PER,8206
7479,showcase jogja kemarin polisipembunuh brimob bubarkandpr restinpeace affan,affan,PER,8207
7481,gocek fokus tujuan bubarkandpr,gocek,PER,8209
7481,gocek fokus tujuan bubarkandpr,bubarkandpr,ORG,8209
7482,bubarkandpr sahkan uu perampasan asset koruptor hukum mati koruptor rakyat marah bubarkandpr maaf penghianat bangsadmn ahmad sahroni deddy sitoruspuan maharani pembohong besarbubarkandpr,ahmad sahroni,PER,8210
7482,bubarkandpr sahkan uu perampasan asset koruptor hukum mati koruptor rakyat marah bubarkandpr maaf penghianat bangsadmn ahmad sahroni deddy sitoruspuan maharani pembohong besarbubarkandpr,deddy sitoruspu,PER,8210
7482,bubarkandpr sahkan uu perampasan asset koruptor hukum mati koruptor rakyat marah bubarkandpr maaf penghianat bangsadmn ahmad sahroni deddy sitoruspuan maharani pembohong besarbubarkandpr,maharani,PER,8210
7487,presiden kacung mulyono dpr biadab polisi pembunuh buzzer kontol cepat mati hidup derita dunia biar dikasih azab hidup hidup mati bubarkandpr polisipembunuh,kacung mulyono,PER,8215
7488,lewatkan matchday serie italia agustus wib lecce versus air conditioning milan teman eko patrio joget pindah bubarkandpr resetindonesia,eko patrio,PER,8216
7491,wib hukum mati polisi sengaja melindas affan kurniawan indonesiagelap dprbubar bubarkandpr,affan kurniawan,PER,8219
7492,saudara baju hitam tertolong itusampai pemerintah diam tuntutan masarakatbubarkandpr presiden gagal omon omon,omon omon,PER,8220
7498,teruntuk polisi sahroni kawanan kawanannya polisipembunuhrakyat bubarkandpr acab1312 polisipembunuh dprkontol,sahroni,PER,8226
7503,kakak erika melahirkan arhanzizi nothing to report cerai pengalihan raffi ahmad mengakui selingkuh ayu thing thing bubarkandpr,erika,PER,8231
7503,kakak erika melahirkan arhanzizi nothing to report cerai pengalihan raffi ahmad mengakui selingkuh ayu thing thing bubarkandpr,arhanzizi,PER,8231
7503,kakak erika melahirkan arhanzizi nothing to report cerai pengalihan raffi ahmad mengakui selingkuh ayu thing thing bubarkandpr,raffi ahmad,PER,8231
7503,kakak erika melahirkan arhanzizi nothing to report cerai pengalihan raffi ahmad mengakui selingkuh ayu thing thing bubarkandpr,ayu,PER,8231
7508,bubarkandpr ria icis selebgram ustadz stop it anies sibuk bikin konten foto foto kuburan ojol parah kalean bangsat,anies,PER,8236
7515,beda awalan imbuhan makna kedudukannya dilindas terlindas faktanya nahas paham semendasar convert music affankurniawan indonesiagelap2025 demodpr bubarkandprri,affankurniawan,PER,8245
7516,kali bikin alright digital kali bjirr jujur sekesal lapiaskan karya seni polisipembunuhrakyat bubarkandpr 1312acab,bjirr jujur,PER,8246
7517,masuk berita internasional polisipembunuh bubarkandpr ahmadsahroni affankurniawan indonesiagelap,ahmadsahroni affankurnia,PER,8247
7519,dpr sialan dibubarin rakyat susah cari kerja naikin tunjangan babi ahmad sahroni eko patrio uya kuya nafa urbach manusia manusia sampah bubarkandpr,ahmad sahroni eko patrio,PER,8249
7519,dpr sialan dibubarin rakyat susah cari kerja naikin tunjangan babi ahmad sahroni eko patrio uya kuya nafa urbach manusia manusia sampah bubarkandpr,uya kuya,PER,8249
7519,dpr sialan dibubarin rakyat susah cari kerja naikin tunjangan babi ahmad sahroni eko patrio uya kuya nafa urbach manusia manusia sampah bubarkandpr,nafa urbach,PER,8249
7522,anggota dpr presiden polisi pembunuh dipenggal sialan bubarkandpr polisipembunuh,sialan,PER,8252
7528,ngebayangin agustus senang ngehype lagu rose konser decade day6 war tiket eaj ketutup gara gara anggota dewan sshibal gaessaekki michinnom neomu babo indonesiagelap bubarkandpr temuirakyat ripdemokrasi,gaessaekki michinnom neomu bab,PER,8258
7531,tandain orang berduit jalur halal bikin sembunyi kabur klise pecundang bikin chaos loser kematian affan bubarkandpr,affan,PER,8261
7541,penyebab dilengserkannya gus lembaga mpr dpr dibekukan beliau dilengserkan statemen gus alasan dibalik pembekuan lembaga bubarkandpr,gus,PER,8271
7541,penyebab dilengserkannya gus lembaga mpr dpr dibekukan beliau dilengserkan statemen gus alasan dibalik pembekuan lembaga bubarkandpr,gus,PER,8271
7547,eko patrio uya kuya ahmad sahroni provokator utama demonstrasi semoga masuk jurang neraka jahanam bertaubatlah itupun percaya azza jalla bubarkandpr resetindonesia,eko patrio,PER,8277
7547,eko patrio uya kuya ahmad sahroni provokator utama demonstrasi semoga masuk jurang neraka jahanam bertaubatlah itupun percaya azza jalla bubarkandpr resetindonesia,uya kuya,PER,8277
7547,eko patrio uya kuya ahmad sahroni provokator utama demonstrasi semoga masuk jurang neraka jahanam bertaubatlah itupun percaya azza jalla bubarkandpr resetindonesia,ahmad sahroni,PER,8277
7550,mondisi makassar flyover pettarani urip makassar dprd bubarkandpr ojo,ojo,PER,8280
7553,gelap turun pulang selamat acab bubarkandpr indonesiagelap,acab,PER,8283
7557,bubarkan dpr muah anjing bubarkandpr,muah anjing,PER,8287
7564,lihat media dunia polisipembunuh bubarkandpr indonesiagelap indonesiakorbanjokowi,##banjokowi,PER,8294
7565,korupsi wamenaker aryandaru bubarkandpr affan kurniawan dikawal kesal buka medsos takut tenggelam pelan pelan,##ker aryandaru,PER,8295
7565,korupsi wamenaker aryandaru bubarkandpr affan kurniawan dikawal kesal buka medsos takut tenggelam pelan pelan,affan kurniawan,PER,8295
7570,massa aksi polda metro jaya dipukul mundur arah semanggi jumat hujan semangat memperjuangkan keadilan semangat sehat demo bubarkandpr polisipembunuh ojolberduka,ojolberdu,PER,8300
7578,update situasi polda metro malam agustus brimob prabowo chaos bubarkandpr affan nasdem polda,affan nasdem,PER,8308
7579,pindah bubarkandpr bubarkanbrimob acab polisi1312,##kandpr,ORG,8309
7582,keren kodam siliwangi rakyat semoga berkah polisipembunuhrakyat bubarkandpr uya kuya eko patrio,eko patrio,PER,8312
7583,jamin amanah unblock imei zonauang bubarkandpr,unblock,ORG,8313
7584,bubarkandpr polisipembunuhrakyatselidiki polisipembunuh prabowogagal acab1312 convert music demokrasi nkri,prabowo,PER,8314
7585,prof mahfud bilang bubarkandpr lembaga kepala demokrasi tuhan jauhkan negeri manusia manusia serakah materi duniawi mohon keadilan multi user tuhan,prof mahfud,PER,8315
7587,mom lihat affans mom crying punyaku heart affan percayalah ibumu bersedih kehilangan sosok tulang punggung tangis beliau tangis ibuprofen kehilangan anak kesayangannya polisipembunuh bubarkandpr,affans,PER,8317
7592,marah sakit hati amplifier kecewa biarkan rakyat marah amplifier menghukumstay something or someone good berjuang bangsa bubarkandpr affankurniawan,affankurniawan,PER,8322
7593,keren ibuprofen hidup perempuan melawan bubarkandpr,keren,PER,8323
7596,presiden meniru gaya model presiden bilang dibiarkan lakukan kesalahan presiden pemerintah bubarkandpr resetindonesia polisipembunuhrakyat polda kwitang chaos maaf hidup jokowi,jokowi,PER,8326
7597,convert music demokrasi indonesia samramadhan bubarkandpr polisimusuhrakyat polisiladusing stopbayarpajak,samramadhan,PER,8327
7598,tidak tahu special edition chaos lihat sepotong vidio bijak menonton vidio pendek langsung terprovokasi stop it keparat dpr jakarta chaos bubarkandpr brimob mahasiswa polisi prabowo,prabowo,PER,8328
7603,banjarmasin ojol detik lihat berita muah bubarkandpr,detik,ORG,8333
7603,banjarmasin ojol detik lihat berita muah bubarkandpr,muah bubarkandpr,PER,8333
7604,affan nyawa multi user direnggut manfaat keluargamu amal jariyah bagimu fan uang setara nyawa kecam bubarkandpr polisipembunuhrakyat polisipembunuh acab1312 stoppolicebrutality,affan,PER,8334
7605,unblock imei jamin amanah zonauang bubarkandpr,unblock,ORG,8335
7605,unblock imei jamin amanah zonauang bubarkandpr,imei,PER,8335
7609,antek asing alien bubarkandpr,alien,PER,8339
7614,langit biru molekul udara menyebarkan cahaya biru kendalikan hati affan aespasynkaexisline tenang bubarkandpr faktamenarik faktaunik,affan aespasynkaexisline,PER,8344
7616,mendesak kapolri mundur indonesiagelap adilijokowi bubarkandpr,adilijokowi bubarkandpr,PER,8346
7618,gema nama almarhum affan kurniawan gema nama superwoman sayang name bubarkandpr polisipembunuhrakyat polisipembunuh acab1312 stoppolicebrutality,affan kurniawan,PER,8348
7620,pemenang pemilu kemarin darimana percaya tentara teman jahatnya brimodpembunuh polisipembunuhrakyat hidup jokowi chaos kwitang copot polda sahroni eko patrio anies bubarkandpr resetindonesia,jokowi,PER,8350
7620,pemenang pemilu kemarin darimana percaya tentara teman jahatnya brimodpembunuh polisipembunuhrakyat hidup jokowi chaos kwitang copot polda sahroni eko patrio anies bubarkandpr resetindonesia,sahroni eko patrio anies,PER,8350
7625,alfatihah beliau ucapannya terbukti bubarkandpr,alfatihah,PER,8355
7626,omong kosong pemerintah buta tuli kondisi bangsa memikirkan perut noob in room empati indonesiagelap adilijokowi bubarkandpr,adilijokowi,PER,8357
7628,mohon maaf dpr ngewakilin rakyat bubarkandpr polrimusuhbersama acab,acab,PER,8359
7635,suasana massanyg ojolberduka mengantar affan kurniawan pemakaman jumat pagi agustus bubarkandpr,##nyg ojolberduka,PER,8366
7635,suasana massanyg ojolberduka mengantar affan kurniawan pemakaman jumat pagi agustus bubarkandpr,affan kurniawan,PER,8366
7637,bubarkandpr pecat kapolri pecatsrimulyani,##atsrimulyani,PER,8368
7640,link boep biologi kendalikan hati affan aespasynkaexisline tenang bubarkandpr asupanmalam asupandewasa asupanviral,affan aespasynkaexisline,PER,8371
7646,rakyat kedaulatan ditangan korup rakyat melawan diam ditindas bubarkandpr indonesiagelap adilijokowi,adilijokowi,PER,8377
7664,berduka keluarga almaffan semoga ketabahan pahlawan keluarga mencari nafkah pelaku adili dunia akhirat bubarkandpr polisipembunuh polisipembunuhrakyat polisimusuhbersama,almaffan,PER,8395
7666,polisipembunuh indonesiagelap bubarkandpr asmaragenz harqeel aqeelacalista terimakasih jefan lihat hang out cerita tiktok lope sakebon,asmaragenz harqeel aqeelacalista,PER,8397
7666,polisipembunuh indonesiagelap bubarkandpr asmaragenz harqeel aqeelacalista terimakasih jefan lihat hang out cerita tiktok lope sakebon,jefan,PER,8397
7669,bubarkandpr sahroni dipecat,bubarkandpr sahroni,PER,8400
7673,petisi terbuka mpr bubarkandpr 2029golputtotal dprbebannegara sorry i asked sorry i asked nyawa korban maaf,##putto,PER,8405
7683,working at home menyesal kemarin bahagia bias thailand foto mom alert artis indonesia jancuk bubarkandpr,mom alert,PER,8417
7683,working at home menyesal kemarin bahagia bias thailand foto mom alert artis indonesia jancuk bubarkandpr,jancuk,PER,8417
7685,affan affan bukti hewan nurut majikannya majikan berteriak memanggilmu telingamu tuli rakyat majikanmu bubarkandpr polisipembunuhrakyat polisipembunuh pajakbertutur2025 dprbebannegara,affan affan,PER,8419
7687,anjing menangis anjing buka kiss pemerintah bajingan polisi bajingan acab bubarkandpr,acab,PER,8421
7698,turun prabowo hidup jokowi polisipembunuhrakyat bubarkandpr resetindonesia,prabowo,PER,8432
7698,turun prabowo hidup jokowi polisipembunuhrakyat bubarkandpr resetindonesia,jokowi,PER,8432
7701,bubarkandpr chaos prabowo lengser wakil presiden hati jebakan batman politik brother hidup jokowi pemerintahan orang jokowi hati hati,prabowo,PER,8435
7701,bubarkandpr chaos prabowo lengser wakil presiden hati jebakan batman politik brother hidup jokowi pemerintahan orang jokowi hati hati,jokowi,PER,8435
7701,bubarkandpr chaos prabowo lengser wakil presiden hati jebakan batman politik brother hidup jokowi pemerintahan orang jokowi hati hati,jokowi,PER,8435
7711,baskara cari suara dicari new overhauled mbah tinggal mendengarkan bubarkandpr acab1312 demokrasitelahmati,baskara,PER,8445
7711,baskara cari suara dicari new overhauled mbah tinggal mendengarkan bubarkandpr acab1312 demokrasitelahmati,mbah,PER,8445
7712,target mainkan resetindonesia bubarkandpr,resetindonesia,ORG,8446
7715,ahmad sahroni anggota dpr partai nasdem menjabat wakil ketua komisi dinutasi anggota komisi dprri bubarkandpr,ahmad sahroni,PER,8449
7720,habis ahmad sahroni kebanyakan bacot bilang bubarkandpr bubarkandprri,ahmad sahroni,PER,8456
7722,tertabrak ditabrak convert music indonesias democracy brimob bubarkandpr,convert music indonesia,ORG,8458
7726,dikasih pemimpin cerdas milihnya suka ngegas polisipembunuh bubarkandpr prabowo,prabowo,PER,8462
7727,tandain influencer tiktoker selebgram ambil pekerjaan haram langsung serbu akunnya uang pajak dipakai nyogok menutupi brimob bubarkandpr propam chaos najis tertabrak prabowo buzzer polisi dpr jakarta polda polisipembunuhrakyat jerome,prabowo,PER,8463
7731,chaos percakapan viral omon hidup jokowi bubarkandpr,jokowi,PER,8467
7732,convert music indonesias democracy dibutakan kekuasaan berbuat ricuh ku tahan hati habis pikir prabowo terhormat berulang kali maafkan berulang lakukan bubarkandpr,prabowo,PER,8468
7737,simpan camera nyala bubarkandpr polisipembunuh jumat brimob chaos najis tertabrak prabowo,prabowo,PER,8473
7747,janji tinggalah janji hesty koessendang lagu dimainkan negara bubar prediksi prabowo kampanye semoga gelap chos terbitlah terang bubarkandpr convert music indonesias democrasy polisipembunuhrakyat resetindonesia,hesty koessendang,PER,8483
7747,janji tinggalah janji hesty koessendang lagu dimainkan negara bubar prediksi prabowo kampanye semoga gelap chos terbitlah terang bubarkandpr convert music indonesias democrasy polisipembunuhrakyat resetindonesia,prabowo,PER,8483
7749,partai artis masuk ongol ongol rusak dpr artis modelan karyaawan tahi bubarkandpr,ongol ongol,PER,8485
7749,partai artis masuk ongol ongol rusak dpr artis modelan karyaawan tahi bubarkandpr,karyaawan tahi,PER,8485
7753,jumat brimob bubarkandpr jakartasurabayasolomedan nyalakan tanda bahaya sikap lawan indonesia polisimusuhbersama brimobpembunuh srimulyono10th vivov60xlingorm boys boysplanet,srimulyono10,PER,8489
7761,salah mengajak orang bubarkandpr brimobpembunuh polisipembunuh,salah,PER,8497
7766,bubarkan seksama tempo sesingkat singkatnya dpr jakarta jumat agustus nama bangsa indonesia kedaulatan rakyat bubarkandpr bubarkanbrimob,tempo,ORG,8503
7773,hadapi dosamu bertahan mimpin sudi dipimpin fufufafa mendekatkan indonesia kiamat saran dpr bubar minimal ganti anggota dpr bermutu bubarkandpr polisipembunuh,sudi,PER,8510
7773,hadapi dosamu bertahan mimpin sudi dipimpin fufufafa mendekatkan indonesia kiamat saran dpr bubar minimal ganti anggota dpr bermutu bubarkandpr polisipembunuh,fufufafa,PER,8510
7775,situasi sore karawang agustus brimob prabowo chaos bubarkandpr affan nasdem polda,affan nasdem,PER,8512
7781,menarik vincenzo dunia nyata berkunjung gedung dpr helikopter memegang pemantik application programming interface lempar pemantik application programming interface gedung dpr habis disiram bensin bubarkandpr demoburuh,vincenzo,PER,8518
7790,ahamd sahroni nasdem bodoh bubarkandpr,ahamd sahroni nasdem,PER,8528
7791,tuntutan rakyat slogan hastag catura catur resident advisor rakyat tuntutan rakyat bubarkandpr catura,hastag catura,PER,8529
7796,mulut asbun sahroni bodoh eko patrio uya kuya nafa dedi sitorus andre rosi nyata anggaran beban negara bubarkandpr,asbun,PER,8534
7796,mulut asbun sahroni bodoh eko patrio uya kuya nafa dedi sitorus andre rosi nyata anggaran beban negara bubarkandpr,sahroni,PER,8534
7796,mulut asbun sahroni bodoh eko patrio uya kuya nafa dedi sitorus andre rosi nyata anggaran beban negara bubarkandpr,eko patrio,PER,8534
7796,mulut asbun sahroni bodoh eko patrio uya kuya nafa dedi sitorus andre rosi nyata anggaran beban negara bubarkandpr,uya kuya,PER,8534
7796,mulut asbun sahroni bodoh eko patrio uya kuya nafa dedi sitorus andre rosi nyata anggaran beban negara bubarkandpr,nafa,PER,8534
7796,mulut asbun sahroni bodoh eko patrio uya kuya nafa dedi sitorus andre rosi nyata anggaran beban negara bubarkandpr,dedi sitorus,PER,8534
7796,mulut asbun sahroni bodoh eko patrio uya kuya nafa dedi sitorus andre rosi nyata anggaran beban negara bubarkandpr,andre rosi,PER,8534
7803,penasaran buzzer gajinya jawabannya kakak jerome pollin bubarkandpr resetindonesia,jerome pollin,PER,8541
7812,kasihan sumpah terlindas bubarkandpr dprbubar polisimusuhbersama polisipembunuh viral affankurniawan affandibunuhpolisi polisimembunuhrakyat,affankurniawan affan,PER,8551
7817,bubarkandpr lord horeg turun tangan,lord horeg,PER,8556
7818,macan asia meong asia dekrit presiden bubarkan dpr sita aset koruptor perpu uu pembuktian terbalik menghentikan demo jenderal ojolmartirrevolusi ojolmelawan bubarkandpr omon omon,jenderal ojolmartir,PER,8557
7818,macan asia meong asia dekrit presiden bubarkan dpr sita aset koruptor perpu uu pembuktian terbalik menghentikan demo jenderal ojolmartirrevolusi ojolmelawan bubarkandpr omon omon,ojolmelawan,PER,8557
7818,macan asia meong asia dekrit presiden bubarkan dpr sita aset koruptor perpu uu pembuktian terbalik menghentikan demo jenderal ojolmartirrevolusi ojolmelawan bubarkandpr omon omon,omon omon,PER,8557
7821,teman update demo universitas bandung posko medik kebakar ricuh kejarkejaran mobil ambulans dihalangin rumah dinas pemprov berhasil dibakar massa bubarkandpr polisipembunuh polisipembunuhrakyat resetindonesia,universitas bandung,ORG,8560
7830,ivan terimakasih bersuara bubarkandpr,ivan terimakasih,PER,8570
7831,maju gendut wayahmu aksi merasakan perihnya flatulence blanked mata langsung arogannya paralytic brimob prabowo turun gunung ripindonesiandemocracy bubarkandpr resetindonesia indonesiagelap polisipembunuh,prabowo,PER,8571
7832,maksud tenang cynical laugh kawal polisipembunuhrakyat affan kurniawan bubarkandpr scosummit2025,affan kurniawan,PER,8572
7836,kulihat ibuprofen pertiwi berduka hati wakil rakyat penuh janji menodai suara jelata dianggap sepele dipanggil bodoh sedunia keringat negeri berdiri maaf prabowo hormati bubarkandpr polisipembunuhrakyat,prabowo,PER,8576
7839,bubarkandpr institusi bubarkan resetindonesia maksudnya dpr reset jadikan pengorbanan affan pemicu persatuan rakyat menuntut revolusi dpr revolusi dpr topic on a message board,affan,PER,8579
7840,zaman jokowi demo bubarkandpr dinisiasi buzzer jokowi biar prabowo turun gibran,jokowi,PER,8580
7840,zaman jokowi demo bubarkandpr dinisiasi buzzer jokowi biar prabowo turun gibran,jokowi,PER,8580
7840,zaman jokowi demo bubarkandpr dinisiasi buzzer jokowi biar prabowo turun gibran,prabowo,PER,8580
7840,zaman jokowi demo bubarkandpr dinisiasi buzzer jokowi biar prabowo turun gibran,gibran,PER,8580
7849,goyah mari dukung ojol perjuangkan hakhak brimob bubarkandpr polisipembunuhrakyat turun affan prabowo tertabrak kendalikan hati kompas,affan prabowo,PER,8589
7849,goyah mari dukung ojol perjuangkan hakhak brimob bubarkandpr polisipembunuhrakyat turun affan prabowo tertabrak kendalikan hati kompas,kompas,ORG,8589
7852,training today agustus something or someone good driver special kelas laksanakan pelatihan daring luring training hubungi kakak dinda tkki status training brimob bubarkandpr,dinda,PER,8592
7853,jadikan pengorbanan affan bahan bakar gencar menyuarakan kehendak rakyat lupakan demo polisi brimob dpr rakyat teralihkan polisi fokus tujuan bubarkandpr resetindonesia,affan,PER,8593
7854,ibuprofen puan benarbenar beyond economical repair bela sungkawa meninggalnya affan ojol lindas baracuda brimop polris acab1312 bubarkandpr indonesiagelap,puan,PER,8594
7854,ibuprofen puan benarbenar beyond economical repair bela sungkawa meninggalnya affan ojol lindas baracuda brimop polris acab1312 bubarkandpr indonesiagelap,affan ojol lindas baracuda,PER,8594
7856,percaya negara peduli rakyat hukum milik penguasa budi arie silfester riza chalid sulit ditindak kejaksaan pimpinanya tersandera brimob turun bubarkandpr polisimusuhbersama prabowo affan,budi arie silfester,PER,8596
7856,percaya negara peduli rakyat hukum milik penguasa budi arie silfester riza chalid sulit ditindak kejaksaan pimpinanya tersandera brimob turun bubarkandpr polisimusuhbersama prabowo affan,riza chalid,PER,8596
7856,percaya negara peduli rakyat hukum milik penguasa budi arie silfester riza chalid sulit ditindak kejaksaan pimpinanya tersandera brimob turun bubarkandpr polisimusuhbersama prabowo affan,prabowo affan,PER,8596
7859,mari fokus tujuan teman masuk kandang tikus teralihkan brimob lindas ojol mari masuk dpr pusat brimobpembunuh bubarkandpr affan polda resetindonesia,##s ojol,PER,8599
7859,mari fokus tujuan teman masuk kandang tikus teralihkan brimob lindas ojol mari masuk dpr pusat brimobpembunuh bubarkandpr affan polda resetindonesia,affan,PER,8599
7862,ketahuan stalker fan xdiz voters rumah subsidikan dpr isilop bubarkandpr polisipembunuh,stalker,PER,8602
7864,mengheningkan cipta affan nan gugur remaja haribaan bendera bela nusa bangsa resetindonesia restinpoweraffan bubarkandpr turunkanprabowo turunkangibran,affan,PER,8604
7867,astaghfirullah koin tiktok tiktoker rian arifin menyuruh anggotanya iwan amplifier weird miskun berciuman bibir bubarkandpr brimob jumat indonesiagelap,tiktok tiktoker,PER,8607
7867,astaghfirullah koin tiktok tiktoker rian arifin menyuruh anggotanya iwan amplifier weird miskun berciuman bibir bubarkandpr brimob jumat indonesiagelap,rian arifin,PER,8607
7867,astaghfirullah koin tiktok tiktoker rian arifin menyuruh anggotanya iwan amplifier weird miskun berciuman bibir bubarkandpr brimob jumat indonesiagelap,weird miskun,PER,8607
7871,other half kasih hastag bubarkandpr polisipembunuhrakyat polisipembunuh 1312acab dprbebannegara lawan,hastag,PER,8611
7875,anggota dpr fraksi nasdem ahmad sahroni resmi digeser posisi wakil ketua komisi ditempatkan komisi baca selengkapnya ahmadsahroni dpr bubarkandpr brimob polda affan polisipembunuhrakyat turun,ahmad sahroni,PER,8615
7875,anggota dpr fraksi nasdem ahmad sahroni resmi digeser posisi wakil ketua komisi ditempatkan komisi baca selengkapnya ahmadsahroni dpr bubarkandpr brimob polda affan polisipembunuhrakyat turun,ahmadsahroni,PER,8615
7882,tiktok buzzernya herann indonesiagelap bubarkandpr,tiktok buzz,PER,8622
7888,street lawyer resmi melaporkan budi arie setiadi kpk dugaan gratifikasi diterima budi arie terkait pengamanan situs judi daring hey you usut pandang bulu melempem brimob affan polda bubarkandpr turun,budi arie setiadi,PER,8628
7888,street lawyer resmi melaporkan budi arie setiadi kpk dugaan gratifikasi diterima budi arie terkait pengamanan situs judi daring hey you usut pandang bulu melempem brimob affan polda bubarkandpr turun,budi arie,PER,8628
7889,teman affan bubarkandpr brimob polda,affan,PER,8629
7899,ahmad sharoni bodoh nasdem teman dpr turun bubarkandpr bubarkanpolisi,ahmad sharoni,PER,8640
7900,convert music demokrasi bubarkandpr indonesiagelap affankurniawan,affankurniawan,PER,8642
7903,laknat berbuat buruk rakyatnya semoga kakak gojek meninggal khusnul khotimah gojek bubarkandpr,khusnul khotimah,PER,8646
7906,sdhlah sgrkn bubarkan kabinet gemuk buang menteri menteri anasir fokus hadap mulyani lutut bahlul padlijon jul iril blanked golkar personal area network pounds per square inch  nasdem dibekukan urgent gibran fufufafa wapres dimalzulkan amplifier mulyono digantung bubarkandpr,mulyani,PER,8649
7906,sdhlah sgrkn bubarkan kabinet gemuk buang menteri menteri anasir fokus hadap mulyani lutut bahlul padlijon jul iril blanked golkar personal area network pounds per square inch  nasdem dibekukan urgent gibran fufufafa wapres dimalzulkan amplifier mulyono digantung bubarkandpr,bahlul padlijon,PER,8649
7906,sdhlah sgrkn bubarkan kabinet gemuk buang menteri menteri anasir fokus hadap mulyani lutut bahlul padlijon jul iril blanked golkar personal area network pounds per square inch  nasdem dibekukan urgent gibran fufufafa wapres dimalzulkan amplifier mulyono digantung bubarkandpr,iril,PER,8649
7906,sdhlah sgrkn bubarkan kabinet gemuk buang menteri menteri anasir fokus hadap mulyani lutut bahlul padlijon jul iril blanked golkar personal area network pounds per square inch  nasdem dibekukan urgent gibran fufufafa wapres dimalzulkan amplifier mulyono digantung bubarkandpr,gibran fufufafa,PER,8649
7906,sdhlah sgrkn bubarkan kabinet gemuk buang menteri menteri anasir fokus hadap mulyani lutut bahlul padlijon jul iril blanked golkar personal area network pounds per square inch  nasdem dibekukan urgent gibran fufufafa wapres dimalzulkan amplifier mulyono digantung bubarkandpr,mulyono,PER,8649
7911,efek ucapan rakyat bodoh ahmad sahroni dicopot wakil ketua komisi dpr politisi partai nasdem ahmad sahroni resmi dicopot jabatannya wakil ketua komisi dpr ri baca selengkapnya ahmadsahroni bubarkandpr dprbebannegara,ahmad sahroni,PER,8654
7911,efek ucapan rakyat bodoh ahmad sahroni dicopot wakil ketua komisi dpr politisi partai nasdem ahmad sahroni resmi dicopot jabatannya wakil ketua komisi dpr ri baca selengkapnya ahmadsahroni bubarkandpr dprbebannegara,ahmad sahroni,PER,8654
7911,efek ucapan rakyat bodoh ahmad sahroni dicopot wakil ketua komisi dpr politisi partai nasdem ahmad sahroni resmi dicopot jabatannya wakil ketua komisi dpr ri baca selengkapnya ahmadsahroni bubarkandpr dprbebannegara,ahmadsahroni,PER,8654
7911,efek ucapan rakyat bodoh ahmad sahroni dicopot wakil ketua komisi dpr politisi partai nasdem ahmad sahroni resmi dicopot jabatannya wakil ketua komisi dpr ri baca selengkapnya ahmadsahroni bubarkandpr dprbebannegara,##bebannegara,PER,8654
7917,teman teman in real life any second now voter kicep iyaalah hidupnya bergantung derogatory term for a japanese person bubarkandpr 1312acab resetindonesia,kicep,PER,8661
7920,preet ojol bubarkandpr 1312acab polisipembunuhrakyat,preet ojol,PER,8664
7921,enak tinggal maaf amplifier kasih uang penindas amplifier pelindas hilangkan antek polri jabatan strategis negara amplifier kembalikan kamtibmas sikatgengsolo bubarkandprri selesaikanisuijazahpalsu,##isuijazahpalsu,PER,8665
7923,dukun indonesia sakti sakti ngenain anggota dpr stop it puan bubarkandpr,sakti sakti,PER,8667
7923,dukun indonesia sakti sakti ngenain anggota dpr stop it puan bubarkandpr,puan,PER,8667
7927,dpr ri sumber utama korban ojol demo bubarkandpr dprsontoloyo,##sontoloyo,PER,8671
7929,kepung dpr ri kepungdpr dpr ri bubarkandpr bubarkandprsontoloyo,##kandpr bubarkandprsontoloyo,PER,8673
7931,bubarkan genk solo bubarkan antek mulyono rakyat muah bubarkandpr,mulyono,PER,8675
7931,bubarkan genk solo bubarkan antek mulyono rakyat muah bubarkandpr,muah,PER,8675
7932,semoga keluarga mengenal pasien korban demo kantor dpr tanggal agustus tanda pengenal harry potter posisi rsal mintohardjo acabforever bubarkandpr polisipembunuhrakyat resetindonesia indonesiagelap,harry potter,PER,8676
7935,pembunuh munir tragedi talang sari dalang pelaku tni brimob polda kwitang anies gibran 1312acab bubarkandpr,munir,PER,8679
7935,pembunuh munir tragedi talang sari dalang pelaku tni brimob polda kwitang anies gibran 1312acab bubarkandpr,anies gibran,PER,8679
7946,presiden omonomon hidup ditindas mati dilindas penguasa biadab keparat ripdemokrasi bubarkandprri,omonomon,PER,8690
7948,berduka meninggalnya ojol dilindas mobil brimob lupa tuntutan paralytic dpr biarkan tidur nyenyak bubarkandpr,ojol,PER,8692
7949,butuh unblock imei hubungi kesni zonauang zonajajan bubarkandpr,imei,PER,8693
7951,rekomendasi slot gacor information rtp tergacor situs slot resmi cuan terpercaya triple black scatter link brimob 1312acab bubarkandpr tone jakarta pusat tertabrak resetindonesia parcok vcs,cuan,ORG,8695
7951,rekomendasi slot gacor information rtp tergacor situs slot resmi cuan terpercaya triple black scatter link brimob 1312acab bubarkandpr tone jakarta pusat tertabrak resetindonesia parcok vcs,resetindonesia parcok vcs,ORG,8695
7952,kemana menkopolkam bubarkandpr,bubarkandpr,PER,8696
7958,hahaha buzzerrp berkeliaran pakai gambar artificial intelligence detected personal signature brimob dpr ri dana desa parcok tone tertabrak polisipembunuhrakyat resetindonesia bubarkandpr dprbebannegara kanjuruhan kamis mundur komisi sahroni kapolri pecat kapolda kapolres jakarta pusat maaf,##bebannegara kanjuruhan,PER,8702
7972,eps perang dunia j4ckp0t brimob jakarta pusat tone bubarkandpr tertabrak mintamaaf polda resetindonesia kwitang polisipembunuhrakyat 1312acab dana desa tenang affan kurniawan pemuda muhammadiyah tentara teman percaya polisimembunuh pecat dprbebannegara,tone bubarkandpr,PER,8716
7972,eps perang dunia j4ckp0t brimob jakarta pusat tone bubarkandpr tertabrak mintamaaf polda resetindonesia kwitang polisipembunuhrakyat 1312acab dana desa tenang affan kurniawan pemuda muhammadiyah tentara teman percaya polisimembunuh pecat dprbebannegara,affan kurniawan,PER,8716
7977,ojol geruduk makobrimob sumber infipop ojol demo bubarkandpr affan indonesia warga62 beritaademo demohariini viral fixed your post,ojol,PER,8721
7977,ojol geruduk makobrimob sumber infipop ojol demo bubarkandpr affan indonesia warga62 beritaademo demohariini viral fixed your post,makobrimob,PER,8721
7977,ojol geruduk makobrimob sumber infipop ojol demo bubarkandpr affan indonesia warga62 beritaademo demohariini viral fixed your post,infipop,ORG,8721
7980,tinggal something or someone good turun memperjuangkan keadilan suarakan semangat media sosial perlawanan hadir barisan massa suarasuara bersuara turun jalan bubarkandpr aparatkeparat,suarasuara,ORG,8724
7983,dicopot komisi laugh pindah komisi laugh dagelan bubarkandpr,laugh,ORG,8727
7984,dampingi wapres gibran presiden prabowo ucapkan bela sungkawa almarhum affan gugur dilindas rantis brimob semalam tindaklanjutnya maaf bubarkandpr batalkan gaji tunjangan anggota dpr ri ganti kapolri,gibran,PER,8728
7984,dampingi wapres gibran presiden prabowo ucapkan bela sungkawa almarhum affan gugur dilindas rantis brimob semalam tindaklanjutnya maaf bubarkandpr batalkan gaji tunjangan anggota dpr ri ganti kapolri,prabowo,PER,8728
7984,dampingi wapres gibran presiden prabowo ucapkan bela sungkawa almarhum affan gugur dilindas rantis brimob semalam tindaklanjutnya maaf bubarkandpr batalkan gaji tunjangan anggota dpr ri ganti kapolri,affan,PER,8728
7988,brimob polda jakarta pusat dana desa bacot kontol gibran rest goodbye tenang affan tentara teman pemuda muhammadiyah percaya pecat copot permintaan maaf ditabrak presiden nasdem komisi prabowo anies jasa buzzer sahroni zonauang dprbangsat bubarkandpr,affan,PER,8732
7988,brimob polda jakarta pusat dana desa bacot kontol gibran rest goodbye tenang affan tentara teman pemuda muhammadiyah percaya pecat copot permintaan maaf ditabrak presiden nasdem komisi prabowo anies jasa buzzer sahroni zonauang dprbangsat bubarkandpr,prabowo,PER,8732
7988,brimob polda jakarta pusat dana desa bacot kontol gibran rest goodbye tenang affan tentara teman pemuda muhammadiyah percaya pecat copot permintaan maaf ditabrak presiden nasdem komisi prabowo anies jasa buzzer sahroni zonauang dprbangsat bubarkandpr,anies,PER,8732
7988,brimob polda jakarta pusat dana desa bacot kontol gibran rest goodbye tenang affan tentara teman pemuda muhammadiyah percaya pecat copot permintaan maaf ditabrak presiden nasdem komisi prabowo anies jasa buzzer sahroni zonauang dprbangsat bubarkandpr,sahroni,PER,8732
7992,negara cinta bikin sakit hati tinggal something or someone good bubarkandpr polisipembunuh polisipembunuhrakyat affan affankurniawan dprbebannegara 1312acab indonesiagelap ibuiniibukita ojol policebrutality keadilanuntukrakyat,affan affankurniawan,PER,8736
7992,negara cinta bikin sakit hati tinggal something or someone good bubarkandpr polisipembunuh polisipembunuhrakyat affan affankurniawan dprbebannegara 1312acab indonesiagelap ibuiniibukita ojol policebrutality keadilanuntukrakyat,ibuiniibukita,PER,8736
7997,hello anjing pemerintah mengayomi masyarakat masyarakat bukti sengaja lindas tindas ragu membunuh saudara kamidibilang anjing terima kelakuan multi user hina anjing saveindonesia bubarkandpr,lindas,PER,8741
8000,prestasimu ahmad sahroni gaji guru dosen honorer kontrak 400rb sebulan matamu kemana nuranimu kemana bubarkandpr bodoh,ahmad sahroni,PER,8744
8003,ahmad sahroni catat tanggal maret presiden soekarno membubarkan dpr hasil pemilu tanggal juli presiden gusdur mengeluarkan dekrit pembekuan mpr amplifier dpr foto orang anggap tertolol gedung dpr istana bubarkandpr,ahmad sahroni,PER,8747
8015,ulang ditindas lindas dimana letak keadilanklarifikasi sengaja maafkan nyorakin tabrak justiceforaffan ojolberduka brimobpembunuh polisipembunuh bubarkandprri,lindas,PER,8760
8017,keluarkan dekrit presiden pembubaranpembekuan tunggu rakyat muah presiden omon omon joget joget polisipembunuh bubarkandpr pecatkapolri,omon omon,PER,8763
8023,anggota dpr fraksi partai nasdem ahmad sahroni dicopot posisinya wakil ketua komisi rentetan pernyataannya viral terkait pedemo dpr polisipembunuhrakyat brimob dilindas tabrak bubarkandpr affan polisipembunuh ojol meninggal isilop grab,ahmad sahroni,PER,8771
8023,anggota dpr fraksi partai nasdem ahmad sahroni dicopot posisinya wakil ketua komisi rentetan pernyataannya viral terkait pedemo dpr polisipembunuhrakyat brimob dilindas tabrak bubarkandpr affan polisipembunuh ojol meninggal isilop grab,affan polisi,PER,8771
8023,anggota dpr fraksi partai nasdem ahmad sahroni dicopot posisinya wakil ketua komisi rentetan pernyataannya viral terkait pedemo dpr polisipembunuhrakyat brimob dilindas tabrak bubarkandpr affan polisipembunuh ojol meninggal isilop grab,ojol,PER,8771
8031,bubarkandpr bubarkandprsontoloyo bajng4n,bubarkandpr bubarkandprsontoloyo bajng,PER,8779
8038,ketua gpk ri dpr cuci tangan rakyat dibenturkan polisi bubarkandpr bubarkandprsontoloyo demo jatinegara,bubarkandpr bubarkandprsontoloyo,PER,8786
8039,bubarkandpr gantikapolri tangkapadilijokowi menuntut keadilan berdemo kakak arfan bertanggung nasib rakyat indonesia,##adilijokowi,PER,8787
8039,bubarkandpr gantikapolri tangkapadilijokowi menuntut keadilan berdemo kakak arfan bertanggung nasib rakyat indonesia,arfan,PER,8787
8040,dipecat stop it bubarkandpr,stop it bubarkandpr,ORG,8788
8045,demo keluarga dilindas mobil brimob kepala negara ansa bertanggung rakyat indonesia bubarkandpr gantikapolri,ansa,PER,8794
8052,ribuan driver ojol iringi pemakaman affan kurniawan korban rantis polisi polisipembunuhrakyat brimob dilindas tabrak bubarkandpr affan kurniawan polisipembunuh ojol meninggal isilop grab gedungdpr mundur,affan kurniawan,PER,8801
8052,ribuan driver ojol iringi pemakaman affan kurniawan korban rantis polisi polisipembunuhrakyat brimob dilindas tabrak bubarkandpr affan kurniawan polisipembunuh ojol meninggal isilop grab gedungdpr mundur,affan kurniawan,PER,8801
8055,polisipembunuhrakyat brimob dilindas tabrak bubarkandpr affan kurniawan polisipembunuh ojol meninggal isilop grab gedungdpr mundur,affan kurniawan,PER,8805
8055,polisipembunuhrakyat brimob dilindas tabrak bubarkandpr affan kurniawan polisipembunuh ojol meninggal isilop grab gedungdpr mundur,ojol,PER,8805
8058,kabar ring47 ahmad sahroni dicopot pimpinan komisi dpr bubarkandprri,ahmad sahroni,PER,8809
8058,kabar ring47 ahmad sahroni dicopot pimpinan komisi dpr bubarkandprri,bubarkandprri,PER,8809
8061,presiden prabowo akui sedih insiden ojol tewas terlindas rantis brimob pernyataannya polisipembunuhrakyat brimob dilindas tabrak bubarkandpr affan kurniawan polisipembunuh ojol meninggal isilop grab gedungdpr mundur,prabowo,PER,8812
8061,presiden prabowo akui sedih insiden ojol tewas terlindas rantis brimob pernyataannya polisipembunuhrakyat brimob dilindas tabrak bubarkandpr affan kurniawan polisipembunuh ojol meninggal isilop grab gedungdpr mundur,ojol,PER,8812
8061,presiden prabowo akui sedih insiden ojol tewas terlindas rantis brimob pernyataannya polisipembunuhrakyat brimob dilindas tabrak bubarkandpr affan kurniawan polisipembunuh ojol meninggal isilop grab gedungdpr mundur,affan kurniawan,PER,8812
8061,presiden prabowo akui sedih insiden ojol tewas terlindas rantis brimob pernyataannya polisipembunuhrakyat brimob dilindas tabrak bubarkandpr affan kurniawan polisipembunuh ojol meninggal isilop grab gedungdpr mundur,ojol,PER,8812
8064,bubarkandpr adilijokowi kasih hukum massa jokowi family biang kerusakan indonesia jokowi,adilijokowi,PER,8816
8064,bubarkandpr adilijokowi kasih hukum massa jokowi family biang kerusakan indonesia jokowi,jokowi,PER,8816
8065,usuttuntas dpr hidup tenang rakyat sengsara bubarkandpr dprkontol affankurniawan,affankurniawan,PER,8817
8067,musisi sineas kompak unggah foto hitam ungkapan duka tragedi demo jakarta polisipembunuhrakyat bubarkandpr stoppolicebrutality affankurniawan affan,##y affankurniawan affan,PER,8819
8070,lihat berita kayak begini perwakilan panggil komdigi bertanggung persebaran konten exciting stream platform mengganggu demokrasi indonesia persetan man indonesia bangst bubarkandpr,komdigi,ORG,8822
8075,didik anak anak agama moral kuat rampok rampok koruptor koruptor dprri pejabat pejabat iblis bubarkandprsontoloyo bubarkandprri bubarkandprri cek salsaers video tiktok,tiktok,PER,8827
8076,negara aneh kacau aparat mengayomi rakyat musuh rakyat miris berduka affan korban keganasan aparat rakyat polisipembunuhrakyat bubarkandprri,affan,PER,8828
8078,titip bubarkandprri bubarkanpolri,titip,PER,8830
8082,presiden obral bintang jasa ojol dilindas penguasa lawan bubarkandprri muda tunjukkan kinerja,obral bintang jasa,PER,8834
8082,presiden obral bintang jasa ojol dilindas penguasa lawan bubarkandprri muda tunjukkan kinerja,ojol,PER,8834
8083,pecat anggota pakai sistem denmark bubarkandprsontoloyo bubarkandprri cek cikarang positive vibess video tiktok,##kandprsontoloyo,PER,8835
8086,jijik amplifier muah lihat tikus tikus dpr membela affan kurniawan ojol tewas dilindas rantis brimob akar permasalahan polisipembunuhrakyat bubarkandpr gedungdprri,affan kurniawan,PER,8839
8089,ahmad sahroni fasilitas negara intimidasi usut korupsi ahmad sahroni polisipembunuhrakyat terlindas kompas bubarkandpr merinding affan,ahmad sahroni,PER,8844
8089,ahmad sahroni fasilitas negara intimidasi usut korupsi ahmad sahroni polisipembunuhrakyat terlindas kompas bubarkandpr merinding affan,ahmad sahroni,PER,8844
8089,ahmad sahroni fasilitas negara intimidasi usut korupsi ahmad sahroni polisipembunuhrakyat terlindas kompas bubarkandpr merinding affan,affan,PER,8844
8094,yushironya clingy kakak kasihan murata dikatai bubarkandpr yushiromanis,yushiro,PER,8849
8094,yushironya clingy kakak kasihan murata dikatai bubarkandpr yushiromanis,clingy,PER,8849
8094,yushironya clingy kakak kasihan murata dikatai bubarkandpr yushiromanis,murata,PER,8849
8094,yushironya clingy kakak kasihan murata dikatai bubarkandpr yushiromanis,yushiromanis,PER,8849
8098,dipalak pajak sri mulyani tololin syahroni dijogetin anggota dpr ri dilindas polisi polisipembunuh bubarkandprri,sri mulyani,PER,8854
8098,dipalak pajak sri mulyani tololin syahroni dijogetin anggota dpr ri dilindas polisi polisipembunuh bubarkandprri,tololin syahroni,PER,8854
8104,maaf mengembalikan nyawa affan polisipembunuhrakyat polisipembunuh bubarkandpr,affan,PER,8862
8115,polisi melindas dpr menindas ditunggu aksi solidaritas menuntut keadilan affan kurniawan keadilan rakyat indonesia bubarkandpr bubarkandprri pecatsrimulyani justiceforaffan,affan kurniawan,PER,8873
8115,polisi melindas dpr menindas ditunggu aksi solidaritas menuntut keadilan affan kurniawan keadilan rakyat indonesia bubarkandpr bubarkandprri pecatsrimulyani justiceforaffan,justiceforaffan,ORG,8873
8116,rakyat lahrakyat pegang kedaulatan penuhemng dpr andalkan percaya dpr sarang mafia maling uang rakyat bubarkandpr makzulkangibran adilijokowi laksanakansiparlemenjalanan,makzulkangibran adilijokowi,PER,8874
8120,polisi melindas dpr menindas bubarkandpr pecatlistiyosigit justiceforaffan pecatsrimulyani,pecatsrimulyani,PER,8878
8121,setahun negara sekacau periode kedepan persetan voters tutup mata bermodal kasihan joget joget bisanya memilih penjahat ham berat presiden bodoh adiliprabowo turunkanprabowo bubarkandpr polisipembunuh,adiliprabowo,PER,8879
8121,setahun negara sekacau periode kedepan persetan voters tutup mata bermodal kasihan joget joget bisanya memilih penjahat ham berat presiden bodoh adiliprabowo turunkanprabowo bubarkandpr polisipembunuh,turunkan,PER,8879
8121,setahun negara sekacau periode kedepan persetan voters tutup mata bermodal kasihan joget joget bisanya memilih penjahat ham berat presiden bodoh adiliprabowo turunkanprabowo bubarkandpr polisipembunuh,##prabowo,PER,8879
8122,duka caught in the act mendalam kematian ojol affan kurniawan dilindas rantis semoga keluarga ditinggalkan menerima tabah sabar semoga korban aksi represif polri now or never humanis polisipembunuhrakyat pecatkapolri bubarkandpr,ojol affan kurniawan,PER,8880
8122,duka caught in the act mendalam kematian ojol affan kurniawan dilindas rantis semoga keluarga ditinggalkan menerima tabah sabar semoga korban aksi represif polri now or never humanis polisipembunuhrakyat pecatkapolri bubarkandpr,rantis,PER,8880
8123,dalang utamanya bubarkandpr,bubarkandpr,PER,8881
8128,affan kurniawan remember name dibunuh brimob tni dilindas dprbubar bubarkandprri polisipembunuh brimobpembunuh brimobkontol polisianjing,affan kurniawan,PER,8886
8137,teman tujuan utamanya polisi aparat keamanan dpr presiden acab tujuan utama dpr presiden meninggalnya affan kurniawan malam pejabrut kagak muncul anjgg bubarkandpr polisipembunuh indonesiagelap,acab,PER,8895
8137,teman tujuan utamanya polisi aparat keamanan dpr presiden acab tujuan utama dpr presiden meninggalnya affan kurniawan malam pejabrut kagak muncul anjgg bubarkandpr polisipembunuh indonesiagelap,affan kurniawan,PER,8895
8162,berduka afan inalillahi inailaihi rojiun semoga husnul khotimah reminder fokus polisi tuman bikin pengalihan isu tolong fokus menyuarakan reform pemerintahan bubarkandprri,afan inalillahi inailaihi rojiun,PER,8921
8162,berduka afan inalillahi inailaihi rojiun semoga husnul khotimah reminder fokus polisi tuman bikin pengalihan isu tolong fokus menyuarakan reform pemerintahan bubarkandprri,husnul khotimah reminder,PER,8921
8164,bubarkandprsontoloyo bubarkandprri bubarkanpolri anjng,##kandprsontoloyo,PER,8923
8166,orang bodoh sedunia sahroni kali polisipembunuhrakyat polisimusuhbersama bubarkandprri,sahroni,PER,8925
8168,tagar parcok suasu janganterprovokasi polisipembunuh nyawa balas nyawa bubarkan dpr bubarkanpolri kaki tangan geng solo satukan komando bubarkandprri bubarkanpolri,parcok suasu,PER,8927
8169,presidon pintar omon tindakan tolakpemilu2029 bubarkandpr pecatsrimuliyani penjarakanjokowi bubarkanpartai copotkapolri,##jokowi,PER,8928
8179,muah muah sumpah pemerintah bubarkandpr polisipembunuh polisipembunuhrakyat,muah muah,PER,8939
8183,negara anjing cuih convert music arffan driver ojol dilindas brimob affankurniawan bubarkandpr,affankurniawan,PER,8943
8187,darah korban semalam tangan ibuprofen acab bubarkandpr,acab,PER,8948
8193,pigai jembut oknum keparat kaum acab ngelanggar ham melindas ojol mukulin orang demo kemana nyusu pacar polisipembunuh bubarkandpr ojol acab1312,acab,PER,8954
8197,maaf sebanding nyawa kocak minimal malu mundur jabatan bow rakyat keluarga affan tolong otak mikir sialan polisipembunuh bubarkandpr,affan,PER,8958
8208,teruntuk aparat dijadikan boneka senjata dibeli uang pakai bunh dpr polisipembunuh dprkontol bubarkandpr affankurniawan,affankurniawan,PER,8971
8218,stop it prabowo gibran hilang bubarkandpr polisipembunuh,prabowo gibran,PER,8981
8220,keadilan didapatkan korban kebrutalan aparat tragedi berdarah kamis agustus mobil isilop rantis brimob lindas ojol korban kelahiran asli sukabumi jawa barat namanya afan kurniawan polisipembunuh bubarkandpr,lindas ojol,PER,8983
8220,keadilan didapatkan korban kebrutalan aparat tragedi berdarah kamis agustus mobil isilop rantis brimob lindas ojol korban kelahiran asli sukabumi jawa barat namanya afan kurniawan polisipembunuh bubarkandpr,afan kurniawan,PER,8983
8222,polisi amplifier rakyat baku hantam anggota dpr kemarin joget joget gaji ratusan juta asyik asikan nontonin rumah ketawaketawa bergumam hati domba gampang aduadu bubarkandpr polisipembunuh ojolmelawan,ojolmelawan,PER,8985
8223,ternakan mulyono ngebacot buseet mundur idiot orang bubarkandpr,mulyono,PER,8986
8237,bubarkan dpr bubarkandpr bebanitubernamadpr,##ubernamadpr,PER,9000
8240,berduka caught in the act dead on arrival simpati korban keluarga pengorbanan siasia perjuangan dilanjutkan lawan rezimndasmu indonesiamalu indonesiacemas bubarkandprri dhewananjingtidakberguna,bubarkandprri dhewananjingtidakberguna,PER,9003
8242,top populer bubarkandpr bubarkanpolri polisipembunuh polisipembunuhrakyat polisi gedung dpr isilop acab ojol meninggal dilindas tinggal something or someone good,isilop acab ojol,PER,9005
8248,bubarkandprri tindakan konsep negara culas trias politica dikembangkan montesquieu a lot of semangat laws eksekutif legislatif yudikatif,montesquieu,PER,9011
8259,rantis lindas ojol beredar video berseragam brimob diduga tewas top populer bubarkandpr polisipembunuh mahasiswabergerak mahasiswa gedung dpr isilop acab prabowo ojol meninggal dilindas tinggal something or someone good,rantis lindas ojol,PER,9022
8259,rantis lindas ojol beredar video berseragam brimob diduga tewas top populer bubarkandpr polisipembunuh mahasiswabergerak mahasiswa gedung dpr isilop acab prabowo ojol meninggal dilindas tinggal something or someone good,acab prabowo ojol,PER,9022
8267,malam percakapan siskha misterius alias salah jurusan omong bubarkandprri,siskha misterius,PER,9030
8271,mulut sahronissi jelek bikin statemen cicitan tikus mengganggu berisik bubarkandpr indonesiagelap polrimusuhbersama polisipembunuh,sahronissi,PER,9034
8274,dpr kontol mati bubar pengecut pecundang polisi kontol mati bubar brimob mati bubar tni mati bubar bubarkandprri dprkontol polisipembunuhrakyat polisipembunuh polisianjing brimobpembunuh,kontol,PER,9037
8274,dpr kontol mati bubar pengecut pecundang polisi kontol mati bubar brimob mati bubar tni mati bubar bubarkandprri dprkontol polisipembunuhrakyat polisipembunuh polisianjing brimobpembunuh,kontol,PER,9037
8285,raffi ahmad ria ricis nikita mirzani artis artis bermutu diemdiem negara dar duh! dor kemarin kencang joget omke flatulence omke flatulence bubarkandpr polisipembunuh,raffi ahmad,PER,9048
8285,raffi ahmad ria ricis nikita mirzani artis artis bermutu diemdiem negara dar duh! dor kemarin kencang joget omke flatulence omke flatulence bubarkandpr polisipembunuh,nikita mirzani,PER,9048
8291,ududu jemmyssi jemmyssi maaf kagak terima kontan selamat karma pelaku bubarkandpr indonesiagelap polrimusuhbersama polisipembunuh,ududu jemmyssi jemmyssi,PER,9054
8302,penyebab kebrutalan aparat polisi demo keputusan dpr paralytic pejabatanggotanya menaikkan tunjangan masuk akal amplifier biadab menteri keuangan ngeruk pajak masyarakat aspek bubarkandpr pecatsrimulyani,pecatsrimulyani,PER,9065
8307,dijambret sri mulyani dikatai bodoh syahroni dilindas polisi indonesiagelap bubarkanpolri bubarkandpr,sri mulyani,PER,9070
8307,dijambret sri mulyani dikatai bodoh syahroni dilindas polisi indonesiagelap bubarkanpolri bubarkandpr,syahroni,PER,9070
8312,mengasih sahronissi mengomong busuk mulutnya mendengarkan cicilan tikus bubarkandpr indonesiagelap polrimusuhbersama polisipembunuh,sahronissi,PER,9076
8314,senyumanmu merasakan hangatnya mataharisetiap melihatmu tertawa indahnya bintang link koleksi bosangka jokowi cariteman noel bubarkandpr emyu lapakcot bubarkandprsontoloyo roblox demokrasitanpaanarki,jokowi,PER,9078
8314,senyumanmu merasakan hangatnya mataharisetiap melihatmu tertawa indahnya bintang link koleksi bosangka jokowi cariteman noel bubarkandpr emyu lapakcot bubarkandprsontoloyo roblox demokrasitanpaanarki,noel,PER,9078
8314,senyumanmu merasakan hangatnya mataharisetiap melihatmu tertawa indahnya bintang link koleksi bosangka jokowi cariteman noel bubarkandpr emyu lapakcot bubarkandprsontoloyo roblox demokrasitanpaanarki,emyu lapakcot,PER,9078
8328,biadab polisipembunuh bubarkandpr,bubarkandpr,PER,9093
8340,berduka caught in the act gugurnya driver ojol semoga amal ibadahnya diterima sisi sweat amin polrimusuhbersama brimobpembunuh bubarkandpr,sweat amin,PER,9107
8343,bisabisanya ngehype disaat paralytic pejuang keadilan bertaruh nyawa kandang tikus masyarakat sedong berdemo berhatihati jaga perjuangan siasia dprpenghianatbangsa bubarkandpr hukummatikoruptor,ngehype,PER,9110
8346,dramatis pengejaran mobil taktis brimob melindas driver ojol meninggal dunia demo bubarkandpr mahasiswa information berita,ojol,PER,9115
8348,gegayaan tahi ronkontoloron bubarkandpr,tahi ronkontoloron,PER,9117
8356,niat salah gedung sakit jiwa otaknya terhempit semenjak memakan uang haram akal niat busuk baluti sifat dermawan menipu bangsat bubarkandpr,baluti,PER,9125
8379,bahasa sekjend new years eve megawati bubarkandpr bubarkanpedihp,megawati,PER,9150
8389,sahroni orang bilang bubarkan dpr orang mentalnya tertol0l sedunia bubarkandpr kabarterkini demo fixed your post fypv,sahroni,PER,9161
8396,aksi protes meluas indonesia kenaikan tunjangan dpr amarah publik memuncak tragedi tewasnya driver ojol affan kurniawan kematiannya memicu gelombang protes berujung kerusuhan daruratmiliter aksimassa dpr,ojol affan kurniawan,PER,9170
8397,menang dimana coba onbetasia serius mari merapat klik link dpr daruratmiliter risetindonesia prabowountukrakyat salingjaga hokie,prabowo,PER,9171
8398,dipanggil prabowo istana dudung bicara peluang daruratmiliter pascademo,prabowo,PER,9172
8400,isu darurat militer memenuhi berita sosial media presiden prabowo darurat militer tersulut provokasi oknum menjadikan anarkis daruratmiliter prabowountukrakyat indonesiaberbenah,prabowo,PER,9175
8400,isu darurat militer memenuhi berita sosial media presiden prabowo darurat militer tersulut provokasi oknum menjadikan anarkis daruratmiliter prabowountukrakyat indonesiaberbenah,prabowo,PER,9175
8402,bongkar profil ferry irwandi influencer bikin rencana darurat militer berantakan dukung konten follow suka amplifier terima kasih teman god bless you ferryirwandi daruratmiliter resetindonesia aktivis,ferry irwandi,PER,9177
8402,bongkar profil ferry irwandi influencer bikin rencana darurat militer berantakan dukung konten follow suka amplifier terima kasih teman god bless you ferryirwandi daruratmiliter resetindonesia aktivis,ferryirwandi,PER,9177
8403,melawan daruratmiliter berani tejepit rakyat akibat teori konspirasi ferry hahaha,ferry,PER,9179
8404,genk solo wapres fufufafa kekuasaan menyingkirkan prabowo sirekap subianto daruratmiliter nyata,prabowo,PER,9182
8404,genk solo wapres fufufafa kekuasaan menyingkirkan prabowo sirekap subianto daruratmiliter nyata,subianto,PER,9182
8405,pawang harimau aksidemo daruratmiliter mahasiswabergerak dprbubar makzulkangibran,makzulkangibran,PER,9183
8406,demo daruratmiliter dprdewanpenindasrakyat ojolberduka ojolmartirrevolusi kwitang summareconbekasi jarah dprbebannegara dprbubar prabowomundurdaripresiden demo demokrasitanpaanarki ahmadsyahroni uyakuya dprkontol prabowogendut pdip dalang demo prabowo,summareconbekasi,PER,9184
8406,demo daruratmiliter dprdewanpenindasrakyat ojolberduka ojolmartirrevolusi kwitang summareconbekasi jarah dprbebannegara dprbubar prabowomundurdaripresiden demo demokrasitanpaanarki ahmadsyahroni uyakuya dprkontol prabowogendut pdip dalang demo prabowo,prabowomundurdar,PER,9184
8406,demo daruratmiliter dprdewanpenindasrakyat ojolberduka ojolmartirrevolusi kwitang summareconbekasi jarah dprbebannegara dprbubar prabowomundurdaripresiden demo demokrasitanpaanarki ahmadsyahroni uyakuya dprkontol prabowogendut pdip dalang demo prabowo,ahmadsyahroni,PER,9184
8406,demo daruratmiliter dprdewanpenindasrakyat ojolberduka ojolmartirrevolusi kwitang summareconbekasi jarah dprbebannegara dprbubar prabowomundurdaripresiden demo demokrasitanpaanarki ahmadsyahroni uyakuya dprkontol prabowogendut pdip dalang demo prabowo,uyakuya,PER,9184
8406,demo daruratmiliter dprdewanpenindasrakyat ojolberduka ojolmartirrevolusi kwitang summareconbekasi jarah dprbebannegara dprbubar prabowomundurdaripresiden demo demokrasitanpaanarki ahmadsyahroni uyakuya dprkontol prabowogendut pdip dalang demo prabowo,prabowo,PER,9184
8406,demo daruratmiliter dprdewanpenindasrakyat ojolberduka ojolmartirrevolusi kwitang summareconbekasi jarah dprbebannegara dprbubar prabowomundurdaripresiden demo demokrasitanpaanarki ahmadsyahroni uyakuya dprkontol prabowogendut pdip dalang demo prabowo,prabowo,PER,9184
8407,demo daruratmiliter dprdewanpenindasrakyat ojolberduka ojolmartirrevolusi kwitang summareconbekasi jarah dprbebannegara dprbubar prabowomundurdaripresiden demo demokrasitanpaanarki ahmadsyahroni uyakuya dprkontol prabowogendut pdip dalang demo,summareconbekasi,PER,9185
8407,demo daruratmiliter dprdewanpenindasrakyat ojolberduka ojolmartirrevolusi kwitang summareconbekasi jarah dprbebannegara dprbubar prabowomundurdaripresiden demo demokrasitanpaanarki ahmadsyahroni uyakuya dprkontol prabowogendut pdip dalang demo,prabowomundurdar,PER,9185
8407,demo daruratmiliter dprdewanpenindasrakyat ojolberduka ojolmartirrevolusi kwitang summareconbekasi jarah dprbebannegara dprbubar prabowomundurdaripresiden demo demokrasitanpaanarki ahmadsyahroni uyakuya dprkontol prabowogendut pdip dalang demo,ahmadsyahroni,PER,9185
8407,demo daruratmiliter dprdewanpenindasrakyat ojolberduka ojolmartirrevolusi kwitang summareconbekasi jarah dprbebannegara dprbubar prabowomundurdaripresiden demo demokrasitanpaanarki ahmadsyahroni uyakuya dprkontol prabowogendut pdip dalang demo,uyakuya,PER,9185
8407,demo daruratmiliter dprdewanpenindasrakyat ojolberduka ojolmartirrevolusi kwitang summareconbekasi jarah dprbebannegara dprbubar prabowomundurdaripresiden demo demokrasitanpaanarki ahmadsyahroni uyakuya dprkontol prabowogendut pdip dalang demo,prabowo,PER,9185
8408,persiapan acara ceremony berkutnya skep diurus mpr prabowo daruratmiliter,prabowo,PER,9186
8409,polisi pangkat mahasiswa mati ampun biadab kelakuan prabowo daruratmiliter,prabowo,PER,9187
8411,breaking news kapal tongkang sumber usaha ii terdampar tegal via artisbesuara daruratmiliter prabowo,prabowo,PER,9189
8412,penyerangan aparat unisba represifitas melanggar konstitusi daruratmiliter prabowo kampus rakyatjagarakyat,prabowo,PER,9190
8416,tinggal something or someone good semoga lindungan tuhan teman teman berjuang daruratmiliter prabowo indonesia ibupertiwi,ibupertiwi,PER,9194
8417,teman surabaya bantu dagangan temenku kirim kota ongkirnya muran kirim jabar 10rb ongkirnya daruratmiliter affankurniawan rektor,affankurniawan,PER,9196
8420,viral bekasi nama cewekviral2025 nama mengguncang jagat maya bikin penasaran seindonesia bekasi daruratmiliter mahasiswa treasure lavozagentina lacasadealofoke jossgawin jungkook,treasure lavozagentina,ORG,9200
8420,viral bekasi nama cewekviral2025 nama mengguncang jagat maya bikin penasaran seindonesia bekasi daruratmiliter mahasiswa treasure lavozagentina lacasadealofoke jossgawin jungkook,jossgawin jungkook,PER,9200
8421,hastg populer zonauang khilaf daruratmiliter pdip gibran treasure,gibran treasure,PER,9201
8424,kampus safezone daruratmiliter pernyataan presiden prabowo menjanjikan kenaikan pangkat polisi terluka akibat demo ricuh bentuk penghargaan langkah mata publik rakyat turun,prabowo,PER,9204
8426,staycation hemat kode rdaffstayasikk nikmati diskon reddoorz booking via aplikasi klaim kode promotional material berlaku desember rdaffstayasikk daruratmiliter demo arhanzize prabowo,arhanzize prabowo,PER,9206
8427,senin daruratmiliter prabowo jaketnya ojol tersirat hendropriyono kaki tangan asing mantan kepala badan intelijen nasional buy it now hendropriyono dalang kerusuhan unjuk gedung dpr,prabowo,PER,9207
8427,senin daruratmiliter prabowo jaketnya ojol tersirat hendropriyono kaki tangan asing mantan kepala badan intelijen nasional buy it now hendropriyono dalang kerusuhan unjuk gedung dpr,hendropriyono,PER,9207
8427,senin daruratmiliter prabowo jaketnya ojol tersirat hendropriyono kaki tangan asing mantan kepala badan intelijen nasional buy it now hendropriyono dalang kerusuhan unjuk gedung dpr,hendropriyono,PER,9207
8431,jenderal tandyo budi bantah keras rencana darurat militer simak klarifikasi poin utama bantahan analisis dampaknya situasi terkini ambisiusnews tandyobudi daruratmiliter beritaterkini,tandyobudi,PER,9211
8434,polisipembunuh daruratmiliter brimob semudah ferguso zaman beda warganet pintar try,ferguso,PER,9215
8434,polisipembunuh daruratmiliter brimob semudah ferguso zaman beda warganet pintar try,try,PER,9215
8435,ramai wacana darurat sipil versus darurat militer pascademo agustus pegang kendali kebebasan dibatasi dampaknya rakyat geser carousell biar paham konteksnya daruratmiliter daruratsipil indonesia ripdemocracy,carousell,PER,9216
8438,ngambil alih darurat militer tandyo daruratmiliter wakilpanglimatni senin tniad,tandyo,PER,9219
8440,bongkar jaringan provokatorgagalkan darurat militer ferry diteror ferryirwandi provokator daruratmiliter pemerintah,ferry,PER,9221
8440,bongkar jaringan provokatorgagalkan darurat militer ferry diteror ferryirwandi provokator daruratmiliter pemerintah,ferryirwandi,PER,9221
8444,result pengeluaran oregon12 tanggal september result shio kuda selamat paralytic pemenang fyp4d oregon12 daruratmiliter salingjagabekasi,shio kuda,PER,9225
8446,result pengeluaran cambodiapools tanggal september result shio ayam selamat paralytic pemenang fyp4d cambodiapools daruratmiliter salingjagabekasi,paralytic,PER,9227
8451,result pengeluaran carolina eve tanggal september result shio ular selamat paralytic pemenang fyp4d carolinaeve daruratmiliter salingjagabekasi,paralytic,PER,9232
8453,result pengeluaran kentucky eve tanggal september result shio monyet selamat paralytic pemenang fyp4d kentuckyeve daruratmiliter salingjagabekasi,fyp4d,ORG,9234
8454,fery irwandi kureng pagi maennya skillful pdip menyerukan gerakan kudatuli jilid ratusan kader amplifier simpatisan partainya vonis sekjen pdip hasto kristiyanto jumat daruratmiliter,fery irwandi kureng,PER,9235
8454,fery irwandi kureng pagi maennya skillful pdip menyerukan gerakan kudatuli jilid ratusan kader amplifier simpatisan partainya vonis sekjen pdip hasto kristiyanto jumat daruratmiliter,hasto kristiyanto,PER,9235
8457,result pengeluaran oregon09 tanggal september result shio kuda selamat paralytic pemenang fyp4d oregon09 daruratmiliter salingjagabekasi,paralytic,PER,9238
8459,garengongko menolak darurat militer berbahaya mending main situs gacor indonesia tempatnya garengongko situsgacor daruratmiliter,garengongko,PER,9240
8459,garengongko menolak darurat militer berbahaya mending main situs gacor indonesia tempatnya garengongko situsgacor daruratmiliter,garengongko,PER,9240
8460,geng pancoran panik panik bahan gorengan cair panik rakyat sadar tunggangi demo panik udha berhenti akun judolnya dialihkan isu kebakar gagal maksa daruratmiliter,geng pancoran,ORG,9241
8466,korban bertambah daruratmiliter dilaksanakan prabowo diuntungkan karakternya,prabowo,PER,9247
8469,pahami akar bertindak sah hati hati diadudomba pahami pola patternnya hey you indonesia lekas pulih membaik daruratmiliter srimulyani indonesiabisa,srimulyani,PER,9252
8470,repost sebanyaknya analisa sejalan anomali demo tanggal daruratmiliter mulyono,mulyono,PER,9253
8478,dibalik dprri daruratmiliter prabowo sahroni,prabowo sahroni,PER,9261
8480,presiden prabowo perusakan fasilitas penjarahan bentuk pelanggaran hukum daruratmiliter information tiktoklive minggu wapres,prabowo,PER,9263
8482,partai nasdem resmi copot ahmad sahroni nafa urbach keanggotaan dpr daruratmiliter information tiktoklive minggu wapres,ahmad sahroni nafa urbach,PER,9265
8483,kediaman uya kuya barang rumah tangga kucing peliharaan dijarah daruratmiliter information tiktoklive minggu wapres,uya kuya,PER,9266
8487,ferry irwandy diarak diarahkan daruratmiliter keamanan negara nomor sri mulyani uya kuya fufufafa demo information aksi damai summarecon megawati prabowo anies eko patrio darurat militer,ferry irwandy,PER,9270
8487,ferry irwandy diarak diarahkan daruratmiliter keamanan negara nomor sri mulyani uya kuya fufufafa demo information aksi damai summarecon megawati prabowo anies eko patrio darurat militer,sri mulyani uya kuya fufufa,PER,9270
8487,ferry irwandy diarak diarahkan daruratmiliter keamanan negara nomor sri mulyani uya kuya fufufafa demo information aksi damai summarecon megawati prabowo anies eko patrio darurat militer,summarecon,PER,9270
8487,ferry irwandy diarak diarahkan daruratmiliter keamanan negara nomor sri mulyani uya kuya fufufafa demo information aksi damai summarecon megawati prabowo anies eko patrio darurat militer,megawati prabowo,PER,9270
8487,ferry irwandy diarak diarahkan daruratmiliter keamanan negara nomor sri mulyani uya kuya fufufafa demo information aksi damai summarecon megawati prabowo anies eko patrio darurat militer,anies eko patrio,PER,9270
8488,ferry irwandy diarak diarahkan daruratmiliter keamanan negara nomor sri mulyani uya kuya fufufafa demo information aksi damai summarecon,ferry irwandy,PER,9271
8488,ferry irwandy diarak diarahkan daruratmiliter keamanan negara nomor sri mulyani uya kuya fufufafa demo information aksi damai summarecon,sri mulyani uya kuya fufufafa,PER,9271
8488,ferry irwandy diarak diarahkan daruratmiliter keamanan negara nomor sri mulyani uya kuya fufufafa demo information aksi damai summarecon,summarecon,ORG,9271
8490,ketua dprpuan maharaniberjanji sepeda motor mendiangaffan kurniawan puan menyebut bertujuan affan melanjutkan pekerjaannya pengemudi ojek prabowo daruratmiliter srimulyani mundur makar,##pu,PER,9273
8490,ketua dprpuan maharaniberjanji sepeda motor mendiangaffan kurniawan puan menyebut bertujuan affan melanjutkan pekerjaannya pengemudi ojek prabowo daruratmiliter srimulyani mundur makar,##affan kurniawan,PER,9273
8490,ketua dprpuan maharaniberjanji sepeda motor mendiangaffan kurniawan puan menyebut bertujuan affan melanjutkan pekerjaannya pengemudi ojek prabowo daruratmiliter srimulyani mundur makar,affan,PER,9273
8490,ketua dprpuan maharaniberjanji sepeda motor mendiangaffan kurniawan puan menyebut bertujuan affan melanjutkan pekerjaannya pengemudi ojek prabowo daruratmiliter srimulyani mundur makar,prabowo,PER,9273
8490,ketua dprpuan maharaniberjanji sepeda motor mendiangaffan kurniawan puan menyebut bertujuan affan melanjutkan pekerjaannya pengemudi ojek prabowo daruratmiliter srimulyani mundur makar,srimulyani,PER,9273
8491,novel untukmu lelaki wariskan hey you periksa daruratmiliter srimulyani bekasijaga demo dpr prabowo staysave,srimulyani,PER,9274
8491,novel untukmu lelaki wariskan hey you periksa daruratmiliter srimulyani bekasijaga demo dpr prabowo staysave,prabowo,PER,9274
8492,kejahatan jokowi pemerintahan dipimpin prabowo kondisi keuangan negara habis pasca brutalnya anggaran dipakai hasil hutang citra semu prabowo sadar ditumbalkan kekuatan licik daruratmiliter,jokowi,PER,9275
8492,kejahatan jokowi pemerintahan dipimpin prabowo kondisi keuangan negara habis pasca brutalnya anggaran dipakai hasil hutang citra semu prabowo sadar ditumbalkan kekuatan licik daruratmiliter,prabowo,PER,9275
8492,kejahatan jokowi pemerintahan dipimpin prabowo kondisi keuangan negara habis pasca brutalnya anggaran dipakai hasil hutang citra semu prabowo sadar ditumbalkan kekuatan licik daruratmiliter,prabowo,PER,9275
8493,cynical laugh buzzer buzzer kntl darurat daruratmiliter,cynical laugh buzzer buzzer kntl,PER,9276
8494,bp disahkan jual beli sesuai aturan diatas tanah sengketa blokir bpn amplifier nama penjual phantasy tour mohon kasasi 3132kpdt2025 sesuai aturan mundur daruratmiliter prabowo,bp,PER,9277
8494,bp disahkan jual beli sesuai aturan diatas tanah sengketa blokir bpn amplifier nama penjual phantasy tour mohon kasasi 3132kpdt2025 sesuai aturan mundur daruratmiliter prabowo,prabowo,PER,9277
8496,teman massa aksi turun daerah tanjung barat arah pasming information temenku rumahnya just a minute 8an suara tembakan srimulyani daruratmiliter demokrasitanpaanarki,srimulyani,PER,9280
8497,lekas pulih indonesiaku daruratmiliter salingjaga demokrattolaktunjangandpr uyakuya ahmadsahroni srimulyani indonesiagelap,uyakuya ahmadsahroni srimulyani,PER,9281
8498,orang aman mulutnya lemes mengomong menyakiti luhut srimulyani bahlil daruratmiliter demokrasi,luhut srimulyani bahlil,PER,9282
8502,mahasiswa sorry if already posted gelar aksi rakyattagihjanji dpr usung tuntutan rakyat badan eksekutif mahasiswa universitas indonesia bem user interface elemen masyarakat menggelar aksi bertajuk rakyattagihjanji gedung dprmpr jakarta pusat,badan eksekutif mahasiswa universitas indonesia bem user interface elemen masyarakat,ORG,9286
8508,mentan amran harga pangan stabil inflasi terkendali stok beras nasional juta one hundred rakyattagihjanji beras kabinetmerahputih fypviraltwitter,amran,PER,9292
8508,mentan amran harga pangan stabil inflasi terkendali stok beras nasional juta one hundred rakyattagihjanji beras kabinetmerahputih fypviraltwitter,fypviraltwitter,PER,9292
8513,longmarch grup medis rakyattagihjanji aksi mahasiswa rakyat indonesia september,grup medis rakyattagihjanji,ORG,9298
8514,grup medis rakyattagihjanji aksi mahasiswa rakyat indonesia september,grup medis rakyattagihjanji,ORG,9299
8517,barulah jaksa agung perintahkan jajarannya cari amplifier tangkap silfester tekanan mata diam lambat impoten sore sri mulyani menkeu rakyattagihjanji,sri mulyani,PER,9304
8520,perwakilan mahasiswa bem user interface berorasi gedung dpr ri membawa seruan aksi rakyattagihjanji mahasiswa menyinggung antek asing dikaitkan pendemo video jurnalis rega alcohol muhtada jessica emmanuella video editor hanifa khayla putri produser yuna,rega alcohol muhtada,PER,9307
8520,perwakilan mahasiswa bem user interface berorasi gedung dpr ri membawa seruan aksi rakyattagihjanji mahasiswa menyinggung antek asing dikaitkan pendemo video jurnalis rega alcohol muhtada jessica emmanuella video editor hanifa khayla putri produser yuna,jessica emmanuella,PER,9307
8520,perwakilan mahasiswa bem user interface berorasi gedung dpr ri membawa seruan aksi rakyattagihjanji mahasiswa menyinggung antek asing dikaitkan pendemo video jurnalis rega alcohol muhtada jessica emmanuella video editor hanifa khayla putri produser yuna,hanifa khayla putri,PER,9307
8520,perwakilan mahasiswa bem user interface berorasi gedung dpr ri membawa seruan aksi rakyattagihjanji mahasiswa menyinggung antek asing dikaitkan pendemo video jurnalis rega alcohol muhtada jessica emmanuella video editor hanifa khayla putri produser yuna,yuna,PER,9307
8521,ibuprofen kakak turun selamat sore paralytic ibuprofen bunda doomscrolling lapak sebelah cari muka anaknya turun aksi rakyattagihjanji,ibuprofen,PER,9308
8521,ibuprofen kakak turun selamat sore paralytic ibuprofen bunda doomscrolling lapak sebelah cari muka anaknya turun aksi rakyattagihjanji,ibuprofen,PER,9308
8522,perwakilan mahasiswa bem user interface berorasi gedung dpr ri membawa seruan aksi rakyattagihjanji melayangkan kritik penyelesaian tuntutan mahasiswa mengkritik tindakan kekerasan aparat korupsi pemerintah video jurnalis rega alcohol,bem user interface,ORG,9309
8522,perwakilan mahasiswa bem user interface berorasi gedung dpr ri membawa seruan aksi rakyattagihjanji melayangkan kritik penyelesaian tuntutan mahasiswa mengkritik tindakan kekerasan aparat korupsi pemerintah video jurnalis rega alcohol,rega alcohol,PER,9309
8524,bem universitas indonesia menggeruduk gedung dpr ri membawa seruan aksi rakyattagihjanji pantauan lokasi mobil komando iringiringan mahasiswa wib orasinya mahasiswa menuntut pemerintah menepati janji,universitas indonesia,ORG,9311
8525,raffi ahmad digosipkan menpora baca rakyattagihjanji menahan berani wujudkan mimpi,raffi ahmad,PER,9312
8527,nabi bersabda sesungguhnya terbaik menunaikan janji bukhari rakyattagihjanji mempora menkeu ihsg senin panas,bukhari,PER,9314
8529,negara asia afrika terinsinpirasi perjuangan kemerdekaan indonesia serukan perlawanan kolonial eropa caught in the act caught in the act terakomodasi konferensi asiaafrika bandung rakyattagihjanji sri mulyani,sri mulyani,PER,9316
8530,gelombang massa mahasiswa universitas indonesia user interface bergerak gedung dprmpr ri senayan jakarta pusat selasa aksi digelar bem user interface tajuk rakyattagihjanji dijadwalkan wib,universitas indonesia,ORG,9317
8530,gelombang massa mahasiswa universitas indonesia user interface bergerak gedung dprmpr ri senayan jakarta pusat selasa aksi digelar bem user interface tajuk rakyattagihjanji dijadwalkan wib,bem user interface,ORG,9317
8531,senayan grup medis rakyattagihjanji aksi mahasiswa rakyat indonesia september,medis rakyattagihjanji,ORG,9318
8534,badan eksekutif mahasiswa universitas indonesia gelar demo september bertajuk rakyattagihjanji gerbang gedung dprmpr ri senayan jakarta pusat just a minute wib bem user interface demo diikuti orang peserta,badan eksekutif mahasiswa universitas indonesia,ORG,9322
8535,gelombang massa mahasiswa universitas indonesia user interface bergerak depok gedung dprmpr ri senayan jakarta pusat selasa aksi digelar badan eksekutif mahasiswa universitas indonesia bem user interface tajuk rakyattagihjanji dijadwalkan,badan eksekutif mahasiswa universitas indonesia,ORG,9323
8535,gelombang massa mahasiswa universitas indonesia user interface bergerak depok gedung dprmpr ri senayan jakarta pusat selasa aksi digelar badan eksekutif mahasiswa universitas indonesia bem user interface tajuk rakyattagihjanji dijadwalkan,bem user interface,ORG,9323
8536,sehari menkeu blunder purbaya tuntutan suara rakyat rakyatbersuara rakyattagihjanji,purbaya,PER,9324
8537,selasa siang rame menteri keuangan dilantik prabowo terkait ucapannya sundul langit fokus korupsi laptop genkz tenggelam tolak ruu kejaksaan rakyattagihjanji sri mulyani luhut ferry,prabowo,PER,9325
8537,selasa siang rame menteri keuangan dilantik prabowo terkait ucapannya sundul langit fokus korupsi laptop genkz tenggelam tolak ruu kejaksaan rakyattagihjanji sri mulyani luhut ferry,sri mulyani,PER,9325
8537,selasa siang rame menteri keuangan dilantik prabowo terkait ucapannya sundul langit fokus korupsi laptop genkz tenggelam tolak ruu kejaksaan rakyattagihjanji sri mulyani luhut ferry,luhut ferry,PER,9325
8538,dilantik bikin blunder pelemahan ihsg bertepatan peristiwa pelantikannya emosi rakyat reda komentar meremehkan amplifier merendahkan rakyat menteri keuangan asbun sri mulyani luhut ferry rakyattagihjanji,asbun,PER,9326
8538,dilantik bikin blunder pelemahan ihsg bertepatan peristiwa pelantikannya emosi rakyat reda komentar meremehkan amplifier merendahkan rakyat menteri keuangan asbun sri mulyani luhut ferry rakyattagihjanji,sri mulyani,PER,9326
8538,dilantik bikin blunder pelemahan ihsg bertepatan peristiwa pelantikannya emosi rakyat reda komentar meremehkan amplifier merendahkan rakyat menteri keuangan asbun sri mulyani luhut ferry rakyattagihjanji,luhut ferry rakyattagihjanji,PER,9326
8543,awas meutya hafid bertingkah rakyattagihjanji puncak campaign double date ecommerce jalan means exciting feature telegrahic transfer dsb block matiin rezeki rakyat,awas,PER,9332
8543,awas meutya hafid bertingkah rakyattagihjanji puncak campaign double date ecommerce jalan means exciting feature telegrahic transfer dsb block matiin rezeki rakyat,meutya hafid,PER,9332
8558,array technology inc. array technology inc. teman teman berangkatpulang kerja sekolah kuliah rakyattagihjanji terprovokasi jaga teman teman,array technology inc,ORG,9349
8558,array technology inc. array technology inc. teman teman berangkatpulang kerja sekolah kuliah rakyattagihjanji terprovokasi jaga teman teman,array technology inc,ORG,9349
8561,video surabaya lautan application programming interface eri cahyadi turun bersihbersih demoojol demo ericahyadi pemkotsurabaya,eri cahyadi,PER,9355
8561,video surabaya lautan application programming interface eri cahyadi turun bersihbersih demoojol demo ericahyadi pemkotsurabaya,ericahyadi,PER,9355
8562,gedung grahadi sasaran pembakaran massa pendemo gus hans demoojol demo grahadi khofifah pemprovjatim gushans,gus hans,PER,9356
8562,gedung grahadi sasaran pembakaran massa pendemo gus hans demoojol demo grahadi khofifah pemprovjatim gushans,khofifah,PER,9356
8562,gedung grahadi sasaran pembakaran massa pendemo gus hans demoojol demo grahadi khofifah pemprovjatim gushans,gushans,PER,9356
8564,video gedung negara grahadi dibakar isinya dijarah habishabisan demo demoojol grahadi khofifah,khofifah,PER,9358
8566,demo brutal surabaya gedung grahadi dibakar polsek tegalsari dihanguskan demoojol khofifah,khofifah,PER,9360
8567,khofifah anarkis massa demo bakar gedung grahadi demoojol ojol khofifah pemprovjatim,khofifah,PER,9361
8569,video just a minute surabaya porakporanda pendemopolisi bentrok siang malam demoojol ojol,##ol ojol,PER,9363
8572,fajar sadboy demo ojol disambut hangat ribuan driver ojek daring diarak back at keyboard ogohogoh bali menangis fajarsadboy demoojol jakarta,fajar sadboy,PER,9366
8572,fajar sadboy demo ojol disambut hangat ribuan driver ojek daring diarak back at keyboard ogohogoh bali menangis fajarsadboy demoojol jakarta,fajarsadboy,PER,9366
8579,ratusan ojol yogyakartatuntut pengemudi mobil rantis brimob dihukum setimpal demoojol rantisbrimob affankurniawan,affankurniawan,PER,9373
8582,demo driver ojol mako brimob solo rusuh massa lempar batu botol demoojol demoojolsolo demobrimosolo affankurniawan ojoltewasdilindas,##solo affankurniawan ojoltewasdilindas,PER,9376
8584,adil affan driver ojol dilindas polisi hukuman setimpal pelaku penuh video channel youtube demul justiceforaffan justiceforaffankurniawan demoojol aksiojol unjukrasa demodpr kericuhandpr ojolterlindas,adil,PER,9378
8584,adil affan driver ojol dilindas polisi hukuman setimpal pelaku penuh video channel youtube demul justiceforaffan justiceforaffankurniawan demoojol aksiojol unjukrasa demodpr kericuhandpr ojolterlindas,affan driver,PER,9378
8584,adil affan driver ojol dilindas polisi hukuman setimpal pelaku penuh video channel youtube demul justiceforaffan justiceforaffankurniawan demoojol aksiojol unjukrasa demodpr kericuhandpr ojolterlindas,ojolterlindas,PER,9378
8591,prabs lutut steal endonesah cerah gelap ndasmu cantonese exclamation stop it purbaya bilang kedepan endonesah cerah menkeu indonesiagelap,purbaya,PER,9385
8601,tesso nilo mengkhawatirkan pendapat nusron topik berbeda deddy sitorus kepastian hukum kepastian hugs and kisses kepemilikan tanah indonesiagelap,tesso nilo,PER,9396
8601,tesso nilo mengkhawatirkan pendapat nusron topik berbeda deddy sitorus kepastian hukum kepastian hugs and kisses kepemilikan tanah indonesiagelap,nusron,PER,9396
8601,tesso nilo mengkhawatirkan pendapat nusron topik berbeda deddy sitorus kepastian hukum kepastian hugs and kisses kepemilikan tanah indonesiagelap,deddy sitorus,PER,9396
8602,tesso nilo mengkhawatirkan pendapat nusron topik berbeda deddy sitorus diperjelas hukum kepastian hugs and kisses kepemilikan tanah indonesiagelap,tesso nilo,PER,9397
8602,tesso nilo mengkhawatirkan pendapat nusron topik berbeda deddy sitorus diperjelas hukum kepastian hugs and kisses kepemilikan tanah indonesiagelap,nusron,PER,9397
8602,tesso nilo mengkhawatirkan pendapat nusron topik berbeda deddy sitorus diperjelas hukum kepastian hugs and kisses kepemilikan tanah indonesiagelap,deddy sitorus,PER,9397
8612,sjafrie rangkap jabatan sorry if already posted sorry if already posted indonesiagelap sabar memberlakukan darurat militer demo,sjafrie,PER,9409
8613,selamat happy birthday wish you all the best kakak fanny semoga diangkat menteri penerangan alias bersinar terang indonesiagelap,fanny,PER,9410
8614,indonesiagelap demo emyu mandul greatest of all time onana pindah turki menteri terbaik dunia diganti dollar eiatlas nabrak bumi,emyu mandul,PER,9411
8618,hahahaha selamat mengganti ibuprofen sri mulyani resmi masuk indonesiagelap semoga sweat melindungi amin,sri mulyani,PER,9415
8618,hahahaha selamat mengganti ibuprofen sri mulyani resmi masuk indonesiagelap semoga sweat melindungi amin,amin,PER,9415
8619,sri mulyani kena reshuffle baca resign convert music kurs ihsg indonesiagelap,sri mulyani,PER,9416
8620,keren smu gonzaga terbangun kesadaran siswa siswinya melek hey you indonesiagelap indonesiacemas tolakuutni supremasisipil maribangunkesadaran tolakokupasitanahrakyat september2025,maribangun,PER,9417
8621,setuju melek hey you indonesiagelap indonesiacemas tolakuutni supremasisipil maribangunkesadaran tolakokupasitanahrakyat september2025,maribangun,PER,9418
8623,melek hey you indonesiagelap indonesiacemas tolakuutni supremasisipil maribangunkesadaran tolakokupasitanahrakyat september2025,maribangun,PER,9420
8635,list funded usaidnedsoros participated indonesia protests non-governmental organization alcohol jakarta kontras in connection with walhi supported indonesiagelap dsb,walhi,ORG,9432
8636,kpk demo dpr an idea that spreads like a virus by word of mouth email blogs etc coin rakyat muah janji kosong jalanan demo langsung blockchain indonesiagelap polisipembunuhrakyat kaburajadulu kpk demodpr pumpfun memecoin solana,pumpfun memecoin solana,PER,9433
8641,donation update senin september berhasil menyalurkan bantuan medis nacl 500ml oxycan sarung tangan latex kassa markas ksr unpas bandung wargabantuwarga wargajagawarga indonesiagelap resetindonesia,resetindonesia,ORG,9440
8642,kasir administrator on forum network etc s1 pejabat amplifier aparat administrator on forum network etc buzzerp administrator on forum network etc harga hasbara administrator on forum network etc hati nurani indonesiagelap,hati nurani indonesia,ORG,9441
8644,kutukan jerome polin kuat powernya gabung kelompok indonesiagelap langsung badut pink bikin tawa seindonesia bertengkar hebat serang ulah jerome polin counter-strike terbukti,jerome polin,PER,9443
8644,kutukan jerome polin kuat powernya gabung kelompok indonesiagelap langsung badut pink bikin tawa seindonesia bertengkar hebat serang ulah jerome polin counter-strike terbukti,jerome polin,PER,9443
8645,kelas teng teng auto keciprit prof yusril menteri dongbiar masyarakat awam tercerahkan menangkap orang niat jahat credit card indonesiagelap,prof yusril menteri,PER,9444
8650,indonesiagelap populer seniman ciptakan cahaya no further text amplifier defi belajar langsung berinvestasi coba,defi,PER,9449
8653,indonesiagelap zaman reformasi a lot of menggambarkan simpang siur kelit kelindan kekuatan oposisi berperan tergulingnya soeharto berkuasa poin menarik peran political islam kemiripan situasi,soeharto,PER,9452
8656,yandri bahlil airlangga noel budiarie meutya hafidz widiyanti putri nasaruddin umar rajajuli fadli zon yusril maruarar zulhas natalius pigai ketua daftar pembantu pembantu presiden problematik kabinetproblematik indonesiagelap rakyatbergerak,yandri bahlil,PER,9455
8656,yandri bahlil airlangga noel budiarie meutya hafidz widiyanti putri nasaruddin umar rajajuli fadli zon yusril maruarar zulhas natalius pigai ketua daftar pembantu pembantu presiden problematik kabinetproblematik indonesiagelap rakyatbergerak,airlangga noel budiarie,PER,9455
8656,yandri bahlil airlangga noel budiarie meutya hafidz widiyanti putri nasaruddin umar rajajuli fadli zon yusril maruarar zulhas natalius pigai ketua daftar pembantu pembantu presiden problematik kabinetproblematik indonesiagelap rakyatbergerak,meutya hafidz widiyanti,PER,9455
8656,yandri bahlil airlangga noel budiarie meutya hafidz widiyanti putri nasaruddin umar rajajuli fadli zon yusril maruarar zulhas natalius pigai ketua daftar pembantu pembantu presiden problematik kabinetproblematik indonesiagelap rakyatbergerak,nasaruddin umar rajajuli fadli zon,PER,9455
8656,yandri bahlil airlangga noel budiarie meutya hafidz widiyanti putri nasaruddin umar rajajuli fadli zon yusril maruarar zulhas natalius pigai ketua daftar pembantu pembantu presiden problematik kabinetproblematik indonesiagelap rakyatbergerak,yusril maruarar zulhas natalius pigai,PER,9455
8668,mesiah kabur afumi menyusul gurunya ferry irwandi ironisnya kali hujat kaum indonesiagelap kaumnya ikuti konteksnya kaum kegelapan hujat messiahnya,kabur afumi,PER,9468
8668,mesiah kabur afumi menyusul gurunya ferry irwandi ironisnya kali hujat kaum indonesiagelap kaumnya ikuti konteksnya kaum kegelapan hujat messiahnya,ferry irwandi,PER,9468
8677,kasihan karyawannya kehilangan sumber nafkah pemerintah sediakan lapangan kerja janji gibran juta lapangan kerja omon persis bapaknya gudanggaram indonesiagelap,gibran,PER,9477
8678,mohon investigasi misteri kematian iko juliant junior mahasiswa unnes mengigau pukuli koma kakak kakak kekerasan aparat perhatian pirate bulletin board indonesiagelap polisipembunuhrakyat,iko juliant,PER,9478
8680,kemarin pilih cuek drama blunder jerome polin menghancurkan kelompoknya indonesiagelap mahasewa ormas ngolsm dsb konflik kelompok pecah kelompok diajak berdiskusi jerome,jerome polin,PER,9480
8680,kemarin pilih cuek drama blunder jerome polin menghancurkan kelompoknya indonesiagelap mahasewa ormas ngolsm dsb konflik kelompok pecah kelompok diajak berdiskusi jerome,jerome,PER,9480
8684,perusahaan sekelas phantasy tour gudang garam phk massal dunia kerja ironi rangkap jabatan indonesiagelap,phantasy tour gudang garam,ORG,9486
8688,sepakat kemarahan rakyat akumulasi bebalnya eksekutif yudikatif legislatif eko kuya sahroni sumbu almarhum affanrip memantiknya termul kesadaran utuh indonesiagelap indonesiareset,eko kuya sahroni,PER,9490
8688,sepakat kemarahan rakyat akumulasi bebalnya eksekutif yudikatif legislatif eko kuya sahroni sumbu almarhum affanrip memantiknya termul kesadaran utuh indonesiagelap indonesiareset,affanrip,PER,9490
8691,maaf cak lihat rieke mendukung mencari panggungcitra cewek mengambek potong ambil ambil auh indonesiagelap,cak,PER,9493
8691,maaf cak lihat rieke mendukung mencari panggungcitra cewek mengambek potong ambil ambil auh indonesiagelap,rieke,PER,9493
8697,binasa negara pkh dana rampas akusisi tanah lahan ilegal danai tanam kebun kosong masyarakat bi masyarakat disodialisasikan batas hutan dimana rambu batas hutan indonesiagelap prabowosubianto onepiece,prabowosubianto,PER,9499
8698,polisi polisi diajari video polisi nyamar anggap riza chalid diincar panggil bawahan mafia bikin anarkis bikin polisi lengah riza chalid kabur indonesiagelap,riza chalid,PER,9500
8698,polisi polisi diajari video polisi nyamar anggap riza chalid diincar panggil bawahan mafia bikin anarkis bikin polisi lengah riza chalid kabur indonesiagelap,riza chalid,PER,9500
8713,penyelenggaranegara kekuasaan nkri wajib berintegritas amplifier bersih korupsikolusinepotisme mbah sependapat mbah mundur credit card indonesiagelap,mbah,PER,9515
8713,penyelenggaranegara kekuasaan nkri wajib berintegritas amplifier bersih korupsikolusinepotisme mbah sependapat mbah mundur credit card indonesiagelap,mbah,PER,9515
8715,berduka caught in the act matinya demokrasi indonesiagelap resetindonesia prayforindonesia terima kasih ganya semoga negara tercinta sembuh hyacine,ganya,PER,9517
8718,jokowi wajub ditangkap indonesiagelap resetindonesia,jokowi wajub,PER,9520
8725,thank kakak ize giveawaynya semoga tuntutan dipenuhi semoga ibuprofen pertiwi pulih konflik horizontal tergerak sadar resetindonesia indonesiagelap prayforindonesia,ize giveawaynya,PER,9528
8729,tragedi selidiki indonesiagelap adilijokowi,adilijokowi,PER,9532
